position	song_id	song_name	artist	streams	last_week_position	weeks_on_chart	peak_position	position_status
1	6uFsE1JgZ20EXyU0JQZbUR	Look What You Made Me Do	Taylor Swift	10259213	1	2	1	0
2	5tz69p7tJuGPeMGwNTxYuV	1-800-273-8255	Logic	9911740	5	19	2	3
3	7GX5flRQZVHRAGd6B4TmDO	XO Tour Llif3	Lil Uzi Vert	8642377	2	2	2	-1
4	5eqK0tbzUPo2SoeZsov04s	Bank Account	21 Savage	8510335	4	9	1	0
5	2771LMNxwf62FTAdpJMQfM	Bodak Yellow	Cardi B	8205837	6	7	5	1
6	7zgqtptZvhf8GEmdsM2vp2	...Ready For It?	Taylor Swift	7687420	nan	1	6	new
7	7m9OqQk4RVRkw9JJdeAw96	Jocelyn Flores	XXXTENTACION	7588511	3	2	3	-4
8	5Z3GHaZ6ec9bsiI5BenrbY	Young Dumb & Broke	Khalid	6898110	10	22	8	2
9	3B54sVLJ402zGa6Xm4YGNe	Unforgettable	French Montana	6771094	7	9	1	-2
10	7vGuf3Y35N4wmASOKLUVVU	Silence	Marshmello	6535508	14	4	10	4
11	25C5CowdsfXld2jJanbiex	Sorry Not Sorry	Demi Lovato	6455445	12	9	9	1
12	7AQim7LbvFVZJE3O8TYgf2	Fuck Love (feat. Trippie Redd)	XXXTENTACION	6292552	8	2	8	-4
13	7KXjTSCq5nL1LoYtL7XAwS	HUMBLE.	Kendrick Lamar	5915352	11	23	1	-2
14	2rb5MvYT7ZIxbKW5hfcHx8	Mi Gente	J Balvin	5343572	17	10	8	3
15	0ofbQMrRDsUaVKq2mGLEAb	Havana	Camila Cabello	5334717	20	5	15	5
16	1OAh8uOEOvTDqkKFsKksCi	Wild Thoughts (feat. Rihanna & Bryson Tiller)	DJ Khaled	5298324	13	12	2	-3
17	1yxgsra98r3qAtxqiGZPiX	BUTTERFLY EFFECT	Travis Scott	5242568	19	16	9	2
18	2eAZfqOm4EnOF9VvN50Tyc	The Way Life Goes (feat. Oh Wonder)	Lil Uzi Vert	5147237	9	2	9	-9
19	7nZmah2llfvLDiUjm0kiyz	Friends (with BloodPop®)	Justin Bieber	4952968	16	3	4	-3
20	3a1lNhkSLSkpJE4MSHpDu9	Congratulations	Post Malone	4926912	18	36	5	-2
21	4mxWSdf71VFO52qFeY0fZt	What Lovers Do (feat. SZA)	Maroon 5	4894960	nan	1	21	new
22	5bcTCxgc7xVfSaMV3RuVke	Feels (feat. Pharrell Williams, Katy Perry & Big Sean)	Calvin Harris	4606886	22	11	9	0
23	5CtI0qwDJkDQGwXD1H1cLb	Despacito - Remix	Luis Fonsi	4527664	21	21	1	-2
24	152lZdxL1OR0ZMW6KquMif	Location	Khalid	4525720	26	36	9	2
25	6EpRaXYhGOB3fj4V2uDkMJ	Strip That Down	Liam Payne	4519094	24	16	13	-1
26	6QgjcU0zLnzq5OrUoSZ3OK	Feel It Still	Portugal. The Man	4466706	28	12	20	2
27	0q75NwOoFiARAVp4EXU4Bs	Love Galore (feat. Travis Scott)	SZA	4282628	32	17	24	5
28	3GVkPk8mqxz0itaAriG1L7	Everybody Dies In Their Nightmares	XXXTENTACION	4273712	15	2	15	-13
29	2ekn2ttSfGqwhhate0LSR0	New Rules	Dua Lipa	4232689	30	8	27	1
30	1HTtUBEY3tuw2btgwwI2Ja	I Get The Bag (feat. Migos)	Gucci Mane	4159584	37	3	30	7
31	3DXncPQOG4VBw3QHh3S817	I'm the One (feat. Justin Bieber, Quavo, Chance the Rapper & Lil Wayne)	DJ Khaled	4022124	29	15	2	-2
32	6c7D34787LOtPm8tzhsLgH	Rake It Up	Yo Gotti	4010644	44	9	32	12
33	4iLqG9SeJSnt0cSPICSjxv	Attention	Charlie Puth	3968290	36	20	16	3
34	1e1JKLEDKP7hEQzJfNAgPl	Magnolia	Playboi Carti	3952249	35	20	12	1
35	6gBFPUFcJLzWGx4lenP6h2	goosebumps	Travis Scott	3912288	39	36	16	4
36	7F9vK8hNFMml4GtHsaXui6	Back to You (feat. Bebe Rexha & Digital Farm Animals)	Louis Tomlinson	3909301	33	7	28	-3
37	40oKW22ZNNkEdZLJTScaQI	Roll In Peace (feat. XXXTENTACION)	Kodak Black	3899336	49	3	37	12
38	0CcQNd8CINkwQfe1RDtGV6	Believer	Imagine Dragons	3534089	43	28	11	5
39	79cuOz3SPQTuFrp8WgftAu	There's Nothing Holdin' Me Back	Shawn Mendes	3529944	47	20	29	8
40	6HZILIRieu8S0iqY8kIKhj	DNA.	Kendrick Lamar	3522308	45	21	2	5
41	3HVr6jTVwBHBa2flM0eURR	Glorious (feat. Skylar Grey)	Macklemore	3504618	41	7	30	0
42	3kxfsdsCpFgN412fpnW85Y	Redbone	Childish Gambino	3474049	46	36	9	4
43	0tKcYR2II1VCQWT79i5NrW	Thunder	Imagine Dragons	3467676	51	16	21	8
44	0jdny0dhgjUwoIp5GkqEaA	Praying	Kesha	3410804	42	4	17	-2
45	6H0AwSQ20mo62jGlPGB8S6	It's A Vibe	2 Chainz	3408594	48	19	41	3
46	1wjzFQodRWrPcQ0AnYnvQ9	I Like Me Better	Lauv	3364881	54	14	30	8
47	167NczpNbRF7oWakJaY3Hh	Slow Hands	Niall Horan	3328942	55	18	28	8
48	6SwRhMLwNqEi6alNPVG00n	LOYALTY. FEAT. RIHANNA.	Kendrick Lamar	3321959	50	21	4	2
49	6p8NuHm8uCGnn2Dtbtf7zE	Slippery (feat. Gucci Mane)	Migos	3265090	53	32	21	4
50	1uL78kFWxhz3umTMWJu8n5	Sauce It Up	Lil Uzi Vert	3260677	23	2	23	-27
51	5tRmoZRoupvMYPV1oezFrH	X	Lil Uzi Vert	3160793	31	2	31	-20
52	7mldq42yDuxiUNn08nvzHO	Body Like A Back Road	Sam Hunt	3058763	59	31	15	7
53	5TXDeTFVRVY7Cvt0Dw4vWW	Revenge	XXXTENTACION	3018811	25	2	25	-28
54	6PGoSes0D9eUDeeAafB2As	LOVE. FEAT. ZACARI.	Kendrick Lamar	2910381	66	21	5	12
55	6Q2FftbUG530lCtBI74bMH	Drowning (feat. Kodak Black)	A Boogie Wit da Hoodie	2908163	64	22	28	9
56	3rOSwuTsUlJp0Pu0MkN8r8	Mask Off	Future	2899223	60	29	2	4
57	1QgTBfRN5m81a5K01qens6	444+222	Lil Uzi Vert	2767543	27	2	27	-30
58	7qiZfU4dY1lWllzX7mPBI3	Shape of You	Ed Sheeran	2755141	65	35	1	7
59	5RCfvwDewu6p2x1mEI6smX	The Race	Tay-K	2718638	117	4	59	58
60	3A7qX2QjDlPnazUsRk5y0M	2U (feat. Justin Bieber)	David Guetta	2651942	69	12	8	9
61	0XLOf9LhyazPX9Ld8jPiUq	Fetish (feat. Gucci Mane)	Selena Gomez	2641396	62	7	15	1
62	2nYwV62UABTH0NanrwVIdQ	Perplexing Pegasus	Rae Sremmurd	2610066	70	5	37	8
63	4xBjsLUSjcx2h7PcRikpQp	OMG	Camila Cabello	2597163	75	5	63	12
64	0KKkJNfGyhkQ5aFogxQAPU	That's What I Like	Bruno Mars	2550658	72	36	3	8
65	2OALaHcDdKkjYEpAr0Qzab	Lonely Together (feat. Rita Ora)	Avicii	2486082	71	4	54	6
66	2H3wWrnO758y0fPH7Ilerg	Depression & Obsession	XXXTENTACION	2477054	34	2	34	-32
67	31MkGwj0SWgZaTvEt5Hgxv	What About Us	P!nk	2471311	84	4	67	17
68	2yZax79pOrYuyIFVW2cZY2	Carry On	XXXTENTACION	2447589	38	2	38	-30
69	2EEeOnHehOozLq4aS0n6SL	iSpy (feat. Lil Yachty)	KYLE	2403943	77	36	2	8
70	57p8CBvPOxrvyCbn6ttl5r	Would You Ever	Skrillex	2366487	74	6	52	4
71	0ZiRSqlSsDlY0UyDYU9CTE	Unforgettable	Thomas Rhett	2327173	78	6	58	7
72	7tr2za8SQg2CI8EDgrdtNl	Slide (feat. Frank Ocean & Migos)	Calvin Harris	2318300	81	24	8	9
73	5XQMr19TL7Mfksq9zihbOu	Questions	Chris Brown	2245378	88	3	73	15
74	2UwbhMie1EAYuTZ0QXeMwl	Save Me	XXXTENTACION	2220374	40	2	40	-34
75	25oOaleife6E2MIKmFkPvg	Relationship (feat. Future)	Young Thug	2183401	101	12	75	26
76	5EnYT6F7wEcdege6mDHEfO	Signs	Drake	2180348	82	9	14	6
77	53mrVsi49rLHIaKBiSvElG	do re mi (feat. Gucci Mane)	blackbear	2165317	91	6	70	14
78	7hDc8b7IXETo14hHIHdnhd	Passionfruit	Drake	2164614	93	25	1	15
79	3PEgB3fkiojxms35ntsTgs	More Than You Know	Axwell /\ Ingrosso	2155576	94	6	58	15
80	6kig1UFggPUyZBCvXD3Wod	No Complaints	Metro Boomin	2147612	96	11	39	16
81	4Km5HrUvYTaSUfiSGPJeQR	Bad and Boujee (feat. Lil Uzi Vert)	Migos	2107810	86	36	1	5
82	0dA2Mk56wEzDgegdC6R17g	Stay (with Alessia Cara)	Zedd	2087479	85	28	12	3
83	4ARPvK8DHLwt4oX65ZAFMw	Look At Me!	XXXTENTACION	2083402	97	28	26	14
84	7aF09WaavZAmAWuUeYxlYD	Rich Love (with Seeb)	OneRepublic	2079739	87	8	60	3
85	0SGkqnVQo9KPytSri1H6cF	Bounce Back	Big Sean	2058762	90	36	3	5
86	4Q3N4Ct4zCuIHuZ65E3BD4	Tunnel Vision	Kodak Black	2041957	92	29	5	6
87	6WbADFqMvR8N5u0BvtsWQE	Without You (feat. Sandro Cavazza)	Avicii	2037968	95	4	62	8
88	1WIZiOuNO3woKfdlSK2gNn	Transportin'	Kodak Black	2011406	109	3	88	21
89	5uCax9HTNlzGybIStD3vDh	Say You Won't Let Go	James Arthur	2000409	99	36	15	10
90	7KOlJ92bu51cltsD9KU5I7	T-Shirt	Migos	1994502	98	34	6	8
91	6RUKPb4LETWmmr3iAEQktW	Something Just Like This	The Chainsmokers	1940139	103	29	2	12
92	6gU9OKjOE7ghfEd55oRO57	The Weekend	SZA	1928552	116	8	92	24
93	2ZdCrBA52bb4pIG3tOOZiQ	Dark Queen	Lil Uzi Vert	1916527	68	2	68	-25
94	7zVCrzzEJU7u24sbJPXA5W	What Ifs (feat. Lauren Alaina)	Kane Brown	1909766	113	14	85	19
95	3Q3myFA7q4Op95DOpHplaY	do re mi	blackbear	1899668	100	19	30	5
96	76lgcpdPtw5hHu3A6LuGZe	Small Town Boy	Dustin Lynch	1875437	129	4	90	33
97	1nX9KhK3Fff27SnrIor2Yb	4 AM	2 Chainz	1864342	104	12	22	7
98	0NiXXAI876aGImAd6rTj8w	Mama	Jonas Blue	1855636	111	9	66	13
99	7BKLCZ1jbUBVqRi2FVlTVw	Closer	The Chainsmokers	1852615	107	36	4	8
100	1MJErNPIQUoEMu4YUUmecm	Neon Guts (feat. Pharrell Williams)	Lil Uzi Vert	1847689	58	2	58	-42
101	7i2DJ88J7jQ8K7zqFX2fW8	Now Or Never	Halsey	1847114	102	11	12	1
102	6eUncuJutsFi9BGO1JaBHh	If I'm Lucky	Jason Derulo	1839946	nan	1	102	new
103	7yyRTcZmCiyzzJlNzGC9Ol	Broccoli (feat. Lil Yachty)	DRAM	1831066	112	36	11	9
104	0xG0SHshCStMEyNbNC5d4k	Issues	Julia Michaels	1819279	115	5	73	11
105	5O8x1YlmLQopQHErxtDfi9	UnFazed (feat. The Weeknd)	Lil Uzi Vert	1808667	57	2	57	-48
106	05bnEv2dpFzmGVLGdjD9UP	Orlando	XXXTENTACION	1805969	61	2	61	-45
107	7cGFbx7MP0H23iHZTZpqMM	Everybody	Logic	1785971	137	23	26	30
108	5yuShbu70mtHXY0yLzCQLQ	Go Flex	Post Malone	1780035	127	36	97	19
109	3muBQDekYAg7jm6hDu6R0Z	First Day Out	Tee Grizzley	1760663	136	30	79	27
110	5aAx2yezTd8zXrkmtKl66Z	Starboy	The Weeknd	1739702	138	36	3	28
111	4aWmUDTfIPGksMNLV2rQP2	Despacito (Featuring Daddy Yankee)	Luis Fonsi	1733833	118	33	32	7
112	2RwmsAOxtiRezQPmvyejb8	Ex Calling	6LACK	1731926	114	13	64	2
113	59J5nzL1KniFHnU120dQzt	wokeuplikethis*	Playboi Carti	1726556	120	21	54	7
114	2bjwRfXMk4uRgOD9IBYl9h	Portland	Drake	1716863	128	25	2	14
115	4wdZdkEugVVorAfzqRqC6N	Candy Paint	Post Malone	1713640	141	15	115	26
116	6mapJIPnQ23RTAevUoE0DL	Swang	Rae Sremmurd	1712372	124	36	23	8
117	2vQwlW8H1jFveGNXwZfJCV	Dead Inside (Interlude)	XXXTENTACION	1708015	63	2	63	-54
118	0B8QzDH7YWih85V5SEMnyJ	Money Longer	Lil Uzi Vert	1703226	121	36	73	3
119	343YBumqHu19cGoGARUTsd	Fake Love	Drake	1702613	133	36	2	14
120	4c2W3VKsOFoIg2SFaO6DY5	Your Song	Rita Ora	1699344	134	14	80	14
121	20H2Hd5AkUcRjB4yL3UQtJ	Down	Fifth Harmony	1682069	76	2	76	-45
122	1louJpMmzEicAn7lzDalPW	No Promises (feat. Demi Lovato)	Cheat Codes	1680868	125	23	52	3
123	3NdDpSvN911VPGivFlV5d0	"I Don’t Wanna Live Forever (Fifty Shades Darker) - From ""Fifty Shades Darker (Original Motion Picture Soundtrack)"""	ZAYN	1678681	132	36	3	9
124	0lMbuWUpfTWhEmOKxppEau	Rollin (feat. Future & Khalid)	Calvin Harris	1677273	119	13	16	-5
125	5hTpBe8h35rJ67eAWHQsJx	Caroline	Aminé	1661510	122	6	82	-3
126	2mfUa8bLs2s5N4VaqJZ4lZ	Most Girls	Hailee Steinfeld	1660230	123	19	56	-3
127	1DRW9bQzt2SE8f7H4KJZyL	Sky Walker (feat. Travis Scott)	Miguel	1650411	110	2	110	-17
128	0ESJlaM8CE1jRWaNtwSNj8	beibs in the trap	Travis Scott	1640270	135	35	97	7
129	248OFOZef6ShXv6DGgbnxU	Saved	Khalid	1632183	151	27	129	22
130	6eT7xZZlB2mwyzJ2sUKG6w	White Iverson	Post Malone	1624794	142	36	77	12
131	5bgwqaRSS3M8WHWruHgSL5	8TEEN	Khalid	1622436	145	10	131	14
132	3eR23VReFzcdmS7TYCrhCe	It Ain't Me (with Selena Gomez)	Kygo	1611570	130	28	3	-2
133	3tcoEYOZUHKB3RKNByIN13	For Real	Lil Uzi Vert	1608988	56	2	56	-77
134	65kp3OFn7JXbCvkm3m2Ui2	Two®	Lil Uzi Vert	1603026	52	2	52	-82
135	0qYTZCo5Bwh1nsUFGZP3zn	Felices los 4	Maluma	1600488	143	18	84	8
136	1EaKU4dMbesXXd3BrLCtYG	ELEMENT.	Kendrick Lamar	1598028	139	21	3	3
137	4PzovBqgnSHKd8opsP7IVM	Everyday We Lit (feat. PnB Rock)	YFN Lucci	1590776	144	22	101	7
138	0RYXEibxMami3QuT8kn4Iz	Marmalade (feat. Lil Yachty)	Macklemore	1590137	126	6	74	-12
139	6xHI9KjUjYT0FPtGO8Mxa1	Hurricane	Luke Combs	1558376	149	25	85	10
140	6fwdbPMwP1zVStm8FybmkO	X (feat. Future)	21 Savage	1553529	153	36	17	13
141	4cxMGhkinTocPSVVKWIw0d	Losin Control	Russ	1549737	156	34	75	15
142	6kex4EBAj0WHXDKZMEJaaF	Swalla (feat. Nicki Minaj & Ty Dolla $ign)	Jason Derulo	1541531	146	27	35	4
143	1sCxVKWImDZSZKvG0U9B23	Bad Liar	Selena Gomez	1539886	131	16	8	-12
144	20dP2DaMHIAmwWAbp7peSr	pick up the phone	Young Thug	1521316	147	36	44	3
145	2jYmK1cb3Uya6FFsocdpzO	Why	Sabrina Carpenter	1509797	150	6	115	5
146	0v9Wz8o0BT8DU38R4ddjeH	No Problem (feat. Lil Wayne & 2 Chainz)	Chance the Rapper	1501980	154	36	24	8
147	62vpWI1CHwFy7tMIcSStl8	No Role Modelz	J. Cole	1501742	160	36	71	13
148	0QV16pno66L6K3fn4W13b7	No Sleep Leak	Lil Uzi Vert	1496375	67	2	67	-81
149	4dVpf9jZjcORqGTLUaeYj9	Plain Jane	A$AP Ferg	1481779	159	2	149	10
150	0AICBlLzFCTpUqmAbtzB2z	Love Scars	Trippie Redd	1478508	nan	1	150	new
151	0w3Q14i073jLoew1hgJkwD	Heartache On The Dance Floor	Jon Pardi	1461541	163	10	123	12
152	1xznGGDReH1oQq0xzbwXa3	One Dance	Drake	1453014	157	36	13	5
153	2wf9bp4MkChojtljddWpbO	PRBLMS	6LACK	1450624	155	31	100	2
154	05nbZ1xxVNwUTcGwLbp7CN	Myself	NAV	1449120	161	19	99	7
155	5Y3Tj0wJhKAaPbwWxXxZGS	Feelings Mutual	Lil Uzi Vert	1446113	73	2	73	-82
156	4pdgV8qr9Oytcv6thCdiIZ	RAF	A$AP Mob	1445297	108	2	108	-48
157	6R6ihJhRbgu7JxJKIbW57w	Provider	Frank Ocean	1431099	nan	1	157	new
158	2ANLarE8yHVsLWW21nj79M	You Was Right	Lil Uzi Vert	1428245	148	36	28	-10
159	1CKd1PnqfYx0H12V9MSaIY	Get Low (with Liam Payne)	Zedd	1416691	158	9	51	-1
160	6foxplXS0YEq8cO374Lty4	Gucci Gang	Lil Pump	1415189	nan	1	160	new
161	56kXYt4KRoUq3rzkPdjquB	Audi.	Smokepurpp	1406142	186	10	132	25
162	74ODGXs4byLTRdnKGM4s6E	Super Far	LANY	1394685	172	9	117	10
163	5xbrhx2tMMcN68IT3cJbhS	Ayala (Outro)	XXXTENTACION	1392539	79	2	79	-84
164	3pndPhlQWjuSoXhcIIdBjv	What They Want	Russ	1385944	165	36	117	1
165	3zoYkqS4y2BsGVShPL2nTE	Reggaetón Lento (Remix)	CNCO	1382546	180	2	165	15
166	0pSBuHjILhNEo55xK1zrRt	Rolex	Ayo & Teo	1379102	167	31	37	1
167	6zLdXcmvIxnAXpz9sXFnIE	Craving You	Thomas Rhett	1371984	168	15	66	1
168	6UjfByV1lDLW0SOVQA4NAi	Gyalchester	Drake	1371115	181	25	6	13
169	2cnKEkpVUSV4wnjQiTWfH6	Escápate Conmigo	Wisin	1370652	169	13	115	0
170	0utlOiJy2weVl9WTkcEWHy	Neighbors	J. Cole	1368789	179	34	37	9
171	0OlS52TmtK2gPaEtdmr7DN	No Such Thing as a Broken Heart	Old Dominion	1367063	166	2	166	-5
172	6De0lHrwBfPfrhorm9q1Xl	Me Rehúso	Danny Ocean	1352903	164	7	164	-8
173	0bXFIF7iL17TYLyx8JHziM	Patty Cake	Kodak Black	1349114	183	19	139	10
174	1mMLMZYXkMueg65jRRWG1l	When It Rains It Pours	Luke Combs	1346563	176	4	148	2
175	2habSXqcJGExM6JJyskY7O	Malibu	Miley Cyrus	1337855	152	17	7	-23
176	10M2Ex445zw585Ducldzkw	In Case You Didn't Know	Brett Young	1334634	188	24	102	12
177	15EPc80XuFrb2LmOzGjuRg	Crew (feat. Brent Faiyaz & Shy Glizzy)	GoldLink	1332985	187	7	149	10
178	4CHp6dRZTeFAu4bSOxfH7Y	Boss	Lil Pump	1322546	191	3	178	13
179	5de7ci7TFqbQ1PFgKAD7MR	Horses (with PnB Rock, Kodak Black & A Boogie Wit da Hoodie)	PnB Rock	1313566	182	20	120	3
180	2Es3LsoQwFJNfpQYRWxfS9	Tu Sabes Que Te Quiero	Chucho Flash	1298147	nan	1	180	new
181	5GXAXm5YOmYT0kL5jHvYBt	I Feel It Coming	The Weeknd	1287512	195	36	10	14
182	0G149jkGWKwrPXUGkEDgWM	Numb	21 Savage	1285996	170	9	42	-12
183	0iTCmKvuU1ReULiQB0rI7n	Tone It Down (feat. Chris Brown)	Gucci Mane	1280242	178	8	108	-5
184	37F0uwRSrdzkBiuj0D5UHI	Reminder	The Weeknd	1262495	171	31	69	-13
185	3pXF1nA74528Edde4of9CC	Don't	Bryson Tiller	1250811	nan	35	82	re-enter
186	14nAQy3fHVzDb7LKxpS7Ld	Pretty Mami	Lil Uzi Vert	1249426	80	2	80	-106
187	3CbZJbqh43varroTwUlwSB	D Rose	Lil Pump	1243813	nan	2	187	re-enter
188	3Ytr1SUCUi6J3L9dRFx5iH	Know No Better (feat. Travis Scott, Camila Cabello & Quavo)	Major Lazer	1227449	189	14	36	1
189	6jA8HL9i4QGzsj6fjoxp8Y	There for You	Martin Garrix	1225935	177	15	32	-12
190	6875MeXyCW0wLyT72Eetmo	Starving	Hailee Steinfeld	1222388	192	2	190	2
191	2NyrXRn4tancYPW6JwtTl2	From The D To The A (feat. Lil Yachty)	Tee Grizzley	1220187	nan	24	100	re-enter
192	3kkObn08oHrNmCFHSNR0jD	Flex Like Ouu	Lil Pump	1214802	nan	10	138	re-enter
193	6yr8GiTHWvFfi4o6Q5ebdT	'Till I Collapse	Eminem	1212162	198	20	155	5
194	7EiZI6JVHllARrX9PUvAdX	Low Life (feat. The Weeknd)	Future	1208654	nan	35	59	re-enter
195	7zxRMhXxJMQCeDDg0rKAVo	Some Way	NAV	1203129	199	25	87	4
196	6mORGLOz79w6VsCRLWYYuK	The Night We Met	Lord Huron	1201410	nan	21	48	re-enter
197	34oWbFBfGEElvgO0a5c9V4	No Flockin'	Kodak Black	1199156	nan	29	90	re-enter
198	43PuMrRfbyyuz4QpZ3oAwN	Exchange	Bryson Tiller	1194485	nan	35	84	re-enter
199	6b8Be6ljOzmkOmFslEb23P	24K Magic	Bruno Mars	1191248	173	36	14	-26
200	312WNtMs3F28cUukaPY9bo	American Teen	Khalid	1184044	nan	2	180	re-enter
