position	song_id	song_name	artist	streams	last_week_position	weeks_on_chart	peak_position	position_status
1	5eqK0tbzUPo2SoeZsov04s	Bank Account	21 Savage	8174720	1	6	1	0
2	3B54sVLJ402zGa6Xm4YGNe	Unforgettable	French Montana	7785427	3	6	1	1
3	2eMwDehkIC1j68U6FA3Eiq	XO TOUR Llif3	Lil Uzi Vert	7630397	2	21	2	-1
4	1OAh8uOEOvTDqkKFsKksCi	Wild Thoughts (feat. Rihanna & Bryson Tiller)	DJ Khaled	6971940	4	9	2	0
5	5CtI0qwDJkDQGwXD1H1cLb	Despacito - Remix	Luis Fonsi	6624185	5	18	1	0
6	7KXjTSCq5nL1LoYtL7XAwS	HUMBLE.	Kendrick Lamar	6226986	6	20	1	0
7	3DXncPQOG4VBw3QHh3S817	I'm the One (feat. Justin Bieber, Quavo, Chance the Rapper & Lil Wayne)	DJ Khaled	5696920	7	12	2	0
8	2rb5MvYT7ZIxbKW5hfcHx8	Mi Gente	J Balvin	5650429	8	7	8	0
9	25C5CowdsfXld2jJanbiex	Sorry Not Sorry	Demi Lovato	5292303	11	6	9	2
10	3a1lNhkSLSkpJE4MSHpDu9	Congratulations	Post Malone	5256395	10	33	5	0
11	2771LMNxwf62FTAdpJMQfM	Bodak Yellow	Cardi B	5226017	21	4	11	10
12	5Z3GHaZ6ec9bsiI5BenrbY	Young Dumb & Broke	Khalid	5049970	17	19	12	5
13	6EpRaXYhGOB3fj4V2uDkMJ	Strip That Down	Liam Payne	5011841	13	13	13	0
14	5bcTCxgc7xVfSaMV3RuVke	Feels (feat. Pharrell Williams, Katy Perry & Big Sean)	Calvin Harris	4968755	12	8	9	-2
15	1yxgsra98r3qAtxqiGZPiX	BUTTERFLY EFFECT	Travis Scott	4917246	9	13	9	-6
16	152lZdxL1OR0ZMW6KquMif	Location	Khalid	4914628	14	33	9	-2
17	0jdny0dhgjUwoIp5GkqEaA	Praying	Kesha	4723951	nan	1	17	new
18	3kxfsdsCpFgN412fpnW85Y	Redbone	Childish Gambino	4695769	15	33	9	-3
19	7vGuf3Y35N4wmASOKLUVVU	Silence	Marshmello	4626716	nan	1	19	new
20	4iLqG9SeJSnt0cSPICSjxv	Attention	Charlie Puth	4361207	16	17	16	-4
21	5tz69p7tJuGPeMGwNTxYuV	1-800-273-8255	Logic	4140975	20	16	7	-1
22	0CcQNd8CINkwQfe1RDtGV6	Believer	Imagine Dragons	4058131	18	25	11	-4
23	6QgjcU0zLnzq5OrUoSZ3OK	Feel It Still	Portugal. The Man	4010416	29	9	23	6
24	1e1JKLEDKP7hEQzJfNAgPl	Magnolia	Playboi Carti	4010269	26	17	12	2
25	6gBFPUFcJLzWGx4lenP6h2	goosebumps	Travis Scott	3970238	24	33	16	-1
26	0q75NwOoFiARAVp4EXU4Bs	Love Galore (feat. Travis Scott)	SZA	3956828	27	14	26	1
27	6p8NuHm8uCGnn2Dtbtf7zE	Slippery (feat. Gucci Mane)	Migos	3882840	23	29	21	-4
28	6HZILIRieu8S0iqY8kIKhj	DNA.	Kendrick Lamar	3855926	22	18	2	-6
29	7F9vK8hNFMml4GtHsaXui6	Back to You (feat. Bebe Rexha & Digital Farm Animals)	Louis Tomlinson	3801459	32	4	29	3
30	7mldq42yDuxiUNn08nvzHO	Body Like A Back Road	Sam Hunt	3760335	19	28	15	-11
31	3HVr6jTVwBHBa2flM0eURR	Glorious (feat. Skylar Grey)	Macklemore	3727083	30	4	30	-1
32	3A7qX2QjDlPnazUsRk5y0M	2U (feat. Justin Bieber)	David Guetta	3686669	25	9	8	-7
33	2ekn2ttSfGqwhhate0LSR0	New Rules	Dua Lipa	3613818	38	5	33	5
34	167NczpNbRF7oWakJaY3Hh	Slow Hands	Niall Horan	3598388	31	15	28	-3
35	0XLOf9LhyazPX9Ld8jPiUq	Fetish (feat. Gucci Mane)	Selena Gomez	3586649	28	4	15	-7
36	0tKcYR2II1VCQWT79i5NrW	Thunder	Imagine Dragons	3532156	33	13	21	-3
37	3rOSwuTsUlJp0Pu0MkN8r8	Mask Off	Future	3494771	35	26	2	-2
38	7tr2za8SQg2CI8EDgrdtNl	Slide (feat. Frank Ocean & Migos)	Calvin Harris	3402034	36	21	8	-2
39	0KKkJNfGyhkQ5aFogxQAPU	That's What I Like	Bruno Mars	3378141	39	33	3	0
40	1wjzFQodRWrPcQ0AnYnvQ9	I Like Me Better	Lauv	3300228	41	11	30	1
41	79cuOz3SPQTuFrp8WgftAu	There's Nothing Holdin' Me Back	Shawn Mendes	3297704	40	17	29	-1
42	6PGoSes0D9eUDeeAafB2As	LOVE. FEAT. ZACARI.	Kendrick Lamar	3289301	43	18	5	1
43	6SwRhMLwNqEi6alNPVG00n	LOYALTY. FEAT. RIHANNA.	Kendrick Lamar	3268875	44	18	4	1
44	6H0AwSQ20mo62jGlPGB8S6	It's A Vibe	2 Chainz	3263522	45	16	41	1
45	6c7D34787LOtPm8tzhsLgH	Rake It Up	Yo Gotti	3189308	51	6	45	6
46	2nYwV62UABTH0NanrwVIdQ	Perplexing Pegasus	Rae Sremmurd	3186548	37	2	37	-9
47	6Q2FftbUG530lCtBI74bMH	Drowning (feat. Kodak Black)	A Boogie Wit da Hoodie	3173574	47	19	28	0
48	7qiZfU4dY1lWllzX7mPBI3	Shape of You	Ed Sheeran	3168076	46	32	1	-2
49	5EnYT6F7wEcdege6mDHEfO	Signs	Drake	3042602	42	6	14	-7
50	1nX9KhK3Fff27SnrIor2Yb	4 AM	2 Chainz	2865754	53	9	22	3
51	0ofbQMrRDsUaVKq2mGLEAb	Havana	Camila Cabello	2836984	130	2	51	79
52	0dA2Mk56wEzDgegdC6R17g	Stay (with Alessia Cara)	Zedd	2537793	52	25	12	0
53	7hDc8b7IXETo14hHIHdnhd	Passionfruit	Drake	2482189	54	22	1	1
54	7i2DJ88J7jQ8K7zqFX2fW8	Now Or Never	Halsey	2477813	48	8	12	-6
55	2EEeOnHehOozLq4aS0n6SL	iSpy (feat. Lil Yachty)	KYLE	2477108	55	33	2	0
56	57p8CBvPOxrvyCbn6ttl5r	Would You Ever	Skrillex	2421088	72	3	56	16
57	1sCxVKWImDZSZKvG0U9B23	Bad Liar	Selena Gomez	2394511	50	13	8	-7
58	2OALaHcDdKkjYEpAr0Qzab	Lonely Together (feat. Rita Ora)	Avicii	2388289	nan	1	58	new
59	6kig1UFggPUyZBCvXD3Wod	No Complaints	Metro Boomin	2381708	56	8	39	-3
60	0lMbuWUpfTWhEmOKxppEau	Rollin (feat. Future & Khalid)	Calvin Harris	2295036	49	10	16	-11
61	2mfUa8bLs2s5N4VaqJZ4lZ	Most Girls	Hailee Steinfeld	2251534	57	16	56	-4
62	3PEgB3fkiojxms35ntsTgs	More Than You Know	Axwell /\ Ingrosso	2188562	58	3	58	-4
63	6RUKPb4LETWmmr3iAEQktW	Something Just Like This	The Chainsmokers	2184255	59	26	2	-4
64	7aF09WaavZAmAWuUeYxlYD	Rich Love (with Seeb)	OneRepublic	2119094	60	5	60	-4
65	0SGkqnVQo9KPytSri1H6cF	Bounce Back	Big Sean	2111877	62	33	3	-3
66	4Km5HrUvYTaSUfiSGPJeQR	Bad and Boujee (feat. Lil Uzi Vert)	Migos	2088214	65	33	1	-1
67	0ZiRSqlSsDlY0UyDYU9CTE	Unforgettable	Thomas Rhett	2040444	116	3	67	49
68	5uCax9HTNlzGybIStD3vDh	Say You Won't Let Go	James Arthur	2036303	66	33	15	-2
69	4Q3N4Ct4zCuIHuZ65E3BD4	Tunnel Vision	Kodak Black	2024498	70	26	5	1
70	6WbADFqMvR8N5u0BvtsWQE	Without You (feat. Sandro Cavazza)	Avicii	2016784	nan	1	70	new
71	4xBjsLUSjcx2h7PcRikpQp	OMG	Camila Cabello	2012349	92	2	71	21
72	7BKLCZ1jbUBVqRi2FVlTVw	Closer	The Chainsmokers	2003552	68	33	4	-4
73	3Q3myFA7q4Op95DOpHplaY	do re mi	blackbear	1992250	71	16	30	-2
74	6jA8HL9i4QGzsj6fjoxp8Y	There for You	Martin Garrix	1981093	63	12	32	-11
75	53mrVsi49rLHIaKBiSvElG	do re mi (feat. Gucci Mane)	blackbear	1960457	94	3	75	19
76	59J5nzL1KniFHnU120dQzt	wokeuplikethis*	Playboi Carti	1942038	79	18	54	3
77	0xG0SHshCStMEyNbNC5d4k	Issues	Julia Michaels	1940632	73	2	73	-4
78	0RYXEibxMami3QuT8kn4Iz	Marmalade (feat. Lil Yachty)	Macklemore	1937558	148	3	78	70
79	4aWmUDTfIPGksMNLV2rQP2	Despacito (Featuring Daddy Yankee)	Luis Fonsi	1926922	67	30	32	-12
80	2RwmsAOxtiRezQPmvyejb8	Ex Calling	6LACK	1926349	64	10	64	-16
81	0NiXXAI876aGImAd6rTj8w	Mama	Jonas Blue	1898884	74	6	66	-7
82	0G149jkGWKwrPXUGkEDgWM	Numb	21 Savage	1888992	80	6	42	-2
83	6mapJIPnQ23RTAevUoE0DL	Swang	Rae Sremmurd	1887926	77	33	23	-6
84	7KOlJ92bu51cltsD9KU5I7	T-Shirt	Migos	1886770	81	31	6	-3
85	2bjwRfXMk4uRgOD9IBYl9h	Portland	Drake	1885837	76	22	2	-9
86	1louJpMmzEicAn7lzDalPW	No Promises (feat. Demi Lovato)	Cheat Codes	1852225	85	20	52	-1
87	7yyRTcZmCiyzzJlNzGC9Ol	Broccoli (feat. Lil Yachty)	DRAM	1834994	86	33	11	-1
88	5hTpBe8h35rJ67eAWHQsJx	Caroline	Aminé	1827640	84	3	82	-4
89	3eR23VReFzcdmS7TYCrhCe	It Ain't Me (with Selena Gomez)	Kygo	1776355	83	25	3	-6
90	76lgcpdPtw5hHu3A6LuGZe	Small Town Boy	Dustin Lynch	1767240	nan	1	90	new
91	7zVCrzzEJU7u24sbJPXA5W	What Ifs (feat. Lauren Alaina)	Kane Brown	1740401	90	11	90	-1
92	343YBumqHu19cGoGARUTsd	Fake Love	Drake	1736485	91	33	2	-1
93	5aAx2yezTd8zXrkmtKl66Z	Starboy	The Weeknd	1735814	96	33	3	3
94	7LEydI5NfjY6mZfKwYIptZ	Down	Fifth Harmony	1735485	78	11	50	-16
95	1EaKU4dMbesXXd3BrLCtYG	ELEMENT.	Kendrick Lamar	1733936	88	18	3	-7
96	4c2W3VKsOFoIg2SFaO6DY5	Your Song	Rita Ora	1732990	89	11	80	-7
97	6kex4EBAj0WHXDKZMEJaaF	Swalla (feat. Nicki Minaj & Ty Dolla $ign)	Jason Derulo	1732897	87	24	35	-10
98	0qYTZCo5Bwh1nsUFGZP3zn	Felices los 4	Maluma	1718433	97	15	84	-1
99	4ARPvK8DHLwt4oX65ZAFMw	Look At Me!	XXXTENTACION	1688869	93	25	26	-6
100	3Ytr1SUCUi6J3L9dRFx5iH	Know No Better (feat. Travis Scott, Camila Cabello & Quavo)	Major Lazer	1651712	61	11	36	-39
101	4PzovBqgnSHKd8opsP7IVM	Everyday We Lit (feat. PnB Rock)	YFN Lucci	1648606	112	19	101	11
102	25oOaleife6E2MIKmFkPvg	Relationship (feat. Future)	Young Thug	1641711	102	9	80	0
103	3muBQDekYAg7jm6hDu6R0Z	First Day Out	Tee Grizzley	1638768	95	27	79	-8
104	5yuShbu70mtHXY0yLzCQLQ	Go Flex	Post Malone	1637886	101	33	97	-3
105	20dP2DaMHIAmwWAbp7peSr	pick up the phone	Young Thug	1632755	99	33	44	-6
106	6eT7xZZlB2mwyzJ2sUKG6w	White Iverson	Post Malone	1632361	100	33	77	-6
107	6xHI9KjUjYT0FPtGO8Mxa1	Hurricane	Luke Combs	1622607	110	22	85	3
108	1g1TeDflB6atAy7HKwrzXu	Learn To Let Go	Kesha	1621509	nan	1	108	new
109	31MkGwj0SWgZaTvEt5Hgxv	What About Us	P!nk	1592013	nan	1	109	new
110	0ESJlaM8CE1jRWaNtwSNj8	beibs in the trap	Travis Scott	1580560	109	32	97	-1
111	2XaInsPPUkZRkY4uFJ3AHK	Met Gala (feat. Offset)	Gucci Mane	1577580	82	12	54	-29
112	0v9Wz8o0BT8DU38R4ddjeH	No Problem (feat. Lil Wayne & 2 Chainz)	Chance the Rapper	1572291	104	33	24	-8
113	4cxMGhkinTocPSVVKWIw0d	Losin Control	Russ	1553631	105	31	75	-8
114	6gU9OKjOE7ghfEd55oRO57	The Weekend	SZA	1544741	114	5	114	0
115	2jYmK1cb3Uya6FFsocdpzO	Why	Sabrina Carpenter	1540018	125	3	115	10
116	1JuChOEPH0Rceq573FGQSK	Hymn	Kesha	1538509	nan	1	116	new
117	7F1LWA9sIlTorHUo4amGqk	Reminder - Remix	The Weeknd	1532642	75	2	75	-42
118	0pSBuHjILhNEo55xK1zrRt	Rolex	Ayo & Teo	1530120	111	28	37	-7
119	0B8QzDH7YWih85V5SEMnyJ	Money Longer	Lil Uzi Vert	1526873	115	33	73	-4
120	2habSXqcJGExM6JJyskY7O	Malibu	Miley Cyrus	1516976	107	14	7	-13
121	2wf9bp4MkChojtljddWpbO	PRBLMS	6LACK	1509862	117	28	100	-4
122	1xznGGDReH1oQq0xzbwXa3	One Dance	Drake	1496577	118	33	13	-4
123	6fwdbPMwP1zVStm8FybmkO	X (feat. Future)	21 Savage	1494923	119	33	17	-4
124	62vpWI1CHwFy7tMIcSStl8	No Role Modelz	J. Cole	1487483	121	33	71	-3
125	4wdZdkEugVVorAfzqRqC6N	Candy Paint	Post Malone	1482236	123	12	122	-2
126	6zLdXcmvIxnAXpz9sXFnIE	Craving You	Thomas Rhett	1474402	106	12	66	-20
127	1kJtfldK9F7XmsSiSNlbth	Woman (feat. The Dap-Kings Horns)	Kesha	1467381	nan	1	127	new
128	0w3Q14i073jLoew1hgJkwD	Heartache On The Dance Floor	Jon Pardi	1466242	133	7	128	5
129	3NdDpSvN911VPGivFlV5d0	"I Don’t Wanna Live Forever (Fifty Shades Darker) - From ""Fifty Shades Darker (Original Motion Picture Soundtrack)"""	ZAYN	1465434	120	33	3	-9
130	21yRtB6B8EMounImAfHRCP	Who Dat Boy (feat. A$AP Rocky)	Tyler, The Creator	1432427	108	4	47	-22
131	2cnKEkpVUSV4wnjQiTWfH6	Escápate Conmigo	Wisin	1431732	124	10	115	-7
132	6UjfByV1lDLW0SOVQA4NAi	Gyalchester	Drake	1414377	122	22	6	-10
133	1CKd1PnqfYx0H12V9MSaIY	Get Low (with Liam Payne)	Zedd	1400682	129	6	51	-4
134	3pndPhlQWjuSoXhcIIdBjv	What They Want	Russ	1398240	127	33	117	-7
135	6kl1qtQXQsFiIWRBK24Cfp	RAF	A$AP Mob	1395840	131	6	131	-4
136	0utlOiJy2weVl9WTkcEWHy	Neighbors	J. Cole	1390917	126	31	37	-10
137	248OFOZef6ShXv6DGgbnxU	Saved	Khalid	1383637	139	24	137	2
138	10M2Ex445zw585Ducldzkw	In Case You Didn't Know	Brett Young	1381706	134	21	102	-4
139	56kXYt4KRoUq3rzkPdjquB	Audi.	Smokepurpp	1380239	135	7	132	-4
140	1839RWzPRZCVgvamu4sHSN	All My Love (feat. Conor Maynard)	Cash Cash	1374376	113	4	113	-27
141	74ODGXs4byLTRdnKGM4s6E	Super Far	LANY	1369663	128	6	117	-13
142	05nbZ1xxVNwUTcGwLbp7CN	Myself	NAV	1354965	136	16	99	-6
143	0iTCmKvuU1ReULiQB0rI7n	Tone It Down (feat. Chris Brown)	Gucci Mane	1337878	138	5	108	-5
144	2ANLarE8yHVsLWW21nj79M	You Was Right	Lil Uzi Vert	1324153	137	33	28	-7
145	3sJHkcxojoJD2Ytbo1yLLF	Two High	Moon Taxi	1320987	143	8	122	-2
146	6b8Be6ljOzmkOmFslEb23P	24K Magic	Bruno Mars	1315723	144	33	14	-2
147	5bgwqaRSS3M8WHWruHgSL5	8TEEN	Khalid	1313174	152	7	147	5
148	5GXAXm5YOmYT0kL5jHvYBt	I Feel It Coming	The Weeknd	1308029	140	33	10	-8
149	6PCUP3dWmTjcTtXY02oFdT	Castle on the Hill	Ed Sheeran	1299119	142	32	4	-7
150	33z5crv3IO5U2BOi8xod92	Something New (feat. Ty Dolla $ign)	Wiz Khalifa	1294368	nan	1	150	new
151	6RFGykMl5wP1gMPccCY9oB	Dance with the Devil	Gucci Mane	1292429	nan	1	151	new
152	5de7ci7TFqbQ1PFgKAD7MR	Horses (with PnB Rock, Kodak Black & A Boogie Wit da Hoodie)	PnB Rock	1276536	151	17	120	-1
153	1qOLh0tI7trd1zdDKxYZTe	Starving	Hailee Steinfeld	1274914	147	33	18	-6
154	7EiZI6JVHllARrX9PUvAdX	Low Life (feat. The Weeknd)	Future	1264662	150	33	59	-4
155	72jbDTw1piOOj770jWNeaG	Paris	The Chainsmokers	1261481	146	31	4	-9
156	37F0uwRSrdzkBiuj0D5UHI	Reminder	The Weeknd	1254867	145	28	69	-11
157	15EPc80XuFrb2LmOzGjuRg	Crew (feat. Brent Faiyaz & Shy Glizzy)	GoldLink	1254428	160	4	157	3
158	1JupdHkhDzE4XtrFFe9w6o	No Such Thing as a Broken Heart	Old Dominion	1252334	165	4	158	7
159	6fujklziTHa8uoM5OQSfIo	Black Beatles	Rae Sremmurd	1240226	149	33	5	-10
160	6mORGLOz79w6VsCRLWYYuK	The Night We Met	Lord Huron	1239329	154	19	48	-6
161	43PuMrRfbyyuz4QpZ3oAwN	Exchange	Bryson Tiller	1236450	156	33	84	-5
162	3pXF1nA74528Edde4of9CC	Don't	Bryson Tiller	1232440	159	33	82	-3
163	5GG3knKdxKWrNboRijxeKF	Run Me Dry	Bryson Tiller	1227144	167	12	65	4
164	5RCfvwDewu6p2x1mEI6smX	The Race	Tay-K	1220537	nan	1	164	new
165	2NyrXRn4tancYPW6JwtTl2	From The D To The A (feat. Lil Yachty)	Tee Grizzley	1215209	158	22	100	-7
166	0QsvXIfqM0zZoerQfsI9lm	Don't Let Me Down	The Chainsmokers	1205586	155	33	43	-11
167	1nxufatvWIGPPBtPACXzu8	Let 'Em Talk (feat. Eagles of Death Metal)	Kesha	1202702	nan	1	167	new
168	6yr8GiTHWvFfi4o6Q5ebdT	'Till I Collapse	Eminem	1199823	166	17	155	-2
169	7KA4W4McWYRpgf0fWsJZWB	See You Again (feat. Kali Uchis)	Tyler, The Creator	1198136	132	4	55	-37
170	3I7krC8kr0gFR7P6vInR1I	Do I Make You Wanna	Billy Currington	1197482	162	3	155	-8
171	7zxRMhXxJMQCeDDg0rKAVo	Some Way	NAV	1195443	163	22	87	-8
172	1NDxZ7cFAo481dtYWdrUnR	Pretty Girl - Cheat Codes X CADE Remix	Maggie Lindemann	1194391	98	20	67	-74
173	5Ohxk2dO5COHF1krpoPigN	Sign of the Times	Harry Styles	1178457	153	19	16	-20
174	1x5sYLZiu9r5E43kMlt9f8	Symphony (feat. Zara Larsson)	Clean Bandit	1176560	161	22	48	-13
175	1SJtlNRJDeYHioymcvsqev	Crying in the Club	Camila Cabello	1169366	69	13	48	-106
176	4gmmRb6bZJffOOiww1JGTO	No Heart	21 Savage	1165794	164	33	20	-12
177	2Tuc96S4JToUiQSLW3aMec	Rainbow	Kesha	1158172	nan	1	177	new
178	09KlDlkOYuC5x6hOaM7vaP	Angel	Fifth Harmony	1157188	nan	1	178	new
179	0bXFIF7iL17TYLyx8JHziM	Patty Cake	Kodak Black	1156574	200	16	139	21
180	34oWbFBfGEElvgO0a5c9V4	No Flockin'	Kodak Black	1154461	173	27	90	-7
181	0Fv5N0cHBsl4bzCbollCAS	Moves	Big Sean	1154320	169	33	10	-12
182	7cGFbx7MP0H23iHZTZpqMM	Everybody	Logic	1145399	178	20	26	-4
183	6De0lHrwBfPfrhorm9q1Xl	Me Rehúso	Danny Ocean	1145208	176	4	176	-7
184	4bEcoz1OcfMgUbp2ft8ieQ	911 / Mr. Lonely (feat. Frank Ocean & Steve Lacy)	Tyler, The Creator	1140181	141	4	61	-43
185	5uDASfU19gDxSjW8cnCaBp	Chill Bill (feat. J. Davi$ & Spooks)	Rob $tone	1139738	175	32	19	-10
186	4QeBlVCl2KzUEcQZiuskRd	Sway (feat. Quavo & Lil Yachty)	NexXthursday	1123414	180	3	175	-6
187	2aksifNn5ph8igDOkPBA02	Love On The Brain	Rihanna	1118166	181	32	39	-6
188	6JjEVlMkfHWMeYavkEYzNO	Gassed Up	Nebu Kiniza	1118075	182	23	77	-6
189	0afhq8XCExXpqazXczTSve	Galway Girl	Ed Sheeran	1106449	192	23	7	3
190	3E2Zh20GDCR9B1EYjfXWyv	Weak	AJR	1105209	174	31	30	-16
191	0tgVpDi06FyKpA1z0VMD4v	Perfect	Ed Sheeran	1104893	195	16	15	4
192	2xbI8Vmyv3TkpTdywpPyNw	Selfish	PnB Rock	1104322	177	33	47	-15
193	5qbcsZMwL0x46sX7VO37Ye	Up	NAV	1104043	172	17	74	-21
194	1mMLMZYXkMueg65jRRWG1l	When It Rains It Pours	Luke Combs	1101646	nan	1	194	new
195	76Y0gxtTxN0FyDCYh5qYQj	Get Right Witcha	Migos	1098650	189	28	33	-6
196	5Z01UMMf7V1o0MzF86s6WJ	"Lose Yourself - From ""8 Mile"" Soundtrack"	Eminem	1095141	190	13	162	-6
197	5C6uh95eAL0RBTSGXKQwvk	Hometown Girl	Josh Turner	1093065	186	7	149	-11
198	6AGON2BGdPmPMJGiiNuuwl	Immortal	J. Cole	1084895	nan	10	50	re-enter
199	0BCy325UZyR9z0t0uxwn2N	H.O.L.Y.	Florida Georgia Line	1081046	185	12	164	-14
200	1HOUzEsetdIPSpAgRPhZQt	Nobody Else but You	Trey Songz	1079990	188	8	177	-12
