position	song_id	song_name	artist	streams	last_week_position	weeks_on_chart	peak_position	position_status
1	7KXjTSCq5nL1LoYtL7XAwS	HUMBLE.	Kendrick Lamar	15584467	nan	1	1	new
2	3rOSwuTsUlJp0Pu0MkN8r8	Mask Off	Future	11297804	2	7	2	0
3	7hDc8b7IXETo14hHIHdnhd	Passionfruit	Drake	10541634	1	3	1	-2
4	7qiZfU4dY1lWllzX7mPBI3	Shape of You	Ed Sheeran	9140563	3	13	1	-1
5	2eMwDehkIC1j68U6FA3Eiq	XO TOUR Llif3	Lil Uzi Vert	8342003	26	2	5	21
6	2EEeOnHehOozLq4aS0n6SL	iSpy (feat. Lil Yachty)	KYLE	8239581	5	14	2	-1
7	0KKkJNfGyhkQ5aFogxQAPU	That's What I Like	Bruno Mars	8197761	6	14	3	-1
8	2bjwRfXMk4uRgOD9IBYl9h	Portland	Drake	8110027	4	3	2	-4
9	4Q3N4Ct4zCuIHuZ65E3BD4	Tunnel Vision	Kodak Black	7749323	8	7	5	-1
10	152lZdxL1OR0ZMW6KquMif	Location	Khalid	6492464	17	14	10	7
11	3a1lNhkSLSkpJE4MSHpDu9	Congratulations	Post Malone	6464537	13	14	8	2
12	0dA2Mk56wEzDgegdC6R17g	Stay (with Alessia Cara)	Zedd	6318389	12	6	12	0
13	3eR23VReFzcdmS7TYCrhCe	It Ain't Me (with Selena Gomez)	Kygo	6202032	14	7	3	1
14	6RUKPb4LETWmmr3iAEQktW	Something Just Like This	The Chainsmokers	5952205	16	7	2	2
15	6UjfByV1lDLW0SOVQA4NAi	Gyalchester	Drake	5638624	7	3	6	-8
16	7tr2za8SQg2CI8EDgrdtNl	Slide (feat. Frank Ocean & Migos)	Calvin Harris	5632811	20	6	9	4
17	1sXUWdKx03aP9Gmzft58rt	Issues	Julia Michaels	5328764	18	12	11	1
18	0SGkqnVQo9KPytSri1H6cF	Bounce Back	Big Sean	5244525	22	14	3	4
19	343YBumqHu19cGoGARUTsd	Fake Love	Drake	5154620	15	14	2	-4
20	4Km5HrUvYTaSUfiSGPJeQR	Bad and Boujee (feat. Lil Uzi Vert)	Migos	5137433	21	14	1	1
21	7KOlJ92bu51cltsD9KU5I7	T-Shirt	Migos	5018809	24	12	6	3
22	72jbDTw1piOOj770jWNeaG	Paris	The Chainsmokers	4756955	27	12	4	5
23	2XlHu0HcujBCkWMdIAvrqt	Blem	Drake	4716787	9	3	8	-14
24	6mapJIPnQ23RTAevUoE0DL	Swang	Rae Sremmurd	4588680	34	14	23	10
25	2Ce5IyMlVRVvN997ZJjJJA	Selfish (feat. Rihanna)	Future	4575169	30	6	24	5
26	4ARPvK8DHLwt4oX65ZAFMw	Look At Me!	XXXTENTACION	4540458	39	6	26	13
27	7cGFbx7MP0H23iHZTZpqMM	Everybody	Logic	4537889	nan	1	27	new
28	7mldq42yDuxiUNn08nvzHO	Body Like A Back Road	Sam Hunt	4505291	32	9	19	4
29	05KOgYg8PGeJyyWBPi5ja8	Free Smoke	Drake	4270395	11	3	4	-18
30	3NdDpSvN911VPGivFlV5d0	"I Don’t Wanna Live Forever (Fifty Shades Darker) - From ""Fifty Shades Darker (Original Motion Picture Soundtrack)"""	ZAYN	3911569	29	14	3	-1
31	0afhq8XCExXpqazXczTSve	Galway Girl	Ed Sheeran	3911319	31	5	7	0
32	6gBFPUFcJLzWGx4lenP6h2	goosebumps	Travis Scott	3813777	46	14	32	14
33	1zayuwd1YLZsYDArkruHdL	The Heart Part 4	Kendrick Lamar	3803930	10	2	10	-23
34	6n3HGiq4v35D6eFOSwqYuo	Teenage Fever	Drake	3771332	19	3	14	-15
35	0CcQNd8CINkwQfe1RDtGV6	Believer	Imagine Dragons	3692965	42	9	27	7
36	5NNlUMcOEOdoOIwwaWXv0k	Cold	Maroon 5	3502787	43	7	25	7
37	7BKLCZ1jbUBVqRi2FVlTVw	Closer	The Chainsmokers	3390441	51	14	4	14
38	0xl1w2q4VLojeXp4JfazPL	Sacrifices	Drake	3368856	23	3	12	-15
39	5aAx2yezTd8zXrkmtKl66Z	Starboy	The Weeknd	3350002	48	14	3	9
40	5GXAXm5YOmYT0kL5jHvYBt	I Feel It Coming	The Weeknd	3290594	40	14	10	0
41	0wfbD5rAksdXUzRvMfM3x5	The One	The Chainsmokers	3272562	198	2	41	157
42	5uCax9HTNlzGybIStD3vDh	Say You Won't Let Go	James Arthur	3243757	44	14	15	2
43	7y6c07pgjZvtHI9kuMVqk1	Get It Together	Drake	3216087	25	3	13	-18
44	0Fv5N0cHBsl4bzCbollCAS	Moves	Big Sean	3189735	57	14	10	13
45	0pSBuHjILhNEo55xK1zrRt	Rolex	Ayo & Teo	3169786	53	9	37	8
46	5hYTyyh2odQKphUbMqc5gN	"How Far I'll Go - From ""Moana"""	Alessia Cara	3060933	56	14	20	10
47	60xaS8mYBKUW4VQQ666N0T	All Night (feat. Knox Fortune)	Chance the Rapper	3019967	61	8	47	14
48	3kxfsdsCpFgN412fpnW85Y	Redbone	Childish Gambino	2909293	67	14	29	19
49	2jTujnt0y344ai1rNOywgr	KMT	Drake	2880843	36	3	17	-13
50	6kex4EBAj0WHXDKZMEJaaF	Swalla (feat. Nicki Minaj & Ty Dolla $ign)	Jason Derulo	2876402	70	5	50	20
51	3ebXMykcMXOcLeJ9xZ17XH	Scared to Be Lonely	Martin Garrix	2867174	60	10	20	9
52	2aksifNn5ph8igDOkPBA02	Love On The Brain	Rihanna	2849150	52	14	39	0
53	5GFDrUTLGJix84sNhjCG0g	Caroline	Aminé	2848724	63	14	6	10
54	0gbBzIqrECJOEPvQJIBFs5	Green Light	Lorde	2829734	55	5	20	1
55	6CfrYuD3YRDYdYvH9jNtXY	No Long Talk	Drake	2734861	28	3	10	-27
56	1x5sYLZiu9r5E43kMlt9f8	Symphony (feat. Zara Larsson)	Clean Bandit	2718479	72	3	56	16
57	78rIJddV4X0HkNAInEcYde	Call On Me - Ryan Riback Extended Remix	Starley	2637978	69	14	24	12
58	6520aj0B4FSKGVuKNsOCOi	Chained To The Rhythm	Katy Perry	2634631	65	8	10	7
59	7yyRTcZmCiyzzJlNzGC9Ol	Broccoli (feat. Lil Yachty)	DRAM	2619568	68	14	11	9
60	2KvHC9z14GSl4YpkNMX384	Do Not Disturb	Drake	2616813	38	3	30	-22
61	2fkeWbM6iqTw7oGHTYm2lw	4422	Drake	2604796	33	3	18	-28
62	76gUmNLXGQVOsGhfcshkFP	Madiba Riddim	Drake	2595968	35	3	19	-27
63	7bJ4mu7MHa3rHiNyKjOoSl	Ice Melts	Drake	2551962	41	3	34	-22
64	13e6f8t7RKXuxZ0JdaaJRG	Jorja Interlude	Drake	2507022	37	3	15	-27
65	0v9Wz8o0BT8DU38R4ddjeH	No Problem (feat. Lil Wayne & 2 Chainz)	Chance the Rapper	2457753	74	14	24	9
66	3E2Zh20GDCR9B1EYjfXWyv	Weak	AJR	2445602	76	14	30	10
67	6PCUP3dWmTjcTtXY02oFdT	Castle on the Hill	Ed Sheeran	2428878	47	13	4	-20
68	000xQL6tZNLJzIrtIgxqSl	Still Got Time	ZAYN	2419604	62	2	62	-6
69	1xznGGDReH1oQq0xzbwXa3	One Dance	Drake	2414363	77	14	13	8
70	6fwdbPMwP1zVStm8FybmkO	X (feat. Future)	21 Savage	2401405	75	14	17	5
71	3FiE2d325mIOc4YjkSLVJR	Everyday	Ariana Grande	2347967	79	5	71	8
72	60APt5N2NRaKWf5xzJdzyC	Heatstroke (feat. Young Thug, Pharrell Williams & Ariana Grande)	Calvin Harris	2346306	nan	1	72	new
73	4aWmUDTfIPGksMNLV2rQP2	Despacito (Featuring Daddy Yankee)	Luis Fonsi	2290391	64	11	43	-9
74	16dXg2YuFOxwDC3cTf5jde	Conscience (feat. Future)	Kodak Black	2275130	nan	1	74	new
75	6fujklziTHa8uoM5OQSfIo	Black Beatles	Rae Sremmurd	2273251	78	14	5	3
76	6Q2FftbUG530lCtBI74bMH	Drowning (feat. Kodak Black)	A Boogie Wit da Hoodie	2245967	95	3	76	19
77	6b8Be6ljOzmkOmFslEb23P	24K Magic	Bruno Mars	2238060	80	14	14	3
78	2RttW7RAu5nOAfq6YFvApB	Happier	Ed Sheeran	2222432	59	5	19	-19
79	5knuzwU65gJK7IF5yJsuaW	Rockabye (feat. Sean Paul & Anne-Marie)	Clean Bandit	2211745	84	14	32	5
80	5tFep7dXGd7vEJ668wTPux	Both (feat. Drake)	Gucci Mane	2209515	71	14	38	-9
81	0fg8CqpjdojMyXLNzM2PaJ	Run Up (feat. PARTYNEXTDOOR & Nicki Minaj)	Major Lazer	2206362	82	10	26	1
82	0tgVpDi06FyKpA1z0VMD4v	Perfect	Ed Sheeran	2181245	73	5	15	-9
83	6HEIBHUirx1J0JkUD24szt	Water	Ugly God	2169255	100	14	58	17
84	4cxMGhkinTocPSVVKWIw0d	Losin Control	Russ	2124613	88	12	75	4
85	5f5r2N4Lp9WoULWPH9zp2W	Can't Have Everything	Drake	2118318	45	3	28	-40
86	0FuTx2s3YH1ppmtiM6l0zI	September Song	JP Cooper	2055820	87	5	86	1
87	6p8NuHm8uCGnn2Dtbtf7zE	Slippery (feat. Gucci Mane)	Migos	2014277	85	10	30	-2
88	4F7A0DXBrmUAkp32uenhZt	Party Monster	The Weeknd	2011978	83	14	22	-5
89	4gmmRb6bZJffOOiww1JGTO	No Heart	21 Savage	2006212	86	14	20	-3
90	6MbH1QiphMCPTqVEVC7UYi	Nothings Into Somethings	Drake	1984954	49	3	27	-41
91	6HUnnBwYZqcED1eQztxMBN	Solo Dance	Martin Jensen	1962934	94	14	76	3
92	28irpKCCK9nn9DZSik2zEx	Glow	Drake	1933506	50	3	25	-42
93	2dqLk7ezV15LEJEwUmEbXB	Down	Marian Hill	1925344	92	10	58	-1
94	76Y0gxtTxN0FyDCYh5qYQj	Get Right Witcha	Migos	1917401	148	10	33	54
95	6eT7xZZlB2mwyzJ2sUKG6w	White Iverson	Post Malone	1912067	96	14	77	1
96	2ANLarE8yHVsLWW21nj79M	You Was Right	Lil Uzi Vert	1910399	97	14	28	1
97	77lGafvlU68CeHgB2pkHC9	At My Best (feat. Hailee Steinfeld)	Machine Gun Kelly	1907960	93	3	93	-4
98	20dP2DaMHIAmwWAbp7peSr	pick up the phone	Young Thug	1904372	101	14	44	3
99	5uDASfU19gDxSjW8cnCaBp	Chill Bill (feat. J. Davi$ & Spooks)	Rob $tone	1890038	103	14	19	4
100	1PSBzsahR2AKwLJgx8ehBj	Bad Things (with Camila Cabello)	Machine Gun Kelly	1886363	90	14	9	-10
101	7EiZI6JVHllARrX9PUvAdX	Low Life (feat. The Weeknd)	Future	1854010	104	14	59	3
102	7KcGEssn7BnJdTgildK5y0	No Frauds	Nicki Minaj	1853383	89	4	22	-13
103	51ChrwmUPDJvedPQnIU8Ls	Dive	Ed Sheeran	1852342	81	5	17	-22
104	0WCEaydwN65cvwaW8aqptF	History	Olivia Holt	1823527	108	13	68	4
105	3mRcWCyteY2133a7xVMrYw	Comin Out Strong (feat. The Weeknd)	Future	1820085	99	6	22	-6
106	2Na0z2gfN67Rzf0vp74Wi3	Lose You	Drake	1815912	54	3	31	-52
107	1FUViuNSldssMIawrOXF2i	I Got You	Bebe Rexha	1811193	91	14	63	-16
108	1qOLh0tI7trd1zdDKxYZTe	Starving	Hailee Steinfeld	1798886	107	14	18	-1
109	62vpWI1CHwFy7tMIcSStl8	No Role Modelz	J. Cole	1754519	111	14	71	2
110	5JUu0unA8VwhTZ9LkMWUVI	Since Way Back	Drake	1727745	66	3	40	-44
111	2xbI8Vmyv3TkpTdywpPyNw	Selfish	PnB Rock	1714593	106	14	47	-5
112	2dfqS3MRtbLZSZA1IL8xY5	Skepta Interlude	Drake	1711206	58	3	36	-54
113	0QsvXIfqM0zZoerQfsI9lm	Don't Let Me Down	The Chainsmokers	1686308	128	14	43	15
114	2wf9bp4MkChojtljddWpbO	PRBLMS	6LACK	1679550	122	9	107	8
115	1sYSP7gKa5kdKIfhANfori	Lights Down Low	MAX	1665222	113	8	113	-2
116	5Ua3GXyHwiSfpNTMjq6m2z	Touch	Little Mix	1654918	nan	1	116	new
117	1MksGqIztTT6M9R1ErKVs8	No Favors	Big Sean	1649866	118	9	8	1
118	6wV12xIUb8oFY7lBy4KuQe	Sooner Or Later	Aaron Carter	1649544	116	9	91	-2
119	6i0V12jOa3mr6uu4WYhUBr	Heathens	Twenty One Pilots	1632601	119	14	26	0
120	6I6NX6tjGsxFAsIfGzY9lJ	Deja Vu	J. Cole	1624911	120	14	16	0
121	1CnPYaKxTVb4LWOtiGOm0m	All Time Low	Jon Bellion	1622006	109	14	18	-12
122	3muBQDekYAg7jm6hDu6R0Z	First Day Out	Tee Grizzley	1619509	144	8	122	22
123	204U3zjm9kkzX25Pr4Rdld	Kelly Price (feat. Travis Scott)	Migos	1610069	117	10	21	-6
124	34oWbFBfGEElvgO0a5c9V4	No Flockin'	Kodak Black	1594597	133	14	90	9
125	0B8QzDH7YWih85V5SEMnyJ	Money Longer	Lil Uzi Vert	1584587	127	14	73	2
126	4pLwZjInHj3SimIyN9SnOz	Side To Side	Ariana Grande	1583830	125	14	24	-1
127	6Nle9hKrkL1wQpwNfEkxjh	Chanel	Frank Ocean	1576415	112	4	48	-15
128	1Eck97uRMlprKOOJN9oO1E	Good Life (with G-Eazy & Kehlani)	G-Eazy	1575247	nan	1	128	new
129	0Zx8khUcEfCFK2AEoIhC92	Don't Leave	Snakehips	1570141	98	13	54	-31
130	00lNx0OcTJrS3MKHcB80HY	You Don't Know Me - Radio Edit	Jax Jones	1569341	132	3	130	2
131	05Z7jet4VDNVgNQWcYHnrk	Party	Chris Brown	1562241	131	14	117	0
132	6F609ICg9Spjrw1epsAnpa	Controlla	Drake	1553237	114	14	41	-18
133	3A2OHirUAlQp2x73BJlEDA	Perfect Pint (feat. Kendrick Lamar, Gucci Mane & Rae Sremmurd)	Mike WiLL Made-It	1520676	151	2	133	18
134	0BU7nIcCZxYSE0hYcc5oZz	Too Many Years	Kodak Black	1517802	138	14	64	4
135	3pXF1nA74528Edde4of9CC	Don't	Bryson Tiller	1517245	136	14	82	1
136	6canmpFnLHVUzvVWAodifz	There He Go	Kodak Black	1513800	nan	11	136	re-enter
137	1louJpMmzEicAn7lzDalPW	No Promises (feat. Demi Lovato)	Cheat Codes	1510962	nan	1	137	new
138	6zLdXcmvIxnAXpz9sXFnIE	Craving You	Thomas Rhett	1510114	nan	1	138	new
139	0bXFIF7iL17TYLyx8JHziM	Patty Cake	Kodak Black	1505963	nan	1	139	new
140	5yuShbu70mtHXY0yLzCQLQ	Go Flex	Post Malone	1504109	135	14	113	-5
141	3UjJP4ludb74a29P5EHEIo	Thumbs	Sabrina Carpenter	1489849	130	10	119	-11
142	248OFOZef6ShXv6DGgbnxU	Saved	Khalid	1489102	139	5	137	-3
143	4pdPtRcBmOSQDlJ3Fk945m	Let Me Love You	DJ Snake	1477523	143	14	12	0
144	1lntL1cI2UIWlxjL5QiN8g	The Other	Lauv	1471888	129	12	87	-15
145	04DwTuZ2VBdJCCC5TROn7L	In the Name of Love	Martin Garrix	1465439	142	14	20	-3
146	439TlnnznSiBbQbgXiBqAd	m.A.A.d city	Kendrick Lamar	1460209	nan	1	146	new
147	0ESJlaM8CE1jRWaNtwSNj8	beibs in the trap	Travis Scott	1458327	150	13	126	3
148	43PuMrRfbyyuz4QpZ3oAwN	Exchange	Bryson Tiller	1455006	141	14	84	-7
149	3IHZc2GclRu5nJpTqty7MY	Gucci On My (feat. 21 Savage, YG & Migos)	Mike WiLL Made-It	1441440	134	5	120	-15
150	1NDxZ7cFAo481dtYWdrUnR	Pretty Girl - Cheat Codes X CADE Remix	Maggie Lindemann	1440735	nan	1	150	new
151	1Tt4sE4pXi57mTD1GCzsqm	Needed Me	Rihanna	1431508	147	14	45	-4
152	4Zxdw0Hno7YDu0IzvY76Qo	Rent Money	Future	1427703	137	7	24	-15
153	5OOkp4U9P9oL23maHFHL1h	Panda	Desiigner	1417808	153	14	54	0
154	10M2Ex445zw585Ducldzkw	In Case You Didn't Know	Brett Young	1416041	176	2	154	22
155	11KJSRSgaDxqydKYiD2Jew	Too Good	Drake	1411225	140	14	38	-15
156	2NyrXRn4tancYPW6JwtTl2	From The D To The A (feat. Lil Yachty)	Tee Grizzley	1403091	166	3	122	10
157	4TZy1wLyHec06pwgFYDh1a	Mercy	Shawn Mendes	1391944	152	14	30	-5
158	6JV2JOEocMgcZxYSZelKcc	"CAN'T STOP THE FEELING! (Original Song from DreamWorks Animation's ""TROLLS"")"	Justin Timberlake	1382813	155	14	56	-3
159	1wZqJM5FGDEl3FjHDxDyQd	Come and See Me (feat. Drake)	PARTYNEXTDOOR	1380088	163	14	81	4
160	2Z8WuEywRWYTKe1NybPQEW	Ride	Twenty One Pilots	1375733	161	14	65	1
161	5HDPtsnyb3maFmPL8LLUTG	New Man	Ed Sheeran	1372976	110	5	22	-51
162	3sdDgcU2XvO8EwkUsIe7VW	Want Her	Mustard	1369923	175	3	162	13
163	2pJZ1v8HezrAoZ0Fhzby92	What Do I Know?	Ed Sheeran	1369267	124	5	24	-39
164	4dASQiO1Eoo3RJvt74FtXB	Sucker For Pain (with Wiz Khalifa, Imagine Dragons, Logic & Ty Dolla $ign feat. X Ambassadors)	Lil Wayne	1351528	158	14	61	-6
165	6mb6lVLNrcUgLnEN8QnDJd	How Far I'll Go	Auli'i Cravalho	1347601	160	9	148	-5
166	6xHI9KjUjYT0FPtGO8Mxa1	Hurricane	Luke Combs	1344602	169	4	166	3
167	5MFzQMkrl1FOOng9tq6R9r	Don't Wanna Know	Maroon 5	1341165	159	14	15	-8
168	27GmP9AWRs744SzKcpJsTZ	Jumpman	Drake	1335287	154	14	73	-14
169	3Q3myFA7q4Op95DOpHplaY	do re mi	blackbear	1334691	162	2	162	-7
170	6JjEVlMkfHWMeYavkEYzNO	Gassed Up	Nebu Kiniza	1328457	156	13	77	-14
171	0rGipWrGwAnZsaVkyiJpap	Day for Day	Kodak Black	1311091	nan	1	171	new
172	5pvVAwQbuFoR7LkcicrKnk	Obsession (feat. Jon Bellion)	Vice	1308720	nan	1	172	new
173	0prNGof3XqfTvNDxHonvdK	Scars To Your Beautiful	Alessia Cara	1306048	164	14	33	-9
174	67dyMPOUsbZ9Yg06PnfAAh	Draco	Future	1295815	157	7	30	-17
175	4ckuS4Nj4FZ7i3Def3Br8W	Sneakin’	Drake	1293621	123	14	24	-52
176	2h3i5tGUl6hMu572umjcGo	Running Back (feat. Lil Wayne)	Wale	1289586	178	11	109	2
177	7f08qp3HROTkfrtNpiYGGo	Dirt On My Boots	Jon Pardi	1288726	173	7	173	-4
178	4PzovBqgnSHKd8opsP7IVM	Everyday We Lit (feat. PnB Rock)	YFN Lucci	1277774	nan	1	178	new
179	37F0uwRSrdzkBiuj0D5UHI	Reminder	The Weeknd	1270399	168	14	69	-11
180	3pndPhlQWjuSoXhcIIdBjv	What They Want	Russ	1266447	179	14	132	-1
181	3CRDbSIZ4r5MsZ0YwxuEkn	Stressed Out	Twenty One Pilots	1262011	174	14	92	-7
182	1wHZx0LgzFHyeIZkUydNXq	Antidote	Travis Scott	1248840	nan	5	179	re-enter
183	1Bqxj0aH5KewYHKUg1IdrF	Some Kind Of Drug	G-Eazy	1245158	180	14	39	-3
184	6mICuAdrwEjh6Y6lroV2Kg	Chantaje (feat. Maluma)	Shakira	1243451	183	14	52	-1
185	2f9LSU0aBW04w6KL26DW8r	Come Closer	WizKid	1242932	nan	1	185	new
186	4tCtwWceOPWzenK2HAIJSb	Work from Home (feat. Ty Dolla $ign)	Fifth Harmony	1241661	182	14	52	-4
187	4Hf7WnR761jpxPr5D46Bcd	Treat You Better	Shawn Mendes	1239135	171	14	47	-16
188	498ZVInMGDkmmNVpSWqHiZ	May We All	Florida Georgia Line	1233382	190	2	188	2
189	07pJdL0L9XDGW0HBj0rIS2	Skateboard P (feat. Big Sean)	MadeinTYO	1226726	181	2	181	-8
190	1Nh5WUisukhSNgwXLRoyZf	Coolin and Booted	Kodak Black	1219493	nan	1	190	new
191	1yNyoWWWikbLhwIGWjZuDW	All Night	The Vamps	1210130	102	14	49	-89
192	4uhvMW7ly7tJil31YYscAN	Erase Your Social	Lil Uzi Vert	1209999	188	14	76	-4
193	4ntsD33Pgsgk8rUyZLLiUV	DEVASTATED	Joey Bada$$	1206800	nan	3	193	re-enter
194	4VuS959DSpr82t3qBqCrWG	Supermarket Flowers	Ed Sheeran	1206280	145	5	32	-49
195	40yJGQyEaBbIkXpwMFkXip	One Night	Lil Yachty	1202106	187	14	98	-8
196	3Lfiu5sZ4M4B6JaKMBc0FU	Barcelona	Ed Sheeran	1201571	146	5	31	-50
197	6DNtNfH8hXkqOX1sjqmI7p	Cold Water (feat. Justin Bieber & MØ)	Major Lazer	1200134	186	14	39	-11
198	4uoumbAMEMaKdtiv763jKz	TG4M	Zara Larsson	1193311	nan	1	198	new
199	7zxRMhXxJMQCeDDg0rKAVo	Some Way	NAV	1189650	184	7	87	-15
200	6Ius4TC0L3cN74HT7ENE6e	Wet Dreamz	J. Cole	1182530	195	12	166	-5
