position	song_id	song_name	artist	streams	last_week_position	weeks_on_chart	peak_position	position_status
1	7wGoVu4Dady5GV0Sv4UIsx	rockstar	Post Malone	11187425	1	11	1	0
2	5UEnHoDYpsxlfzWLZIc7LD	River (feat. Ed Sheeran)	Eminem	7327656	nan	1	2	new
3	43ZyHQITOjhciSUUNPVRHc	Gucci Gang	Lil Pump	7273843	2	11	2	-1
4	2DQ1ITjI0YoLFzuADN1ZBW	No Limit	G-Eazy	7126193	nan	1	4	new
5	5k38wzpLb15YgncyWdTZE4	Him & I (with Halsey)	G-Eazy	7032070	nan	1	5	new
6	75ZvA4QfFiZvzhj2xkaWAh	I Fall Apart	Post Malone	6924789	3	14	2	-3
7	7sO5G9EABYOXQKNPNiE9NR	Ric Flair Drip (& Metro Boomin)	Offset	6705486	4	8	4	-3
8	0bYg9bo50gSsH3LtXe2SQn	All I Want for Christmas Is You	Mariah Carey	6516590	5	6	5	-3
9	42CeaId2XNlxugDvyqHfDf	Candy Paint	Post Malone	6164677	6	9	4	-3
10	0ofbQMrRDsUaVKq2mGLEAb	Havana	Camila Cabello	5535037	9	20	4	-1
11	6mrKP2jyIQmM0rw6fQryjr	Let You Down	NF	5148494	11	10	11	0
12	7GX5flRQZVHRAGd6B4TmDO	XO Tour Llif3	Lil Uzi Vert	5135583	12	17	2	0
13	2fQrGHiQOvpL9UgPvtYy6G	Bank Account	21 Savage	5063402	13	13	3	0
14	1mXVgsBdtIVeCLJnSnmtdV	Too Good At Goodbyes	Sam Smith	5052251	10	7	3	-4
15	3ncgNpxLoBQ65ABk4djDyd	PICK IT UP (feat. A$AP Rocky)	Famous Dex	4899540	18	8	15	3
16	7EmGUiUaOSGDnUUQUDrOXC	Wolves	Selena Gomez	4560050	15	9	5	-1
17	1YZfcVLbbJwfizR5cDOp3q	MotorSport	Migos	4552119	16	8	9	-1
18	4dVpf9jZjcORqGTLUaeYj9	Plain Jane	A$AP Ferg	4546721	14	17	8	-4
19	0tgVpDi06FyKpA1z0VMD4v	Perfect	Ed Sheeran	4534896	21	33	13	2
20	3a1lNhkSLSkpJE4MSHpDu9	Congratulations	Post Malone	4533500	20	51	5	0
21	5tz69p7tJuGPeMGwNTxYuV	1-800-273-8255	Logic	4440014	19	34	1	-2
22	3T7dNA7O8c3Axj5WyDNcH3	Rockin' Around The Christmas Tree - Single Version	Brenda Lee	4238088	29	5	22	7
23	4DTpngLjoHj5gFxEZFeD3J	Codeine Dreaming (feat. Lil Wayne)	Kodak Black	4232993	35	4	23	12
24	7KXjTSCq5nL1LoYtL7XAwS	HUMBLE.	Kendrick Lamar	4192253	23	38	1	-1
25	5Z3GHaZ6ec9bsiI5BenrbY	Young Dumb & Broke	Khalid	4119663	24	37	6	-1
26	2ekn2ttSfGqwhhate0LSR0	New Rules	Dua Lipa	4095838	25	23	20	-1
27	1bhUWB0zJMIKr9yVPrkEuI	Perfect Duet (Ed Sheeran & Beyoncé)	Ed Sheeran	4079827	17	3	5	-10
28	790MhTXPFrYkrqCKvpg4t1	Wanted You (feat. Lil Uzi Vert)	NAV	4062825	46	6	28	18
29	5WoaF1B5XIEnWfmb5NZikf	Sky Walker (feat. Travis Scott)	Miguel	3964962	36	3	29	7
30	1XRgIKC5TPwo7nWGyKqgG0	I Get the Bag (feat. Migos)	Gucci Mane	3951936	31	10	7	1
31	7vGuf3Y35N4wmASOKLUVVU	Silence	Marshmello	3930501	30	19	10	-1
32	6NWl2m8asvH83xjuXVNsuG	Betrayed	Lil Xan	3913782	26	9	25	-6
33	7iDa6hUg2VgEL1o1HjmfBn	Meant to Be (feat. Florida Georgia Line)	Bebe Rexha	3902280	28	15	23	-5
34	7y9iMe8SOB6z3NoHE2OfXl	Bad At Love	Halsey	3862650	34	19	25	0
35	5AEtlRudpgdT5FtNiuly6Y	Let Me Go (with Alesso, Florida Georgia Line & watt)	Hailee Steinfeld	3855554	32	14	25	-3
36	3hBBKuWJfxlIlnd9QFoC8k	What Lovers Do (feat. SZA)	Maroon 5	3844957	27	7	9	-9
37	2XDhuJvvx2wcIROXbfTTYr	Believe	Eminem	3840891	nan	1	37	new
38	2771LMNxwf62FTAdpJMQfM	Bodak Yellow	Cardi B	3761860	33	22	3	-5
39	6PGoSes0D9eUDeeAafB2As	LOVE. FEAT. ZACARI.	Kendrick Lamar	3675949	37	36	5	-2
40	2FRnf9qhLbvw8fu4IBXx78	Last Christmas	Wham!	3594612	43	5	40	3
41	2x0WlnmfG39ZuDmstl9xfX	End Game	Taylor Swift	3581790	83	3	41	42
42	5hslUAKq9I9CG2bAulFkHN	It's the Most Wonderful Time of the Year	Andy Williams	3527366	47	5	42	5
43	1yxgsra98r3qAtxqiGZPiX	BUTTERFLY EFFECT	Travis Scott	3442863	38	31	9	-5
44	40oKW22ZNNkEdZLJTScaQI	Roll In Peace (feat. XXXTENTACION)	Kodak Black	3353032	39	18	24	-5
45	7m9OqQk4RVRkw9JJdeAw96	Jocelyn Flores	XXXTENTACION	3346713	42	17	3	-3
46	6gBFPUFcJLzWGx4lenP6h2	goosebumps	Travis Scott	3317904	41	51	16	-5
47	5u6vkDnOyaf8LsteDAj2ub	Ghostface Killers	21 Savage	3287514	40	8	8	-7
48	1cImYkHOQMFE7AZC9aOk4y	Jingle Bell Rock	Bobby Helms	3225083	nan	1	48	new
49	152lZdxL1OR0ZMW6KquMif	Location	Khalid	3222630	44	51	9	-5
50	65Q2mv3UlVi9eO70OpsmSe	A Holly Jolly Christmas - Single Version	Burl Ives	3171708	53	4	50	3
51	2eAZfqOm4EnOF9VvN50Tyc	The Way Life Goes (feat. Oh Wonder)	Lil Uzi Vert	3166070	48	17	8	-3
52	3qk4wRMDlaeagZGjSYbsOV	Sober	G-Eazy	3101879	nan	1	52	new
53	5PIBgH1cUFwu5IiUk9tnN9	Walk On Water (feat. Beyoncé)	Eminem	3085540	nan	1	53	new
54	3B54sVLJ402zGa6Xm4YGNe	Unforgettable	French Montana	3064059	45	24	1	-9
55	0tKcYR2II1VCQWT79i5NrW	Thunder	Imagine Dragons	3054425	49	31	21	-6
56	7AQim7LbvFVZJE3O8TYgf2	Fuck Love (feat. Trippie Redd)	XXXTENTACION	3035170	50	17	8	-6
57	6VpQdig9pdpTSIFItgkJV5	Never Be the Same	Camila Cabello	2981060	55	2	55	-2
58	3wAI7MIQtTgwcRmwchPZBc	Go Legend (& Metro Boomin)	Big Sean	2946936	22	2	22	-36
59	1Qg9jWGDkKAGZXj5v2OG59	Wait	Maroon 5	2885435	99	6	59	40
60	4so0Wek9Ig1p6CRCHuINwW	White Christmas	Bing Crosby	2880709	60	4	60	0
61	3m660poUr1chesgkkjQM7P	Sorry Not Sorry	Demi Lovato	2871037	52	12	11	-9
62	0taOCiup4HNG9LmbduVlJj	Rubbin Off The Paint	YBN Nahmir	2818183	58	8	51	-4
63	6p8NuHm8uCGnn2Dtbtf7zE	Slippery (feat. Gucci Mane)	Migos	2816584	56	47	21	-7
64	7inXu0Eaeg02VsM8kHNvzM	Let It Snow! Let It Snow! Let It Snow! (with The B. Swanson Quartet)	Frank Sinatra	2787080	57	4	57	-7
65	299lFlaAsNQdgbIZNPmIA0	Christmas Time Is Here - Vocal	Vince Guaraldi Trio	2761205	62	4	62	-3
66	1f5cbQtDrykjarZVrShaDI	Drowning (feat. Kodak Black)	A Boogie Wit da Hoodie	2689772	59	12	21	-7
67	0OI7AFifLSoGzpb8bdBLLV	Home (with Machine Gun Kelly, X Ambassadors & Bebe Rexha)	Machine Gun Kelly	2641048	70	4	60	3
68	2rozzUGTRWqhTa2NzJAl8I	Like Home (feat. Alicia Keys)	Eminem	2605984	nan	1	68	new
69	5humEOJehpAwMJEJmb0JJ2	The Christmas Song (Merry Christmas To You)	Nat King Cole	2605115	72	4	69	3
70	1hvpDAxZPKjKztOc72sv06	Do They Know It's Christmas? - 1984 Version	Band Aid	2602366	77	4	70	7
71	5yuShbu70mtHXY0yLzCQLQ	Go Flex	Post Malone	2525947	67	51	24	-4
72	32DGGj6KlNuBr6WaqRxpxi	How Long	Charlie Puth	2521295	66	11	39	-6
73	7Ed6BkggCS2KaKY5YlINaF	MIC Drop (feat. Desiigner) [Steve Aoki Remix]	BTS	2516181	105	4	68	32
74	3QiAAp20rPC3dcAtKtMaqQ	Blue Christmas	Elvis Presley	2491145	79	4	74	5
75	2vjmyyAnDUzilFYxOlTdO1	GUMMO	6ix9ine	2479662	61	6	52	-14
76	7qiZfU4dY1lWllzX7mPBI3	Shape of You	Ed Sheeran	2467415	68	50	1	-8
77	5Htb1uFQ1KrkFXlefS8oGj	Tell Me You Love Me	Demi Lovato	2462026	132	3	77	55
78	0OMt4Qyetdbw2eUEvKBdHH	Remind Me	Eminem	2445883	nan	1	78	new
79	6HZILIRieu8S0iqY8kIKhj	DNA.	Kendrick Lamar	2428005	64	36	2	-15
80	5VEuraNSVxMTzDTtrmL3lQ	Winter Wonderland	Bing Crosby	2386323	82	4	80	2
81	2MdMjF20umbTe4y2FgdnG8	Chloraseptic (feat. Phresher)	Eminem	2355941	nan	1	81	new
82	0lLdorYw7lVrJydTINhWdI	It's Beginning to Look a Lot like Christmas	Michael Bublé	2351747	96	4	82	14
83	5p9ufaI7TwrlXtmiKCz3q3	Bad Husband (feat. X Ambassadors)	Eminem	2330985	nan	1	83	new
84	1j4kHkkpqZRBwE0A4CN4Yv	Dusk Till Dawn - Radio Edit	ZAYN	2330343	71	15	15	-13
85	3kxfsdsCpFgN412fpnW85Y	Redbone	Childish Gambino	2285602	69	51	9	-16
86	4g2j0YZdGB8x5vQjXmJsKN	Untouchable	Eminem	2266251	nan	1	86	new
87	2xmrfQpmS2iJExTlklLoAL	I Miss You (feat. Julia Michaels)	Clean Bandit	2255409	74	8	57	-13
88	0CcQNd8CINkwQfe1RDtGV6	Believer	Imagine Dragons	2253935	75	43	11	-13
89	4knL4iPxPOZjQzTUlELGSY	Rake It Up	Yo Gotti	2239326	76	8	37	-13
90	6QgjcU0zLnzq5OrUoSZ3OK	Feel It Still	Portugal. The Man	2218368	73	27	17	-17
91	107CfwBqfICzcKur8k7UCA	Tragic Endings (feat. Skylar Grey)	Eminem	2189709	nan	1	91	new
92	4tHqQMWSqmL6YjXwsqthDI	Carol of the Bells	Mykola Dmytrovych Leontovych	2172644	86	4	86	-6
93	7taXf5odg9xCAZERYfyOkS	Feliz Navidad	José Feliciano	2158436	92	4	92	-1
94	0VgkVdmE4gld66l8iyGjgx	Mask Off	Future	2150588	85	7	73	-9
95	0q75NwOoFiARAVp4EXU4Bs	Love Galore (feat. Travis Scott)	SZA	2146253	81	32	24	-14
96	3YeJXuRSNS5FYwOsDu44kD	Dark Knight Dummo (Feat. Travis Scott)	Trippie Redd	2142414	63	2	63	-33
97	6eT7xZZlB2mwyzJ2sUKG6w	White Iverson	Post Malone	2122248	93	51	66	-4
98	1e1JKLEDKP7hEQzJfNAgPl	Magnolia	Playboi Carti	2099994	87	35	12	-11
99	4V6MRo0CEAC9MwAm7dkPuL	Real Friends	Camila Cabello	2088655	80	2	80	-19
100	1ADjWm8QNhgNV8yCNNgQ1T	Santa Tell Me	Ariana Grande	2086903	100	4	100	0
101	3wdfLVUhmX64lIyWIIEW8s	Ice Tray	Quality Control	2085514	186	2	101	85
102	4cxMGhkinTocPSVVKWIw0d	Losin Control	Russ	2085512	88	49	75	-14
103	6IeK3Ap5m3HabwJxgI6eSE	It's Beginning to Look a Lot Like Christmas (with Mitchell Ayres & His Orchestra)	Perry Como	2075825	91	4	91	-12
104	25oOaleife6E2MIKmFkPvg	Relationship (feat. Future)	Young Thug	2075599	94	27	55	-10
105	2WWruw7ul9N7eqoHELyMc2	The Beautiful & Damned	G-Eazy	2074774	nan	1	105	new
106	2pnPe4pJtq7689i5ydzvJJ	Run Rudolph Run - Single Version	Chuck Berry	2072241	115	4	106	9
107	6Ww0J5EFjiPxkgZpEkRQVN	Nowhere Fast (feat. Kehlani)	Eminem	2071785	nan	1	107	new
108	1P17dC1amhFzptugyAO7Il	Look What You Made Me Do	Taylor Swift	2060069	78	3	59	-30
109	1uL78kFWxhz3umTMWJu8n5	Sauce It Up	Lil Uzi Vert	2057423	102	17	23	-7
110	7mldq42yDuxiUNn08nvzHO	Body Like A Back Road	Sam Hunt	2056368	89	46	15	-21
111	1foCxQtxBweJtZmdxhEHVO	Santa Baby (with Henri René & His Orchestra)	Eartha Kitt	2050091	109	4	109	-2
112	4pYZLpX23Vx8rwDpJCpPTA	New Freezer (feat. Kendrick Lamar)	Rich The Kid	2046322	108	12	66	-4
113	2yLa0QULdQr0qAIvVwN6B5	...Ready For It?	Taylor Swift	2019228	84	3	61	-29
114	3wGXyJGsCf1myH5MooQIqE	The Race	Tay-K	1981588	98	2	98	-16
115	1WIZiOuNO3woKfdlSK2gNn	Transportin'	Kodak Black	1968528	101	18	37	-14
116	2rb5MvYT7ZIxbKW5hfcHx8	Mi Gente	J Balvin	1962135	106	25	8	-10
117	32OWobmyAz8J2qA8iWekyS	Mistletoe	Justin Bieber	1957483	116	4	112	-1
118	5CtI0qwDJkDQGwXD1H1cLb	Despacito - Remix	Luis Fonsi	1953057	95	36	1	-23
119	1zsG4eaZmkA1dvjDDsAGLK	Échame La Culpa	Luis Fonsi	1952031	97	5	52	-22
120	4iLqG9SeJSnt0cSPICSjxv	Attention	Charlie Puth	1948902	104	35	16	-16
121	2EEeOnHehOozLq4aS0n6SL	iSpy (feat. Lil Yachty)	KYLE	1939433	103	51	2	-18
122	4gavOCQdZ2g86gkvi17FM7	Wonderful Christmastime - Remastered 2011 / Edited Version	Paul McCartney	1925210	126	4	122	4
123	3IkACj2ZEsmDLzhQNBW2XH	Offended	Eminem	1922745	nan	1	123	new
124	6gU9OKjOE7ghfEd55oRO57	The Weekend	SZA	1913327	113	23	92	-11
125	3GVkPk8mqxz0itaAriG1L7	Everybody Dies In Their Nightmares	XXXTENTACION	1912827	112	17	15	-13
126	3zJw3rugfpVrmBeDDnUYzy	Happy Xmas (War Is Over) - Remastered	John Lennon	1912817	139	4	126	13
127	2nUJvBO87SkxCViQsLc9Zr	Man's Not Hot	Big Shaq	1890812	118	6	117	-9
128	4hXAK3mjFVFOOiJQ3rKAXi	Rudolph The Red-Nosed Reindeer	Burl Ives	1845807	129	4	128	1
129	5uCax9HTNlzGybIStD3vDh	Say You Won't Let Go	James Arthur	1844172	110	51	15	-19
130	05CgKydlFJALNy4JTHeMgs	Framed	Eminem	1843919	nan	1	130	new
131	3DXncPQOG4VBw3QHh3S817	I'm the One (feat. Justin Bieber, Quavo, Chance the Rapper & Lil Wayne)	DJ Khaled	1841528	111	30	2	-20
132	4Km5HrUvYTaSUfiSGPJeQR	Bad and Boujee (feat. Lil Uzi Vert)	Migos	1839265	120	51	1	-12
133	4eqne0oIdt9GW2ubiliny0	"Have Yourself A Merry Little Christmas - ""Meet Me In St. Louis"" Original Cast Recording"	Judy Garland	1833036	128	3	128	-5
134	7DuvVy7JfFgXwWlVzyyPys	Pull Up N Wreck (& Metro Boomin)	Big Sean	1814867	54	2	54	-80
135	550rQQCGkrTzvp4SfpOPzx	Hallelujah	Pentatonix	1812238	136	4	135	1
136	6H0AwSQ20mo62jGlPGB8S6	It's A Vibe	2 Chainz	1811880	117	34	41	-19
137	4Q3N4Ct4zCuIHuZ65E3BD4	Tunnel Vision	Kodak Black	1806470	123	44	5	-14
138	5hcisvFMidkMJlElTO9Qmw	Sensualidad	Bad Bunny	1795819	133	4	133	-5
139	6P2ffRHZZ8CdH3GfWq71Ci	Castle	Eminem	1793411	nan	1	139	new
140	0SGkqnVQo9KPytSri1H6cF	Bounce Back	Big Sean	1783641	121	51	3	-19
141	5xlS0QkVrSH7ssEbBgBzbM	Little Saint Nick - 1991 Remix	The Beach Boys	1775732	143	3	141	2
142	0KKkJNfGyhkQ5aFogxQAPU	That's What I Like	Bruno Mars	1764572	122	51	3	-20
143	25leEEaz1gIpp7o21Fqyjo	Here Comes Santa Claus (Right Down Santa Claus Lane)	Gene Autry	1764533	148	2	143	5
144	7zVCrzzEJU7u24sbJPXA5W	What Ifs (feat. Lauren Alaina)	Kane Brown	1753663	135	29	50	-9
145	6EpRaXYhGOB3fj4V2uDkMJ	Strip That Down	Liam Payne	1751647	130	31	13	-15
146	7hDc8b7IXETo14hHIHdnhd	Passionfruit	Drake	1749382	119	40	1	-27
147	2z4pcBLQXF2BXKFvd0BuB6	Tip Toe (feat. French Montana)	Jason Derulo	1744047	124	5	91	-23
148	4PpuH4mxL0rD35mOWaLoKS	Lemon	N.E.R.D	1740953	nan	1	148	new
149	0OlnLZY4cmQzT6ZGttvWBM	So Far Away (feat. Jamie Scott & Romy Dya)	Martin Garrix	1739768	140	3	138	-9
150	5NT0aZqWImC9fTzkW4z48o	KOODA	6ix9ine	1714624	90	2	90	-60
151	6GNifiuBPrKFpwNBYnooFm	The Way Life Goes (feat. Nicki Minaj & Oh Wonder) - Remix	Lil Uzi Vert	1708137	137	7	62	-14
152	72i5s3SBDEkaRUOgUTlkfO	In Your Head	Eminem	1701158	nan	1	152	new
153	6eYxmK9fdL4hwLnXG2zY3s	Look At Me!	XXXTENTACION	1693666	144	3	144	-9
154	62vpWI1CHwFy7tMIcSStl8	No Role Modelz	J. Cole	1691297	134	51	71	-20
155	0chdEzeIcgfNYbWJBpgvzR	Arose	Eminem	1686011	nan	1	155	new
156	3PAwprj5tcrX8vV9BbBL9X	Revival (Interlude)	Eminem	1683355	nan	1	156	new
157	3whrwq4DtvucphBPUogRuJ	Havana - Remix	Camila Cabello	1675617	107	5	50	-50
158	7oDTApxHeWzTQOR7GPPxw4	Heat	Eminem	1671511	nan	1	158	new
159	15EPc80XuFrb2LmOzGjuRg	Crew (feat. Brent Faiyaz & Shy Glizzy)	GoldLink	1653798	142	22	113	-17
160	6SwRhMLwNqEi6alNPVG00n	LOYALTY. FEAT. RIHANNA.	Kendrick Lamar	1651981	131	36	4	-29
161	5gx2E5aIXMRBellPZW1up5	Pills & Automobiles (feat. Yo Gotti, A Boogie Wit Da Hoodie & Kodak Black)	Chris Brown	1643739	145	8	78	-16
162	3Q3myFA7q4Op95DOpHplaY	do re mi	blackbear	1640253	155	34	30	-7
163	4hGZxsGcFnuCJXn25EWj5j	Need Me (feat. Pink)	Eminem	1636976	nan	1	163	new
164	2j8MsmmNqmc6UBEA54KOlY	American Dream (feat. J. Cole, Kendrick Lamar)	Jeezy	1633638	nan	1	164	new
165	4QX5pZQpQTgVlkqfUTDim0	Silver Bells	Dean Martin	1627427	151	3	151	-14
166	59J5nzL1KniFHnU120dQzt	wokeuplikethis*	Playboi Carti	1623176	150	36	54	-16
167	7KOlJ92bu51cltsD9KU5I7	T-Shirt	Migos	1613401	152	49	6	-15
168	1wjzFQodRWrPcQ0AnYnvQ9	I Like Me Better	Lauv	1611001	147	29	30	-21
169	6sn8WaooLLVhQvU96wtEAm	Save That Shit	Lil Peep	1574418	156	5	57	-13
170	2YzmfPLqUx5CJOaw5ThsBV	Plain Jane REMIX	A$AP Ferg	1574081	nan	1	170	new
171	0jdny0dhgjUwoIp5GkqEaA	Praying	Kesha	1572191	141	19	17	-30
172	38yBBH2jacvDxrznF7h08J	Slow Hands	Niall Horan	1560853	146	9	48	-26
173	0ESJlaM8CE1jRWaNtwSNj8	beibs in the trap	Travis Scott	1552864	154	50	97	-19
174	5aAx2yezTd8zXrkmtKl66Z	Starboy	The Weeknd	1538340	158	51	3	-16
175	6M0IsaUX4GNyto4niSegfI	No Option	Post Malone	1534056	170	14	113	-5
176	1OAh8uOEOvTDqkKFsKksCi	Wild Thoughts (feat. Rihanna & Bryson Tiller)	DJ Khaled	1521714	160	27	2	-16
177	1ZY1PqizIl78geGM4xWlEA	Gorgeous	Taylor Swift	1515579	138	3	87	-39
178	4z8sz6E4YyFuEkv5o7IJni	Mary, Did You Know?	Pentatonix	1511363	173	3	173	-5
179	0AICBlLzFCTpUqmAbtzB2z	Love Scars	Trippie Redd	1502458	188	15	149	9
180	7BKLCZ1jbUBVqRi2FVlTVw	Closer	The Chainsmokers	1501856	167	51	4	-13
181	5hTpBe8h35rJ67eAWHQsJx	Caroline	Aminé	1498828	162	21	82	-19
182	7faDzZnZYqTyYThx2sbHVQ	Mistletoe And Holly - Remastered 1999	Frank Sinatra	1492347	198	2	182	16
183	6tjituizSxwSmBB5vtgHZE	Holly Jolly Christmas	Michael Bublé	1489685	nan	1	183	new
184	4AtZRwSR8BOTTQg5ihSggt	PRBLMS	6LACK	1488258	168	6	129	-16
185	7fOPVfABNLg3sxtgXBhBdp	The Plan	G-Eazy	1478974	nan	1	185	new
186	6RUKPb4LETWmmr3iAEQktW	Something Just Like This	The Chainsmokers	1478271	157	44	2	-29
187	6NFyWDv5CjfwuzoCkw47Xf	Delicate	Taylor Swift	1478210	161	3	95	-26
188	0OWZFobGSIW9GrSlQ9C5pc	Marry Me	Thomas Rhett	1475939	nan	2	168	re-enter
189	6wOCaV1MY8CN2ujNJSfr5z	Pray For Me	G-Eazy	1473087	nan	1	189	new
190	4lESS6vuruP6a79KWRaQou	Corazón	Maluma	1472985	nan	1	190	new
191	4MrfQL4TYQXJBlZYpAHTuE	Baby, It's Cold Outside	Dean Martin	1471757	nan	1	191	new
192	4EZUcj7c8n9pWIwHqN0DoH	Do You Hear What I Hear?	Bing Crosby	1464843	193	2	192	1
193	22nyEAEM29tcBRhukR089b	Icon	Jaden	1456950	nan	3	120	re-enter
194	6sDCgB1Ulh7aw92mk0opyd	But A Dream	G-Eazy	1453443	nan	1	194	new
195	7Hz6LLOVxrojLPIHJJ1S0E	Have Yourself A Merry Little Christmas	Sam Smith	1451916	nan	1	195	new
196	6UrKVLhzBYZY6fXmNyCLDi	Mele Kalikimaka - Single Version	Bing Crosby	1446475	nan	1	196	new
197	7yyRTcZmCiyzzJlNzGC9Ol	Broccoli (feat. Lil Yachty)	DRAM	1440169	180	51	11	-17
198	3muBQDekYAg7jm6hDu6R0Z	First Day Out	Tee Grizzley	1439871	169	45	79	-29
199	79cuOz3SPQTuFrp8WgftAu	There's Nothing Holdin' Me Back	Shawn Mendes	1439447	178	35	29	-21
200	343YBumqHu19cGoGARUTsd	Fake Love	Drake	1436559	174	51	2	-26
