position	song_id	song_name	artist	streams	last_week_position	weeks_on_chart	peak_position	position_status
1	5CtI0qwDJkDQGwXD1H1cLb	Despacito - Remix	Luis Fonsi	10346156	1	13	1	0
2	2eMwDehkIC1j68U6FA3Eiq	XO TOUR Llif3	Lil Uzi Vert	9421219	2	16	2	0
3	1OAh8uOEOvTDqkKFsKksCi	Wild Thoughts (feat. Rihanna & Bryson Tiller)	DJ Khaled	9110056	3	4	3	0
4	3DXncPQOG4VBw3QHh3S817	I'm the One (feat. Justin Bieber, Quavo, Chance the Rapper & Lil Wayne)	DJ Khaled	8336457	4	7	2	0
5	7KXjTSCq5nL1LoYtL7XAwS	HUMBLE.	Kendrick Lamar	7905063	5	15	1	0
6	3B54sVLJ402zGa6Xm4YGNe	Unforgettable	French Montana	7889824	nan	1	6	new
7	3a1lNhkSLSkpJE4MSHpDu9	Congratulations	Post Malone	6768697	7	28	5	0
8	7tr2za8SQg2CI8EDgrdtNl	Slide (feat. Frank Ocean & Migos)	Calvin Harris	5894996	8	16	8	0
9	3kxfsdsCpFgN412fpnW85Y	Redbone	Childish Gambino	5894931	9	28	9	0
10	152lZdxL1OR0ZMW6KquMif	Location	Khalid	5651366	10	28	9	0
11	5bcTCxgc7xVfSaMV3RuVke	Feels (feat. Pharrell Williams, Katy Perry & Big Sean)	Calvin Harris	5548015	11	3	11	0
12	6HZILIRieu8S0iqY8kIKhj	DNA.	Kendrick Lamar	5267458	14	13	2	2
13	5eqK0tbzUPo2SoeZsov04s	Bank Account	21 Savage	5124339	nan	1	13	new
14	5EnYT6F7wEcdege6mDHEfO	Signs	Drake	5120128	nan	1	14	new
15	7mldq42yDuxiUNn08nvzHO	Body Like A Back Road	Sam Hunt	4938134	15	23	15	0
16	0CcQNd8CINkwQfe1RDtGV6	Believer	Imagine Dragons	4926847	17	20	11	1
17	1e1JKLEDKP7hEQzJfNAgPl	Magnolia	Playboi Carti	4852718	18	12	12	1
18	3A7qX2QjDlPnazUsRk5y0M	2U (feat. Justin Bieber)	David Guetta	4852321	20	5	8	2
19	1yxgsra98r3qAtxqiGZPiX	BUTTERFLY EFFECT	Travis Scott	4834218	24	8	19	5
20	3rOSwuTsUlJp0Pu0MkN8r8	Mask Off	Future	4814702	13	21	2	-7
21	5tz69p7tJuGPeMGwNTxYuV	1-800-273-8255	Logic	4705125	21	11	7	0
22	6EpRaXYhGOB3fj4V2uDkMJ	Strip That Down	Liam Payne	4685155	23	8	22	1
23	4iLqG9SeJSnt0cSPICSjxv	Attention	Charlie Puth	4620399	26	12	21	3
24	0lMbuWUpfTWhEmOKxppEau	Rollin (feat. Future & Khalid)	Calvin Harris	4515584	16	5	16	-8
25	6p8NuHm8uCGnn2Dtbtf7zE	Slippery (feat. Gucci Mane)	Migos	4408487	29	24	21	4
26	79NlESqzFSW0hdBWgls4FX	Praying	Kesha	4398234	nan	1	26	new
27	6gBFPUFcJLzWGx4lenP6h2	goosebumps	Travis Scott	4334227	25	28	16	-2
28	0KKkJNfGyhkQ5aFogxQAPU	That's What I Like	Bruno Mars	4311631	19	28	3	-9
29	1sCxVKWImDZSZKvG0U9B23	Bad Liar	Selena Gomez	4068460	34	9	8	5
30	0tKcYR2II1VCQWT79i5NrW	Thunder	Imagine Dragons	4012909	27	8	21	-3
31	7i2DJ88J7jQ8K7zqFX2fW8	Now Or Never	Halsey	3980863	nan	3	12	re-enter
32	7qiZfU4dY1lWllzX7mPBI3	Shape of You	Ed Sheeran	3942634	28	27	1	-4
33	0dA2Mk56wEzDgegdC6R17g	Stay (with Alessia Cara)	Zedd	3862635	22	20	12	-11
34	167NczpNbRF7oWakJaY3Hh	Slow Hands	Niall Horan	3861951	36	10	34	2
35	79cuOz3SPQTuFrp8WgftAu	There's Nothing Holdin' Me Back	Shawn Mendes	3798094	38	12	29	3
36	6Q2FftbUG530lCtBI74bMH	Drowning (feat. Kodak Black)	A Boogie Wit da Hoodie	3736741	33	14	28	-3
37	6PGoSes0D9eUDeeAafB2As	LOVE. FEAT. ZACARI.	Kendrick Lamar	3680043	31	13	5	-6
38	2rb5MvYT7ZIxbKW5hfcHx8	Mi Gente	J Balvin	3652240	70	2	38	32
39	7hDc8b7IXETo14hHIHdnhd	Passionfruit	Drake	3572919	32	17	1	-7
40	1nX9KhK3Fff27SnrIor2Yb	4 AM	2 Chainz	3517378	37	4	22	-3
41	2EEeOnHehOozLq4aS0n6SL	iSpy (feat. Lil Yachty)	KYLE	3387285	35	28	2	-6
42	0G149jkGWKwrPXUGkEDgWM	Numb	21 Savage	3246548	nan	1	42	new
43	1wjzFQodRWrPcQ0AnYnvQ9	I Like Me Better	Lauv	3221385	47	6	43	4
44	6kig1UFggPUyZBCvXD3Wod	No Complaints	Metro Boomin	3144946	39	3	39	-5
45	6H0AwSQ20mo62jGlPGB8S6	It's A Vibe	2 Chainz	3104794	44	11	44	-1
46	4aWmUDTfIPGksMNLV2rQP2	Despacito (Featuring Daddy Yankee)	Luis Fonsi	3027309	42	25	32	-4
47	6jA8HL9i4QGzsj6fjoxp8Y	There for You	Martin Garrix	3004447	41	7	32	-6
48	6SwRhMLwNqEi6alNPVG00n	LOYALTY. FEAT. RIHANNA.	Kendrick Lamar	2986974	43	13	4	-5
49	5Z3GHaZ6ec9bsiI5BenrbY	Young Dumb & Broke	Khalid	2946395	55	14	49	6
50	6RUKPb4LETWmmr3iAEQktW	Something Just Like This	The Chainsmokers	2891000	40	21	2	-10
51	1CKd1PnqfYx0H12V9MSaIY	Get Low (with Liam Payne)	Zedd	2850229	nan	1	51	new
52	1SJtlNRJDeYHioymcvsqev	Crying in the Club	Camila Cabello	2782549	52	8	52	0
53	0q75NwOoFiARAVp4EXU4Bs	Love Galore (feat. Travis Scott)	SZA	2563039	61	9	53	8
54	4Q3N4Ct4zCuIHuZ65E3BD4	Tunnel Vision	Kodak Black	2534489	46	21	5	-8
55	2bjwRfXMk4uRgOD9IBYl9h	Portland	Drake	2518039	45	17	2	-10
56	3Ytr1SUCUi6J3L9dRFx5iH	Know No Better (feat. Travis Scott, Camila Cabello & Quavo)	Major Lazer	2464275	51	6	36	-5
57	0SGkqnVQo9KPytSri1H6cF	Bounce Back	Big Sean	2438082	50	28	3	-7
58	19HA9J80qZfIkAnp2g8N2S	Famous	21 Savage	2394996	nan	1	58	new
59	1sXUWdKx03aP9Gmzft58rt	Issues	Julia Michaels	2354373	48	26	11	-11
60	3eR23VReFzcdmS7TYCrhCe	It Ain't Me (with Selena Gomez)	Kygo	2337213	54	21	3	-6
61	5uCax9HTNlzGybIStD3vDh	Say You Won't Let Go	James Arthur	2311673	63	28	15	2
62	7BKLCZ1jbUBVqRi2FVlTVw	Closer	The Chainsmokers	2297359	53	28	4	-9
63	2habSXqcJGExM6JJyskY7O	Malibu	Miley Cyrus	2295393	49	9	7	-14
64	4q8PHoRsPUB52LFylX8Ulz	More Than You Know	Axwell /\ Ingrosso	2293212	69	6	64	5
65	59J5nzL1KniFHnU120dQzt	wokeuplikethis*	Playboi Carti	2272663	58	13	54	-7
66	6zLdXcmvIxnAXpz9sXFnIE	Craving You	Thomas Rhett	2269495	71	7	66	5
67	2mfUa8bLs2s5N4VaqJZ4lZ	Most Girls	Hailee Steinfeld	2238920	75	11	60	8
68	0NiXXAI876aGImAd6rTj8w	Mama	Jonas Blue	2219051	nan	1	68	new
69	7KOlJ92bu51cltsD9KU5I7	T-Shirt	Migos	2188497	56	26	6	-13
70	6mapJIPnQ23RTAevUoE0DL	Swang	Rae Sremmurd	2182861	60	28	23	-10
71	4Km5HrUvYTaSUfiSGPJeQR	Bad and Boujee (feat. Lil Uzi Vert)	Migos	2152968	57	28	1	-14
72	3Q3myFA7q4Op95DOpHplaY	do re mi	blackbear	2131901	73	11	30	1
73	6kex4EBAj0WHXDKZMEJaaF	Swalla (feat. Nicki Minaj & Ty Dolla $ign)	Jason Derulo	2131769	65	19	35	-8
74	2MnJoNVtf0pw7HUn3I1Tih	Bad Business	21 Savage	2127568	nan	1	74	new
75	1EaKU4dMbesXXd3BrLCtYG	ELEMENT.	Kendrick Lamar	2090268	66	13	3	-9
76	4ARPvK8DHLwt4oX65ZAFMw	Look At Me!	XXXTENTACION	2083414	68	20	26	-8
77	7LEydI5NfjY6mZfKwYIptZ	Down	Fifth Harmony	2033254	83	6	50	6
78	1NDxZ7cFAo481dtYWdrUnR	Pretty Girl - Cheat Codes X CADE Remix	Maggie Lindemann	2027120	85	15	67	7
79	343YBumqHu19cGoGARUTsd	Fake Love	Drake	1961114	72	28	2	-7
80	28mrq1UKIVItTbPqyub52b	Close My Eyes	21 Savage	1951022	nan	1	80	new
81	2XaInsPPUkZRkY4uFJ3AHK	Met Gala (feat. Offset)	Gucci Mane	1931032	81	7	54	0
82	0pSBuHjILhNEo55xK1zrRt	Rolex	Ayo & Teo	1927715	74	23	37	-8
83	4c2W3VKsOFoIg2SFaO6DY5	Your Song	Rita Ora	1920798	92	6	80	9
84	3muBQDekYAg7jm6hDu6R0Z	First Day Out	Tee Grizzley	1905572	82	22	79	-2
85	6gHWMJzCYkbDcsqKHoycJw	FaceTime	21 Savage	1901673	nan	1	85	new
86	0qYTZCo5Bwh1nsUFGZP3zn	Felices los 4	Maluma	1894302	98	10	86	12
87	1louJpMmzEicAn7lzDalPW	No Promises (feat. Demi Lovato)	Cheat Codes	1843416	84	15	52	-3
88	7yyRTcZmCiyzzJlNzGC9Ol	Broccoli (feat. Lil Yachty)	DRAM	1838644	80	28	11	-8
89	5aAx2yezTd8zXrkmtKl66Z	Starboy	The Weeknd	1826410	86	28	3	-3
90	6UjfByV1lDLW0SOVQA4NAi	Gyalchester	Drake	1824276	77	17	6	-13
91	4IWAyPf1KMq7JCyGeCjTeH	Whatever It Takes	Imagine Dragons	1789842	76	6	49	-15
92	0utlOiJy2weVl9WTkcEWHy	Neighbors	J. Cole	1771448	104	26	37	12
93	1xznGGDReH1oQq0xzbwXa3	One Dance	Drake	1743208	79	28	13	-14
94	0v9Wz8o0BT8DU38R4ddjeH	No Problem (feat. Lil Wayne & 2 Chainz)	Chance the Rapper	1737545	89	28	24	-5
95	6sBB5CBuzKJhDooro1IraE	Baby Girl	21 Savage	1693880	nan	1	95	new
96	6eT7xZZlB2mwyzJ2sUKG6w	White Iverson	Post Malone	1679763	96	28	77	0
97	1GFvYZ72Ca67UG9Kdjjk3C	Thug Life	21 Savage	1670879	nan	1	97	new
98	6fwdbPMwP1zVStm8FybmkO	X (feat. Future)	21 Savage	1669580	112	28	17	14
99	12o6dxWGk29uIAP3OWY0pM	Homemade Dynamite	Lorde	1668494	95	4	62	-4
100	20dP2DaMHIAmwWAbp7peSr	pick up the phone	Young Thug	1654019	102	28	44	2
101	6QgjcU0zLnzq5OrUoSZ3OK	Feel It Still	Portugal. The Man	1651793	138	4	101	37
102	0B8QzDH7YWih85V5SEMnyJ	Money Longer	Lil Uzi Vert	1651560	99	28	73	-3
103	4cxMGhkinTocPSVVKWIw0d	Losin Control	Russ	1650384	101	26	75	-2
104	3NdDpSvN911VPGivFlV5d0	"I Don’t Wanna Live Forever (Fifty Shades Darker) - From ""Fifty Shades Darker (Original Motion Picture Soundtrack)"""	ZAYN	1647860	100	28	3	-4
105	1a0wEEHipnBR7WOHFA6ucQ	Who Dat Boy (feat. A$AP Rocky)	Tyler, The Creator	1640290	67	2	67	-38
106	6xHI9KjUjYT0FPtGO8Mxa1	Hurricane	Luke Combs	1637249	91	17	85	-15
107	5yuShbu70mtHXY0yLzCQLQ	Go Flex	Post Malone	1610684	107	28	97	0
108	0ESJlaM8CE1jRWaNtwSNj8	beibs in the trap	Travis Scott	1586175	114	27	106	6
109	3LRddJIw2ymm1CHIO9xlkC	Bring Dem Things	French Montana	1585474	nan	1	109	new
110	5Ohxk2dO5COHF1krpoPigN	Sign of the Times	Harry Styles	1562325	97	14	16	-13
111	5q5gzmbBS5yQzos2BvVr1t	Nights With You	MØ	1555329	103	9	99	-8
112	6XOYVSmNDjKUNMXooU4s4z	No Vacancy	OneRepublic	1545146	122	9	75	10
113	2wf9bp4MkChojtljddWpbO	PRBLMS	6LACK	1541522	119	23	100	6
114	5GFDrUTLGJix84sNhjCG0g	Caroline	Aminé	1534673	106	28	6	-8
115	25C5CowdsfXld2jJanbiex	Sorry Not Sorry	Demi Lovato	1531496	nan	1	115	new
116	4PzovBqgnSHKd8opsP7IVM	Everyday We Lit (feat. PnB Rock)	YFN Lucci	1528634	109	14	109	-7
117	25oOaleife6E2MIKmFkPvg	Relationship (feat. Future)	Young Thug	1526616	117	4	80	0
118	62vpWI1CHwFy7tMIcSStl8	No Role Modelz	J. Cole	1503920	121	28	71	3
119	2cnKEkpVUSV4wnjQiTWfH6	Escápate Conmigo	Wisin	1503357	147	5	119	28
120	72jbDTw1piOOj770jWNeaG	Paris	The Chainsmokers	1500466	115	26	4	-5
121	1pGAvZo2axYXAXYiSeYEqY	911 / Mr. Lonely (feat. Frank Ocean & Steve Lacy)	Tyler, The Creator	1497819	64	2	64	-57
122	3sJHkcxojoJD2Ytbo1yLLF	Two High	Moon Taxi	1488102	140	3	122	18
123	10M2Ex445zw585Ducldzkw	In Case You Didn't Know	Brett Young	1487077	105	16	102	-18
124	045SnNDjOfOLKM5OxARH4g	Small Town Boy	Dustin Lynch	1478372	125	6	124	1
125	5GXAXm5YOmYT0kL5jHvYBt	I Feel It Coming	The Weeknd	1471617	113	28	10	-12
126	6b8Be6ljOzmkOmFslEb23P	24K Magic	Bruno Mars	1469546	108	28	14	-18
127	2ANLarE8yHVsLWW21nj79M	You Was Right	Lil Uzi Vert	1469375	118	28	28	-9
128	5de7ci7TFqbQ1PFgKAD7MR	Horses (with PnB Rock, Kodak Black & A Boogie Wit da Hoodie)	PnB Rock	1463303	123	12	123	-5
129	0QsvXIfqM0zZoerQfsI9lm	Don't Let Me Down	The Chainsmokers	1453268	111	28	43	-18
130	7zVCrzzEJU7u24sbJPXA5W	What Ifs (feat. Lauren Alaina)	Kane Brown	1436534	145	6	130	15
131	1jQsKN68yE94tMYml0wHMd	Jump Out The Window	Big Sean	1431620	128	13	28	-3
132	6PCUP3dWmTjcTtXY02oFdT	Castle on the Hill	Ed Sheeran	1415553	133	27	4	1
133	2Ce5IyMlVRVvN997ZJjJJA	Selfish (feat. Rihanna)	Future	1413848	129	20	24	-4
134	2Gl0FzuLxflY6nPifJp5Dr	First Time	Kygo	1408022	78	11	40	-56
135	6DLSa36zH0cSTO7bWCCxx0	Nothin New	21 Savage	1401537	nan	1	135	new
136	3A2OHirUAlQp2x73BJlEDA	Perfect Pint (feat. Kendrick Lamar, Gucci Mane & Rae Sremmurd)	Mike WiLL Made-It	1397109	139	12	119	3
137	1x5sYLZiu9r5E43kMlt9f8	Symphony (feat. Zara Larsson)	Clean Bandit	1396905	142	17	48	5
138	4wdZdkEugVVorAfzqRqC6N	Candy Paint	Post Malone	1386387	135	7	135	-3
139	3pndPhlQWjuSoXhcIIdBjv	What They Want	Russ	1383879	131	28	117	-8
140	1qOLh0tI7trd1zdDKxYZTe	Starving	Hailee Steinfeld	1380137	148	28	18	8
141	7EiZI6JVHllARrX9PUvAdX	Low Life (feat. The Weeknd)	Future	1378985	132	28	59	-9
142	3kkObn08oHrNmCFHSNR0jD	Flex Like Ouu	Lil Pump	1374554	150	6	142	8
143	4gmmRb6bZJffOOiww1JGTO	No Heart	21 Savage	1373222	173	28	20	30
144	2pmYug1wWd0WoK5tpbsbKL	Dead People	21 Savage	1370576	nan	1	144	new
145	1tlBuoIRrtqFs9bE9dmli5	Extra Luv (feat. YG)	Future	1364634	88	2	88	-57
146	0VhgEqMTNZwYL1ARDLLNCX	Can I Be Him	James Arthur	1359084	146	5	138	0
147	6fujklziTHa8uoM5OQSfIo	Black Beatles	Rae Sremmurd	1358026	136	28	5	-11
148	51PIvodunv6NmX5250zxAh	The Cure	Lady Gaga	1350027	151	13	44	3
149	0zcmVx57BsnlYaPu7k2e2e	Whole Lot	21 Savage	1334124	nan	1	149	new
150	6kl1qtQXQsFiIWRBK24Cfp	RAF	A$AP Mob	1329653	nan	1	150	new
151	0Fv5N0cHBsl4bzCbollCAS	Moves	Big Sean	1320347	141	28	10	-10
152	7cGFbx7MP0H23iHZTZpqMM	Everybody	Logic	1318090	153	15	26	1
153	37F0uwRSrdzkBiuj0D5UHI	Reminder	The Weeknd	1315145	154	23	69	1
154	4gqMQftUs22F8pOGVn5Acr	Reminding Me	Shawn Hook	1313674	156	4	129	2
155	6mORGLOz79w6VsCRLWYYuK	The Night We Met	Lord Huron	1311437	163	14	48	8
156	07pJdL0L9XDGW0HBj0rIS2	Skateboard P (feat. Big Sean)	MadeinTYO	1308999	160	15	136	4
157	06RzVT7uWMYv2fPTyiOy1m	Money Convo	21 Savage	1306363	nan	1	157	new
158	5GG3knKdxKWrNboRijxeKF	Run Me Dry	Bryson Tiller	1296629	166	7	65	8
159	1U3XdjHLA6TgpVEGTikNcp	7 Min Freestyle	21 Savage	1294323	nan	1	159	new
160	3E2Zh20GDCR9B1EYjfXWyv	Weak	AJR	1288932	127	26	30	-33
161	5tFep7dXGd7vEJ668wTPux	Both (feat. Drake)	Gucci Mane	1288440	144	28	38	-17
162	6c7D34787LOtPm8tzhsLgH	Rake It Up	Yo Gotti	1281741	nan	1	162	new
163	39pS70eeDvyCAF3t8NAlVV	Good Drank	2 Chainz	1273466	134	16	61	-29
164	0afhq8XCExXpqazXczTSve	Galway Girl	Ed Sheeran	1272208	158	19	7	-6
165	2NyrXRn4tancYPW6JwtTl2	From The D To The A (feat. Lil Yachty)	Tee Grizzley	1270152	152	17	100	-13
166	56kXYt4KRoUq3rzkPdjquB	Audi.	Smokepurpp	1267059	178	2	166	12
167	3pXF1nA74528Edde4of9CC	Don't	Bryson Tiller	1260012	159	28	82	-8
168	5hYTyyh2odQKphUbMqc5gN	"How Far I'll Go - From ""Moana"""	Alessia Cara	1257136	161	28	20	-7
169	6Pw3Gvw4wNMZfTYZa6IQal	The Way I Are (Dance with Somebody) (feat. Lil Wayne) - Spotify Version	Bebe Rexha	1254586	172	6	135	3
170	05nbZ1xxVNwUTcGwLbp7CN	Myself	NAV	1252834	157	11	99	-13
171	248OFOZef6ShXv6DGgbnxU	Saved	Khalid	1235809	179	19	137	8
172	2RwmsAOxtiRezQPmvyejb8	Ex Calling	6LACK	1231397	197	5	172	25
173	43PuMrRfbyyuz4QpZ3oAwN	Exchange	Bryson Tiller	1230419	171	28	84	-2
174	2xbI8Vmyv3TkpTdywpPyNw	Selfish	PnB Rock	1226297	168	28	47	-6
175	7qs2GAglLWfxEfmO8u2u0A	High Without Your Love	Loote	1223755	155	4	155	-20
176	2aksifNn5ph8igDOkPBA02	Love On The Brain	Rihanna	1222098	167	28	39	-9
177	2YK01AIIWuywG24gsbuizE	Congratulations - Remix	Post Malone	1211212	143	4	95	-34
178	22eADXu8DfOAUEDw4vU8qy	Ahora Dice	Chris Jeday	1209863	nan	1	178	new
179	5uDASfU19gDxSjW8cnCaBp	Chill Bill (feat. J. Davi$ & Spooks)	Rob $tone	1201413	162	28	19	-17
180	6mb6lVLNrcUgLnEN8QnDJd	How Far I'll Go	Auli'i Cravalho	1199715	180	15	148	0
181	74ODGXs4byLTRdnKGM4s6E	Super Far	LANY	1193692	nan	1	181	new
182	6yr8GiTHWvFfi4o6Q5ebdT	'Till I Collapse	Eminem	1186414	nan	13	155	re-enter
183	5hfpu8saHLGedbHRtNCYjm	Trap Paris (feat. Quavo & Ty Dolla $ign)	Machine Gun Kelly	1186155	185	8	112	2
184	5qbcsZMwL0x46sX7VO37Ye	Up	NAV	1185231	165	13	74	-19
185	4iYRa2btalAzPZoSYfROqF	XXX. FEAT. U2.	Kendrick Lamar	1181867	149	13	8	-36
186	7rErmb9ztCh29H8nWmavQz	Special	21 Savage	1181094	nan	1	186	new
187	6JV2JOEocMgcZxYSZelKcc	"CAN'T STOP THE FEELING! (Original Song from DreamWorks Animation's ""TROLLS"")"	Justin Timberlake	1178509	170	26	56	-17
188	0BCy325UZyR9z0t0uxwn2N	H.O.L.Y.	Florida Georgia Line	1172684	164	8	164	-24
189	2Z8WuEywRWYTKe1NybPQEW	Ride	Twenty One Pilots	1171742	130	26	65	-59
190	1HOUzEsetdIPSpAgRPhZQt	Nobody Else but You	Trey Songz	1170509	198	4	189	8
191	0w3Q14i073jLoew1hgJkwD	Heartache On The Dance Floor	Jon Pardi	1161557	187	2	187	-4
192	7zxRMhXxJMQCeDDg0rKAVo	Some Way	NAV	1159776	192	17	87	0
193	1eVRnmGhDPATPxz6kqWuCP	Uh Huh	Julia Michaels	1151065	176	2	176	-17
194	5kNe7PE09d6Kvw5pAsx23n	Die A Happy Man	Thomas Rhett	1135741	175	3	175	-19
195	6p5GuyEqQH5pv02ouEyogQ	My Girl	Dylan Scott	1135429	nan	1	195	new
196	6dVZCbi9CYtD9LjAHXRjIG	Mask Off (feat. Kendrick Lamar) - Remix	Future	1135320	137	4	137	-59
197	6i0V12jOa3mr6uu4WYhUBr	Heathens	Twenty One Pilots	1134466	186	28	26	-11
198	7wwifjNAb172PtDpKK3CoR	V. 3005	Childish Gambino	1134083	nan	1	198	new
199	76Y0gxtTxN0FyDCYh5qYQj	Get Right Witcha	Migos	1132529	169	24	33	-30
200	4pLwZjInHj3SimIyN9SnOz	Side To Side	Ariana Grande	1130293	nan	27	24	re-enter
