position	song_id	song_name	artist	streams	last_week_position	weeks_on_chart	peak_position	position_status
1	7wGoVu4Dady5GV0Sv4UIsx	rockstar	Post Malone	10001761	1	12	1	0
2	0bYg9bo50gSsH3LtXe2SQn	All I Want for Christmas Is You	Mariah Carey	6960656	8	7	2	6
3	43ZyHQITOjhciSUUNPVRHc	Gucci Gang	Lil Pump	6394378	3	12	2	0
4	75ZvA4QfFiZvzhj2xkaWAh	I Fall Apart	Post Malone	6198073	6	15	2	2
5	75FDPwaULRdYDn4StFN2rT	Bartier Cardi (feat. 21 Savage)	Cardi B	5873144	nan	1	5	new
6	2DQ1ITjI0YoLFzuADN1ZBW	No Limit	G-Eazy	5793420	4	2	4	-2
7	7sO5G9EABYOXQKNPNiE9NR	Ric Flair Drip (& Metro Boomin)	Offset	5619691	7	9	4	0
8	5k38wzpLb15YgncyWdTZE4	Him & I (with Halsey)	G-Eazy	5329679	5	2	5	-3
9	3T7dNA7O8c3Axj5WyDNcH3	Rockin' Around The Christmas Tree - Single Version	Brenda Lee	5098977	22	6	9	13
10	42CeaId2XNlxugDvyqHfDf	Candy Paint	Post Malone	5082627	9	10	4	-1
11	0ofbQMrRDsUaVKq2mGLEAb	Havana	Camila Cabello	5020326	10	21	4	-1
12	7GX5flRQZVHRAGd6B4TmDO	XO Tour Llif3	Lil Uzi Vert	4871200	12	18	2	0
13	5UEnHoDYpsxlfzWLZIc7LD	River (feat. Ed Sheeran)	Eminem	4728587	2	2	2	-11
14	2fQrGHiQOvpL9UgPvtYy6G	Bank Account	21 Savage	4696762	13	14	3	-1
15	6mrKP2jyIQmM0rw6fQryjr	Let You Down	NF	4353532	11	11	11	-4
16	1mXVgsBdtIVeCLJnSnmtdV	Too Good At Goodbyes	Sam Smith	4345047	14	8	3	-2
17	1YZfcVLbbJwfizR5cDOp3q	MotorSport	Migos	4283590	17	9	9	0
18	3ncgNpxLoBQ65ABk4djDyd	PICK IT UP (feat. A$AP Rocky)	Famous Dex	4249112	15	9	15	-3
19	2FRnf9qhLbvw8fu4IBXx78	Last Christmas	Wham!	4247409	40	6	19	21
20	0tgVpDi06FyKpA1z0VMD4v	Perfect	Ed Sheeran	4240483	19	34	13	-1
21	5hslUAKq9I9CG2bAulFkHN	It's the Most Wonderful Time of the Year	Andy Williams	4101683	42	6	21	21
22	3a1lNhkSLSkpJE4MSHpDu9	Congratulations	Post Malone	4089383	20	52	5	-2
23	7J6bnDDitOwfelaJNixHhL	Modern Slavery	Huncho Jack	4051455	nan	1	23	new
24	1cImYkHOQMFE7AZC9aOk4y	Jingle Bell Rock	Bobby Helms	4039109	48	2	24	24
25	4DTpngLjoHj5gFxEZFeD3J	Codeine Dreaming (feat. Lil Wayne)	Kodak Black	3933328	23	5	23	-2
26	6urLjX35oXXRYtcH1b3dCh	Dubai Shit	Huncho Jack	3925518	nan	1	26	new
27	5tz69p7tJuGPeMGwNTxYuV	1-800-273-8255	Logic	3885999	21	35	1	-6
28	7KXjTSCq5nL1LoYtL7XAwS	HUMBLE.	Kendrick Lamar	3879405	24	39	1	-4
29	628Ueb4sRiXApObhcU9iPU	Black & Chinese	Huncho Jack	3861235	nan	1	29	new
30	4dVpf9jZjcORqGTLUaeYj9	Plain Jane	A$AP Ferg	3835344	18	18	8	-12
31	6PGoSes0D9eUDeeAafB2As	LOVE. FEAT. ZACARI.	Kendrick Lamar	3789182	39	37	5	8
32	7EmGUiUaOSGDnUUQUDrOXC	Wolves	Selena Gomez	3751719	16	10	5	-16
33	7foypmc7KZyU716Yv63BPe	Saint	Huncho Jack	3737376	nan	1	33	new
34	2771LMNxwf62FTAdpJMQfM	Bodak Yellow	Cardi B	3699484	38	23	3	4
35	65Q2mv3UlVi9eO70OpsmSe	A Holly Jolly Christmas - Single Version	Burl Ives	3698321	50	5	35	15
36	4so0Wek9Ig1p6CRCHuINwW	White Christmas	Bing Crosby	3672948	60	5	36	24
37	4vwfOiyWxXeEdx4ejAJgdx	Eye 2 Eye	Huncho Jack	3658830	nan	1	37	new
38	5Z3GHaZ6ec9bsiI5BenrbY	Young Dumb & Broke	Khalid	3652303	25	38	6	-13
39	299lFlaAsNQdgbIZNPmIA0	Christmas Time Is Here - Vocal	Vince Guaraldi Trio	3640312	65	5	39	26
40	2ekn2ttSfGqwhhate0LSR0	New Rules	Dua Lipa	3604865	26	24	20	-14
41	5WoaF1B5XIEnWfmb5NZikf	Sky Walker (feat. Travis Scott)	Miguel	3524300	29	4	29	-12
42	1XRgIKC5TPwo7nWGyKqgG0	I Get the Bag (feat. Migos)	Gucci Mane	3515841	30	11	7	-12
43	790MhTXPFrYkrqCKvpg4t1	Wanted You (feat. Lil Uzi Vert)	NAV	3491986	28	7	28	-15
44	7iDa6hUg2VgEL1o1HjmfBn	Meant to Be (feat. Florida Georgia Line)	Bebe Rexha	3491402	33	16	23	-11
45	1hvpDAxZPKjKztOc72sv06	Do They Know It's Christmas? - 1984 Version	Band Aid	3467750	70	5	45	25
46	7inXu0Eaeg02VsM8kHNvzM	Let It Snow! Let It Snow! Let It Snow! (with The B. Swanson Quartet)	Frank Sinatra	3373020	64	5	46	18
47	6NWl2m8asvH83xjuXVNsuG	Betrayed	Lil Xan	3350787	32	10	25	-15
48	5humEOJehpAwMJEJmb0JJ2	The Christmas Song (Merry Christmas To You)	Nat King Cole	3313642	69	5	48	21
49	7vGuf3Y35N4wmASOKLUVVU	Silence	Marshmello	3290883	31	20	10	-18
50	7y9iMe8SOB6z3NoHE2OfXl	Bad At Love	Halsey	3283744	34	20	25	-16
51	7g7raxdQpiLZT7aOlib4S1	Motorcycle Patches	Huncho Jack	3261022	nan	1	51	new
52	5AEtlRudpgdT5FtNiuly6Y	Let Me Go (with Alesso, Florida Georgia Line & watt)	Hailee Steinfeld	3137640	35	15	25	-17
53	1yxgsra98r3qAtxqiGZPiX	BUTTERFLY EFFECT	Travis Scott	3113737	43	32	9	-10
54	3hBBKuWJfxlIlnd9QFoC8k	What Lovers Do (feat. SZA)	Maroon 5	3089503	36	8	9	-18
55	2x0WlnmfG39ZuDmstl9xfX	End Game	Taylor Swift	3066629	41	4	41	-14
56	5vuiHi3QYbwcm1OKJOYnrf	Huncho Jack	Huncho Jack	3024537	nan	1	56	new
57	3QiAAp20rPC3dcAtKtMaqQ	Blue Christmas	Elvis Presley	3007838	74	5	57	17
58	6gBFPUFcJLzWGx4lenP6h2	goosebumps	Travis Scott	2991907	46	52	16	-12
59	40oKW22ZNNkEdZLJTScaQI	Roll In Peace (feat. XXXTENTACION)	Kodak Black	2973647	44	19	24	-15
60	5VEuraNSVxMTzDTtrmL3lQ	Winter Wonderland	Bing Crosby	2969158	80	5	60	20
61	7m9OqQk4RVRkw9JJdeAw96	Jocelyn Flores	XXXTENTACION	2948259	45	18	3	-16
62	152lZdxL1OR0ZMW6KquMif	Location	Khalid	2919880	49	52	9	-13
63	1bhUWB0zJMIKr9yVPrkEuI	Perfect Duet (Ed Sheeran & Beyoncé)	Ed Sheeran	2858551	27	4	5	-36
64	2eAZfqOm4EnOF9VvN50Tyc	The Way Life Goes (feat. Oh Wonder)	Lil Uzi Vert	2856616	51	18	8	-13
65	0tKcYR2II1VCQWT79i5NrW	Thunder	Imagine Dragons	2848837	55	32	21	-10
66	0taOCiup4HNG9LmbduVlJj	Rubbin Off The Paint	YBN Nahmir	2792018	62	9	51	-4
67	3B54sVLJ402zGa6Xm4YGNe	Unforgettable	French Montana	2749970	54	25	1	-13
68	7taXf5odg9xCAZERYfyOkS	Feliz Navidad	José Feliciano	2718407	93	5	68	25
69	4tHqQMWSqmL6YjXwsqthDI	Carol of the Bells	Mykola Dmytrovych Leontovych	2680695	92	5	69	23
70	7AQim7LbvFVZJE3O8TYgf2	Fuck Love (feat. Trippie Redd)	XXXTENTACION	2671554	56	18	8	-14
71	6IeK3Ap5m3HabwJxgI6eSE	It's Beginning to Look a Lot Like Christmas (with Mitchell Ayres & His Orchestra)	Perry Como	2626411	103	5	71	32
72	7JGyxh8G8QZnu4AMJuCqlj	Saint Laurent Mask	Huncho Jack	2619988	nan	1	72	new
73	6p8NuHm8uCGnn2Dtbtf7zE	Slippery (feat. Gucci Mane)	Migos	2595071	63	48	21	-10
74	3m660poUr1chesgkkjQM7P	Sorry Not Sorry	Demi Lovato	2583593	61	13	11	-13
75	5Htb1uFQ1KrkFXlefS8oGj	Tell Me You Love Me	Demi Lovato	2548774	77	4	75	2
76	0lLdorYw7lVrJydTINhWdI	It's Beginning to Look a Lot like Christmas	Michael Bublé	2541454	82	5	76	6
77	1f5cbQtDrykjarZVrShaDI	Drowning (feat. Kodak Black)	A Boogie Wit da Hoodie	2531294	66	13	21	-11
78	6VpQdig9pdpTSIFItgkJV5	Never Be the Same	Camila Cabello	2530497	57	3	55	-21
79	5u6vkDnOyaf8LsteDAj2ub	Ghostface Killers	21 Savage	2522163	47	9	8	-32
80	2pnPe4pJtq7689i5ydzvJJ	Run Rudolph Run - Single Version	Chuck Berry	2514247	106	5	80	26
81	1ADjWm8QNhgNV8yCNNgQ1T	Santa Tell Me	Ariana Grande	2497825	100	5	81	19
82	3zJw3rugfpVrmBeDDnUYzy	Happy Xmas (War Is Over) - Remastered	John Lennon	2484280	126	5	82	44
83	1foCxQtxBweJtZmdxhEHVO	Santa Baby (with Henri René & His Orchestra)	Eartha Kitt	2431689	111	5	83	28
84	4RgoqOBE34Q6zZj8K7RUAx	Go	Huncho Jack	2404103	nan	1	84	new
85	7qiZfU4dY1lWllzX7mPBI3	Shape of You	Ed Sheeran	2396730	76	51	1	-9
86	4fndbjoz1qJyK6JcLdKfzm	Stir Fry	Migos	2390788	nan	1	86	new
87	4eqne0oIdt9GW2ubiliny0	"Have Yourself A Merry Little Christmas - ""Meet Me In St. Louis"" Original Cast Recording"	Judy Garland	2377538	133	4	87	46
88	7bTH8LgGSwyNNE4r1k95Zp	Moon Rock	Huncho Jack	2335187	nan	1	88	new
89	4hXAK3mjFVFOOiJQ3rKAXi	Rudolph The Red-Nosed Reindeer	Burl Ives	2324482	128	5	89	39
90	4gavOCQdZ2g86gkvi17FM7	Wonderful Christmastime - Remastered 2011 / Edited Version	Paul McCartney	2302534	122	5	90	32
91	2vjmyyAnDUzilFYxOlTdO1	GUMMO	6ix9ine	2290373	75	7	52	-16
92	0OI7AFifLSoGzpb8bdBLLV	Home (with Machine Gun Kelly, X Ambassadors & Bebe Rexha)	Machine Gun Kelly	2280558	67	5	60	-25
93	7CWiWkccuRRdrmaW6AjVEf	How U Feel	Huncho Jack	2278194	nan	1	93	new
94	5yuShbu70mtHXY0yLzCQLQ	Go Flex	Post Malone	2262835	71	52	24	-23
95	6HZILIRieu8S0iqY8kIKhj	DNA.	Kendrick Lamar	2262596	79	37	2	-16
96	0CcQNd8CINkwQfe1RDtGV6	Believer	Imagine Dragons	2230951	88	44	11	-8
97	11cCVYamncF0ezwjj1irQ0	Where U From	Huncho Jack	2228444	nan	1	97	new
98	32OWobmyAz8J2qA8iWekyS	Mistletoe	Justin Bieber	2227047	117	5	98	19
99	32DGGj6KlNuBr6WaqRxpxi	How Long	Charlie Puth	2222669	72	12	39	-27
100	3qk4wRMDlaeagZGjSYbsOV	Sober	G-Eazy	2175373	52	2	52	-48
101	5xlS0QkVrSH7ssEbBgBzbM	Little Saint Nick - 1991 Remix	The Beach Boys	2139385	141	4	101	40
102	0VgkVdmE4gld66l8iyGjgx	Mask Off	Future	2106235	94	8	73	-8
103	4QX5pZQpQTgVlkqfUTDim0	Silver Bells	Dean Martin	2094389	165	4	103	62
104	3kxfsdsCpFgN412fpnW85Y	Redbone	Childish Gambino	2063042	85	52	9	-19
105	7Ed6BkggCS2KaKY5YlINaF	MIC Drop (feat. Desiigner) [Steve Aoki Remix]	BTS	2061339	73	5	68	-32
106	4knL4iPxPOZjQzTUlELGSY	Rake It Up	Yo Gotti	2029720	89	9	37	-17
107	25leEEaz1gIpp7o21Fqyjo	Here Comes Santa Claus (Right Down Santa Claus Lane)	Gene Autry	2026264	143	3	107	36
108	6QgjcU0zLnzq5OrUoSZ3OK	Feel It Still	Portugal. The Man	2011768	90	28	17	-18
109	3wAI7MIQtTgwcRmwchPZBc	Go Legend (& Metro Boomin)	Big Sean	2004600	58	3	22	-51
110	6eT7xZZlB2mwyzJ2sUKG6w	White Iverson	Post Malone	1967618	97	52	66	-13
111	7mldq42yDuxiUNn08nvzHO	Body Like A Back Road	Sam Hunt	1955768	110	47	15	-1
112	1e1JKLEDKP7hEQzJfNAgPl	Magnolia	Playboi Carti	1940804	98	36	12	-14
113	0q75NwOoFiARAVp4EXU4Bs	Love Galore (feat. Travis Scott)	SZA	1937166	95	33	24	-18
114	3wdfLVUhmX64lIyWIIEW8s	Ice Tray	Quality Control	1929429	101	3	101	-13
115	4EZUcj7c8n9pWIwHqN0DoH	Do You Hear What I Hear?	Bing Crosby	1926439	192	3	115	77
116	7faDzZnZYqTyYThx2sbHVQ	Mistletoe And Holly - Remastered 1999	Frank Sinatra	1922215	182	3	116	66
117	6UrKVLhzBYZY6fXmNyCLDi	Mele Kalikimaka - Single Version	Bing Crosby	1918545	196	2	117	79
118	5CtI0qwDJkDQGwXD1H1cLb	Despacito - Remix	Luis Fonsi	1918058	118	37	1	0
119	4V6MRo0CEAC9MwAm7dkPuL	Real Friends	Camila Cabello	1916776	99	3	80	-20
120	3eLWJ29j2FGM91T7aGlHHW	Joy To The World	Nat King Cole	1906976	nan	1	120	new
121	1uL78kFWxhz3umTMWJu8n5	Sauce It Up	Lil Uzi Vert	1886639	109	18	23	-12
122	6keKIzkXWdbwJWMBJQUwYl	The First Noel - Remastered 1999	Frank Sinatra	1854133	nan	1	122	new
123	2EEeOnHehOozLq4aS0n6SL	iSpy (feat. Lil Yachty)	KYLE	1850570	121	52	2	-2
124	1zsG4eaZmkA1dvjDDsAGLK	Échame La Culpa	Luis Fonsi	1848213	119	6	52	-5
125	2rb5MvYT7ZIxbKW5hfcHx8	Mi Gente	J Balvin	1845391	116	26	8	-9
126	4iLqG9SeJSnt0cSPICSjxv	Attention	Charlie Puth	1842841	120	36	16	-6
127	6Tof6kPUc2a17GKaKz4IXz	You're A Mean One, Mr. Grinch - From Dr. Seuss' 'How The Grinch Stole Christmas'	Thurl Ravenscroft	1841015	nan	1	127	new
128	4cxMGhkinTocPSVVKWIw0d	Losin Control	Russ	1826501	102	50	75	-26
129	25oOaleife6E2MIKmFkPvg	Relationship (feat. Future)	Young Thug	1822888	104	28	55	-25
130	2xmrfQpmS2iJExTlklLoAL	I Miss You (feat. Julia Michaels)	Clean Bandit	1820898	87	9	57	-43
131	4pYZLpX23Vx8rwDpJCpPTA	New Freezer (feat. Kendrick Lamar)	Rich The Kid	1815954	112	13	66	-19
132	597IVBYr60vm0HKjgOnztJ	Sleigh Ride	Carpenters	1814617	nan	1	132	new
133	6gU9OKjOE7ghfEd55oRO57	The Weekend	SZA	1802921	124	24	92	-9
134	4MrfQL4TYQXJBlZYpAHTuE	Baby, It's Cold Outside	Dean Martin	1794710	191	2	134	57
135	1P17dC1amhFzptugyAO7Il	Look What You Made Me Do	Taylor Swift	1791098	108	4	59	-27
136	550rQQCGkrTzvp4SfpOPzx	Hallelujah	Pentatonix	1782936	135	5	135	-1
137	6tjituizSxwSmBB5vtgHZE	Holly Jolly Christmas	Michael Bublé	1774392	183	2	137	46
138	4Km5HrUvYTaSUfiSGPJeQR	Bad and Boujee (feat. Lil Uzi Vert)	Migos	1765462	132	52	1	-6
139	3wGXyJGsCf1myH5MooQIqE	The Race	Tay-K	1764049	114	3	98	-25
140	2YzmfPLqUx5CJOaw5ThsBV	Plain Jane REMIX	A$AP Ferg	1754974	170	2	140	30
141	3DXncPQOG4VBw3QHh3S817	I'm the One (feat. Justin Bieber, Quavo, Chance the Rapper & Lil Wayne)	DJ Khaled	1752503	131	31	2	-10
142	1WIZiOuNO3woKfdlSK2gNn	Transportin'	Kodak Black	1742893	115	19	37	-27
143	5uCax9HTNlzGybIStD3vDh	Say You Won't Let Go	James Arthur	1742588	129	52	15	-14
144	6NFyWDv5CjfwuzoCkw47Xf	Delicate	Taylor Swift	1738991	187	4	95	43
145	4Q3N4Ct4zCuIHuZ65E3BD4	Tunnel Vision	Kodak Black	1724446	137	45	5	-8
146	1Qg9jWGDkKAGZXj5v2OG59	Wait	Maroon 5	1688539	59	7	59	-87
147	0KKkJNfGyhkQ5aFogxQAPU	That's What I Like	Bruno Mars	1686487	142	52	3	-5
148	0SGkqnVQo9KPytSri1H6cF	Bounce Back	Big Sean	1682949	140	52	3	-8
149	3GVkPk8mqxz0itaAriG1L7	Everybody Dies In Their Nightmares	XXXTENTACION	1672744	125	18	15	-24
150	2yLa0QULdQr0qAIvVwN6B5	...Ready For It?	Taylor Swift	1669028	113	4	61	-37
151	7zVCrzzEJU7u24sbJPXA5W	What Ifs (feat. Lauren Alaina)	Kane Brown	1667356	144	30	50	-7
152	1j4kHkkpqZRBwE0A4CN4Yv	Dusk Till Dawn - Radio Edit	ZAYN	1662971	84	16	15	-68
153	6H0AwSQ20mo62jGlPGB8S6	It's A Vibe	2 Chainz	1616896	136	35	41	-17
154	7Hz6LLOVxrojLPIHJJ1S0E	Have Yourself A Merry Little Christmas	Sam Smith	1606896	195	2	154	41
155	2zHu4GAsQIw2skGszWEMFY	The Little Drummer Boy	Bing Crosby	1600844	nan	1	155	new
156	5hcisvFMidkMJlElTO9Qmw	Sensualidad	Bad Bunny	1599664	138	5	133	-18
157	6EpRaXYhGOB3fj4V2uDkMJ	Strip That Down	Liam Payne	1597884	145	32	13	-12
158	2hIFuoXhzcZGvmdtSE35lc	Best Man	Huncho Jack	1596702	nan	1	158	new
159	7hDc8b7IXETo14hHIHdnhd	Passionfruit	Drake	1593185	146	41	1	-13
160	6eYxmK9fdL4hwLnXG2zY3s	Look At Me!	XXXTENTACION	1586062	153	4	144	-7
161	3YeJXuRSNS5FYwOsDu44kD	Dark Knight Dummo (Feat. Travis Scott)	Trippie Redd	1564261	96	3	63	-65
162	6SwRhMLwNqEi6alNPVG00n	LOYALTY. FEAT. RIHANNA.	Kendrick Lamar	1563898	160	37	4	-2
163	2nUJvBO87SkxCViQsLc9Zr	Man's Not Hot	Big Shaq	1552229	127	7	117	-36
164	0OlnLZY4cmQzT6ZGttvWBM	So Far Away (feat. Jamie Scott & Romy Dya)	Martin Garrix	1540087	149	4	138	-15
165	1QXg7pVx5hpAZWw8KIAcGw	Merry Christmas Darling - Album Version/Remix	Carpenters	1539909	nan	1	165	new
166	3Q3myFA7q4Op95DOpHplaY	do re mi	blackbear	1522644	162	35	30	-4
167	62vpWI1CHwFy7tMIcSStl8	No Role Modelz	J. Cole	1520960	154	52	71	-13
168	0OWZFobGSIW9GrSlQ9C5pc	Marry Me	Thomas Rhett	1519186	188	3	168	20
169	7KOlJ92bu51cltsD9KU5I7	T-Shirt	Migos	1518161	167	50	6	-2
170	15EPc80XuFrb2LmOzGjuRg	Crew (feat. Brent Faiyaz & Shy Glizzy)	GoldLink	1510826	159	23	113	-11
171	2m2ZGfJcs3lHWNPzhWH3XH	La Modelo	Ozuna	1508604	nan	1	171	new
172	6GNifiuBPrKFpwNBYnooFm	The Way Life Goes (feat. Nicki Minaj & Oh Wonder) - Remix	Lil Uzi Vert	1506047	151	8	62	-21
173	5aAx2yezTd8zXrkmtKl66Z	Starboy	The Weeknd	1489202	174	52	3	1
174	1OAh8uOEOvTDqkKFsKksCi	Wild Thoughts (feat. Rihanna & Bryson Tiller)	DJ Khaled	1483641	176	28	2	2
175	59J5nzL1KniFHnU120dQzt	wokeuplikethis*	Playboi Carti	1478130	166	37	54	-9
176	5ymVfeMK8cDew5vzntTuc7	Sleigh Ride	Andy Williams	1470986	nan	1	176	new
177	6RUKPb4LETWmmr3iAEQktW	Something Just Like This	The Chainsmokers	1470349	186	45	2	9
178	0i7lZhEMEheehKyCtBJIIL	Silent Night	Carpenters	1458250	nan	1	178	new
179	4lESS6vuruP6a79KWRaQou	Corazón	Maluma	1457709	190	2	179	11
180	4FQJyi8gnbhKy623wNx6Ps	All I Want For Christmas (Is My Two Front Teeth) - Remastered	Nat King Cole Trio	1449806	nan	1	180	new
181	5gx2E5aIXMRBellPZW1up5	Pills & Automobiles (feat. Yo Gotti, A Boogie Wit Da Hoodie & Kodak Black)	Chris Brown	1444391	161	9	78	-20
182	56dllQaFZBw3SPTiKZvqYH	The Man With The Bag	Kay Starr	1439937	nan	1	182	new
183	5NT0aZqWImC9fTzkW4z48o	KOODA	6ix9ine	1437568	150	3	90	-33
184	5lyikKk6KFWfWCuDDir9Fx	Rockin' Around The Christmas Tree	Miley Cyrus	1435369	nan	1	184	new
185	1wjzFQodRWrPcQ0AnYnvQ9	I Like Me Better	Lauv	1435016	168	30	30	-17
186	3whrwq4DtvucphBPUogRuJ	Havana - Remix	Camila Cabello	1433543	157	6	50	-29
187	4z8sz6E4YyFuEkv5o7IJni	Mary, Did You Know?	Pentatonix	1433080	178	4	173	-9
188	2z4pcBLQXF2BXKFvd0BuB6	Tip Toe (feat. French Montana)	Jason Derulo	1413570	147	6	91	-41
189	2XDhuJvvx2wcIROXbfTTYr	Believe	Eminem	1412050	37	2	37	-152
190	38yBBH2jacvDxrznF7h08J	Slow Hands	Niall Horan	1411080	172	10	48	-18
191	6a1hzBiTkgqTsDA0Xgfh9z	Santa Claus Is Coming To Town	The Jackson 5	1401000	nan	1	191	new
192	7BKLCZ1jbUBVqRi2FVlTVw	Closer	The Chainsmokers	1400098	180	52	4	-12
193	0frzpcv2zCUk13mn0X824T	Mall	Gucci Mane	1397952	nan	1	193	new
194	3VTNVsTTu05dmTsVFrmGpK	Fairytale of New York (feat. Kirsty MacColl)	The Pogues	1393664	nan	1	194	new
195	79cuOz3SPQTuFrp8WgftAu	There's Nothing Holdin' Me Back	Shawn Mendes	1392796	199	36	29	4
196	0ZoHHROTzwIYeNAHRPedTY	Driving Home for Christmas	Chris Rea	1382491	nan	1	196	new
197	1m69ELEgE6k5ZWsap40ozt	Se Preparó	Ozuna	1377669	nan	8	142	re-enter
198	0ESJlaM8CE1jRWaNtwSNj8	beibs in the trap	Travis Scott	1374338	173	51	97	-25
199	6M0IsaUX4GNyto4niSegfI	No Option	Post Malone	1364845	175	15	113	-24
200	0jdny0dhgjUwoIp5GkqEaA	Praying	Kesha	1358925	171	20	17	-29
