position	song_id	song_name	artist	streams	last_week_position	weeks_on_chart	peak_position	position_status
1	7wGoVu4Dady5GV0Sv4UIsx	rockstar	Post Malone	17366836	nan	1	1	new
2	5tz69p7tJuGPeMGwNTxYuV	1-800-273-8255	Logic	8117184	2	24	1	0
3	75ZvA4QfFiZvzhj2xkaWAh	I Fall Apart	Post Malone	7936637	7	4	3	4
4	2771LMNxwf62FTAdpJMQfM	Bodak Yellow	Cardi B	7630755	3	12	3	-1
5	2fQrGHiQOvpL9UgPvtYy6G	Bank Account	21 Savage	7434029	4	3	4	-1
6	43ZyHQITOjhciSUUNPVRHc	Gucci Gang	Lil Pump	6448847	nan	1	6	new
7	7GX5flRQZVHRAGd6B4TmDO	XO Tour Llif3	Lil Uzi Vert	6323777	5	7	2	-2
8	5Z3GHaZ6ec9bsiI5BenrbY	Young Dumb & Broke	Khalid	5915123	6	27	6	-2
9	2eAZfqOm4EnOF9VvN50Tyc	The Way Life Goes (feat. Oh Wonder)	Lil Uzi Vert	5718544	8	7	8	-1
10	7m9OqQk4RVRkw9JJdeAw96	Jocelyn Flores	XXXTENTACION	5612567	10	7	3	0
11	0mel2N9Ws9r4yLQn5QE21Y	Too Good At Goodbyes - Edit	Sam Smith	5509244	15	5	2	4
12	3a1lNhkSLSkpJE4MSHpDu9	Congratulations	Post Malone	5414545	12	41	5	0
13	3m660poUr1chesgkkjQM7P	Sorry Not Sorry	Demi Lovato	5087085	11	2	11	-2
14	7KXjTSCq5nL1LoYtL7XAwS	HUMBLE.	Kendrick Lamar	5034342	16	28	1	2
15	7vGuf3Y35N4wmASOKLUVVU	Silence	Marshmello	5014297	13	9	10	-2
16	0ofbQMrRDsUaVKq2mGLEAb	Havana	Camila Cabello	4967456	14	10	14	-2
17	3B54sVLJ402zGa6Xm4YGNe	Unforgettable	French Montana	4922905	9	14	1	-8
18	1HTtUBEY3tuw2btgwwI2Ja	I Get The Bag (feat. Migos)	Gucci Mane	4689058	19	8	18	1
19	4mxWSdf71VFO52qFeY0fZt	What Lovers Do (feat. SZA)	Maroon 5	4577045	22	6	18	3
20	1yxgsra98r3qAtxqiGZPiX	BUTTERFLY EFFECT	Travis Scott	4508669	20	21	9	0
21	6QgjcU0zLnzq5OrUoSZ3OK	Feel It Still	Portugal. The Man	4289272	28	17	20	7
22	1f5cbQtDrykjarZVrShaDI	Drowning (feat. Kodak Black)	A Boogie Wit da Hoodie	4210849	21	2	21	-1
23	0tKcYR2II1VCQWT79i5NrW	Thunder	Imagine Dragons	4152960	25	21	21	2
24	40oKW22ZNNkEdZLJTScaQI	Roll In Peace (feat. XXXTENTACION)	Kodak Black	4127786	24	8	24	0
25	6uFsE1JgZ20EXyU0JQZbUR	Look What You Made Me Do	Taylor Swift	4073793	18	7	1	-7
26	6c7D34787LOtPm8tzhsLgH	Rake It Up	Yo Gotti	4053065	23	14	21	-3
27	1j4kHkkpqZRBwE0A4CN4Yv	Dusk Till Dawn - Radio Edit	ZAYN	4006270	30	5	15	3
28	0tgVpDi06FyKpA1z0VMD4v	Perfect	Ed Sheeran	3996896	38	23	15	10
29	2ekn2ttSfGqwhhate0LSR0	New Rules	Dua Lipa	3952118	26	13	25	-3
30	6gBFPUFcJLzWGx4lenP6h2	goosebumps	Travis Scott	3906381	32	41	16	2
31	0D8ZpOXVjapLXrjz5VfZSD	Pray	Sam Smith	3846770	nan	1	31	new
32	152lZdxL1OR0ZMW6KquMif	Location	Khalid	3837056	31	41	9	-1
33	7AQim7LbvFVZJE3O8TYgf2	Fuck Love (feat. Trippie Redd)	XXXTENTACION	3700210	34	7	8	1
34	0q75NwOoFiARAVp4EXU4Bs	Love Galore (feat. Travis Scott)	SZA	3661650	33	22	24	-1
35	7y9iMe8SOB6z3NoHE2OfXl	Bad At Love	Halsey	3627235	51	9	35	16
36	0CokSRCu5hZgPxcZBaEzVE	Glorious (feat. Skylar Grey)	Macklemore	3595773	29	3	20	-7
37	1WIZiOuNO3woKfdlSK2gNn	Transportin'	Kodak Black	3571000	37	8	37	0
38	52okn5MNA47tk87PeZJLEL	Let You Down	NF	3519589	nan	1	38	new
39	5yuShbu70mtHXY0yLzCQLQ	Go Flex	Post Malone	3434159	52	41	39	13
40	6p8NuHm8uCGnn2Dtbtf7zE	Slippery (feat. Gucci Mane)	Migos	3424573	40	37	21	0
41	4dVpf9jZjcORqGTLUaeYj9	Plain Jane	A$AP Ferg	3382259	57	7	41	16
42	7iDa6hUg2VgEL1o1HjmfBn	Meant to Be (feat. Florida Georgia Line)	Bebe Rexha	3348817	41	5	41	-1
43	7fwXWKdDNI5IutOMc5OKYw	Mi Gente (feat. Beyoncé)	J Balvin	3341001	17	2	17	-26
44	2rb5MvYT7ZIxbKW5hfcHx8	Mi Gente	J Balvin	3328756	35	15	8	-9
45	5RCfvwDewu6p2x1mEI6smX	The Race	Tay-K	3288664	39	9	35	-6
46	32DGGj6KlNuBr6WaqRxpxi	How Long	Charlie Puth	3257084	nan	1	46	new
47	69Naniu2KjKjaQOBUagE8U	Homemade Dynamite (Feat. Khalid, Post Malone & SZA) - REMIX	Lorde	3246883	53	2	47	6
48	0CcQNd8CINkwQfe1RDtGV6	Believer	Imagine Dragons	3181200	42	33	11	-6
49	5AEtlRudpgdT5FtNiuly6Y	Let Me Go (with Alesso, Florida Georgia Line & watt)	Hailee Steinfeld	3080313	44	4	44	-5
50	6EpRaXYhGOB3fj4V2uDkMJ	Strip That Down	Liam Payne	2994970	36	21	13	-14
51	1e1JKLEDKP7hEQzJfNAgPl	Magnolia	Playboi Carti	2920180	45	25	12	-6
52	5CtI0qwDJkDQGwXD1H1cLb	Despacito - Remix	Luis Fonsi	2892457	46	26	1	-6
53	6HZILIRieu8S0iqY8kIKhj	DNA.	Kendrick Lamar	2808253	48	26	2	-5
54	6PGoSes0D9eUDeeAafB2As	LOVE. FEAT. ZACARI.	Kendrick Lamar	2747939	56	26	5	2
55	7nZmah2llfvLDiUjm0kiyz	Friends (with BloodPop®)	Justin Bieber	2721939	43	8	4	-12
56	25oOaleife6E2MIKmFkPvg	Relationship (feat. Future)	Young Thug	2698730	58	17	56	2
57	4iLqG9SeJSnt0cSPICSjxv	Attention	Charlie Puth	2665670	61	25	16	4
58	3kxfsdsCpFgN412fpnW85Y	Redbone	Childish Gambino	2626471	55	41	9	-3
59	7zVCrzzEJU7u24sbJPXA5W	What Ifs (feat. Lauren Alaina)	Kane Brown	2619977	83	19	59	24
60	1OAh8uOEOvTDqkKFsKksCi	Wild Thoughts (feat. Rihanna & Bryson Tiller)	DJ Khaled	2619340	49	17	2	-11
61	7mldq42yDuxiUNn08nvzHO	Body Like A Back Road	Sam Hunt	2595667	64	36	15	3
62	0Zbbxnx4SGGHoIow4PpISP	Stargazing	Kygo	2578350	90	3	62	28
63	6H0AwSQ20mo62jGlPGB8S6	It's A Vibe	2 Chainz	2568492	54	24	41	-9
64	3GVkPk8mqxz0itaAriG1L7	Everybody Dies In Their Nightmares	XXXTENTACION	2539736	60	7	15	-4
65	3rOSwuTsUlJp0Pu0MkN8r8	Mask Off	Future	2532491	65	34	2	0
66	4wdZdkEugVVorAfzqRqC6N	Candy Paint	Post Malone	2493582	69	20	66	3
67	19WjVVgXjdKXfLXoaDPwTM	...Ready For It?	Taylor Swift	2488055	47	5	10	-20
68	6eT7xZZlB2mwyzJ2sUKG6w	White Iverson	Post Malone	2480227	72	41	68	4
69	1uL78kFWxhz3umTMWJu8n5	Sauce It Up	Lil Uzi Vert	2468328	59	7	23	-10
70	3DXncPQOG4VBw3QHh3S817	I'm the One (feat. Justin Bieber, Quavo, Chance the Rapper & Lil Wayne)	DJ Khaled	2460400	63	20	2	-7
71	7qiZfU4dY1lWllzX7mPBI3	Shape of You	Ed Sheeran	2397465	71	40	1	0
72	59J5nzL1KniFHnU120dQzt	wokeuplikethis*	Playboi Carti	2360773	68	26	54	-4
73	1rsAFUCa6BVMgRQ3FCQQsi	Boss	Lil Pump	2340380	nan	1	73	new
74	2Xqd0wUttjueBfdcltADOv	No Limit	G-Eazy	2305795	84	5	74	10
75	5XQMr19TL7Mfksq9zihbOu	Questions	Chris Brown	2298510	75	8	68	0
76	2uSLx5uwRIhiA3sJJraNqX	Help Me Out (with Julia Michaels)	Maroon 5	2258640	nan	1	76	new
77	2Za1AlJNvksouPPWbXpR2X	Good Old Days (feat. Kesha)	Macklemore	2248423	82	3	77	5
78	7F9vK8hNFMml4GtHsaXui6	Back to You (feat. Bebe Rexha & Digital Farm Animals)	Louis Tomlinson	2233247	62	12	28	-16
79	167NczpNbRF7oWakJaY3Hh	Slow Hands	Niall Horan	2218500	74	23	28	-5
80	1wjzFQodRWrPcQ0AnYnvQ9	I Like Me Better	Lauv	2181062	50	19	30	-30
81	6SwRhMLwNqEi6alNPVG00n	LOYALTY. FEAT. RIHANNA.	Kendrick Lamar	2171820	77	26	4	-4
82	0jdny0dhgjUwoIp5GkqEaA	Praying	Kesha	2154504	79	9	17	-3
83	5bcTCxgc7xVfSaMV3RuVke	Feels (feat. Pharrell Williams, Katy Perry & Big Sean)	Calvin Harris	2143037	67	16	9	-16
84	2EEeOnHehOozLq4aS0n6SL	iSpy (feat. Lil Yachty)	KYLE	2114470	80	41	2	-4
85	4pYZLpX23Vx8rwDpJCpPTA	New Freezer (feat. Kendrick Lamar)	Rich The Kid	2108339	93	2	85	8
86	53mrVsi49rLHIaKBiSvElG	do re mi (feat. Gucci Mane)	blackbear	2105782	73	11	70	-13
87	5uCax9HTNlzGybIStD3vDh	Say You Won't Let Go	James Arthur	2061648	85	41	15	-2
88	2nYwV62UABTH0NanrwVIdQ	Perplexing Pegasus	Rae Sremmurd	2035741	78	10	37	-10
89	4Q3N4Ct4zCuIHuZ65E3BD4	Tunnel Vision	Kodak Black	2016557	87	34	5	-2
90	0KKkJNfGyhkQ5aFogxQAPU	That's What I Like	Bruno Mars	2013213	88	41	3	-2
91	2OALaHcDdKkjYEpAr0Qzab	Lonely Together (feat. Rita Ora)	Avicii	2011265	106	9	54	15
92	1fEl5TPKRJAsuP6TqZ23hB	D Rose	Lil Pump	1981398	nan	1	92	new
93	79cuOz3SPQTuFrp8WgftAu	There's Nothing Holdin' Me Back	Shawn Mendes	1957762	89	25	29	-4
94	30MM5jWpUmOxtTNd9Ey5LZ	Unforgettable	Thomas Rhett	1952697	70	5	38	-24
95	5SE57ljOIUJ1ybL9U6CuBH	DNA	BTS	1946741	76	4	52	-19
96	2vaMWMPMgsWX4fwJiKmdWm	Undefeated (feat. 21 Savage)	A Boogie Wit da Hoodie	1939776	81	2	81	-15
97	4cxMGhkinTocPSVVKWIw0d	Losin Control	Russ	1927464	104	39	75	7
98	0SGkqnVQo9KPytSri1H6cF	Bounce Back	Big Sean	1921489	92	41	3	-6
99	6gU9OKjOE7ghfEd55oRO57	The Weekend	SZA	1898221	96	13	92	-3
100	31MkGwj0SWgZaTvEt5Hgxv	What About Us	P!nk	1894108	98	9	67	-2
101	7floNISpH8VF4z4459Qo18	Look At Me!	XXXTENTACION	1888405	94	2	94	-7
102	3AMnOVxEHUgVrythGgqPhI	Say A'	A Boogie Wit da Hoodie	1885829	66	2	66	-36
103	2hJWZvTw4QVBwC14ZNs1Ib	Flex Like Ouu	Lil Pump	1864117	nan	1	103	new
104	4Km5HrUvYTaSUfiSGPJeQR	Bad and Boujee (feat. Lil Uzi Vert)	Migos	1863329	97	41	1	-7
105	7hDc8b7IXETo14hHIHdnhd	Passionfruit	Drake	1861470	95	30	1	-10
106	7KOlJ92bu51cltsD9KU5I7	T-Shirt	Migos	1845462	100	39	6	-6
107	2ZE3DJuizYTad2S4CvRRhK	Easy Love	Lauv	1826526	nan	1	107	new
108	3Q3myFA7q4Op95DOpHplaY	do re mi	blackbear	1810995	107	24	30	-1
109	1tp1xMJ1uaOktksskS0Fzs	Curve (feat. The Weeknd)	Gucci Mane	1776375	86	4	44	-23
110	1nX9KhK3Fff27SnrIor2Yb	4 AM	2 Chainz	1751959	109	17	22	-1
111	2YMhrXQYKkm4kXLcXKKd5z	Small Town Boy	Dustin Lynch	1748222	112	5	87	1
112	6RUKPb4LETWmmr3iAEQktW	Something Just Like This	The Chainsmokers	1731602	111	34	2	-1
113	3muBQDekYAg7jm6hDu6R0Z	First Day Out	Tee Grizzley	1730002	113	35	79	0
114	6M0IsaUX4GNyto4niSegfI	No Option	Post Malone	1705802	120	4	114	6
115	4xBjsLUSjcx2h7PcRikpQp	OMG	Camila Cabello	1699727	91	10	63	-24
116	3uFmweGlFudKNiX13XFwFm	Molly	Lil Pump	1681283	nan	1	116	new
117	2bjwRfXMk4uRgOD9IBYl9h	Portland	Drake	1674711	110	30	2	-7
118	1DRW9bQzt2SE8f7H4KJZyL	Sky Walker (feat. Travis Scott)	Miguel	1666769	132	7	110	14
119	0ESJlaM8CE1jRWaNtwSNj8	beibs in the trap	Travis Scott	1666363	115	40	97	-4
120	6mapJIPnQ23RTAevUoE0DL	Swang	Rae Sremmurd	1663772	116	41	23	-4
121	6fwdbPMwP1zVStm8FybmkO	X (feat. Future)	21 Savage	1655678	117	41	17	-4
122	2RwmsAOxtiRezQPmvyejb8	Ex Calling	6LACK	1654666	99	18	64	-23
123	32zhF8yXc1lej5EcudJXp7	Back (feat. Lil Yachty)	Lil Pump	1651012	nan	1	123	new
124	7cQMJ0wDqVS5iM0JIvP6Ay	The Last Of The Real Ones	Fall Out Boy	1633596	101	3	101	-23
125	5aAx2yezTd8zXrkmtKl66Z	Starboy	The Weeknd	1629323	130	41	3	5
126	6xHI9KjUjYT0FPtGO8Mxa1	Hurricane	Luke Combs	1619744	134	30	85	8
127	0Wv5wuenRLI3BcwgT3HPIP	A Different Way (with Lauv)	DJ Snake	1618255	127	3	100	0
128	0B8QzDH7YWih85V5SEMnyJ	Money Longer	Lil Uzi Vert	1612639	125	41	73	-3
129	3vWxQ6wOfMr8zH1u7pVFI6	Bust Down	Trippie Redd	1606858	nan	1	129	new
130	0w3Q14i073jLoew1hgJkwD	Heartache On The Dance Floor	Jon Pardi	1603130	133	15	117	3
131	7BKLCZ1jbUBVqRi2FVlTVw	Closer	The Chainsmokers	1602580	128	41	4	-3
132	4YkwUfWSIxdKNLDXw0caFO	Pills & Automobiles	Chris Brown	1600750	162	2	132	30
133	7tr2za8SQg2CI8EDgrdtNl	Slide (feat. Frank Ocean & Migos)	Calvin Harris	1594301	118	29	8	-15
134	0dA2Mk56wEzDgegdC6R17g	Stay (with Alessia Cara)	Zedd	1591548	122	33	12	-12
135	7i2DJ88J7jQ8K7zqFX2fW8	Now Or Never	Halsey	1588862	126	16	12	-9
136	7yyRTcZmCiyzzJlNzGC9Ol	Broccoli (feat. Lil Yachty)	DRAM	1584169	129	41	11	-7
137	6SKYMNROdeh9V601G6pPn5	Blue Pill	Metro Boomin	1556746	nan	1	137	new
138	5bgwqaRSS3M8WHWruHgSL5	8TEEN	Khalid	1548771	135	15	120	-3
139	1AH60dMaEfNjzDoUIFwIQi	Beast Mode (feat. PnB Rock & YoungBoy Never Broke Again)	A Boogie Wit da Hoodie	1536960	108	2	108	-31
140	7cGFbx7MP0H23iHZTZpqMM	Everybody	Logic	1536553	138	28	26	-2
141	3pndPhlQWjuSoXhcIIdBjv	What They Want	Russ	1531374	143	41	117	2
142	5hTpBe8h35rJ67eAWHQsJx	Caroline	Aminé	1529473	137	11	82	-5
143	5TXDeTFVRVY7Cvt0Dw4vWW	Revenge	XXXTENTACION	1524780	123	7	25	-20
144	62vpWI1CHwFy7tMIcSStl8	No Role Modelz	J. Cole	1522333	131	41	71	-13
145	6D0b04NJIKfEMg040WioJQ	Issues	Julia Michaels	1512408	nan	2	62	re-enter
146	05nbZ1xxVNwUTcGwLbp7CN	Myself	NAV	1500710	144	24	99	-2
147	3hRZsdTF5uyGA2uhNqEuhm	Too Much To Ask	Niall Horan	1497501	102	4	56	-45
148	343YBumqHu19cGoGARUTsd	Fake Love	Drake	1490595	142	41	2	-6
149	2d48mamATjby7wgPjdrSOQ	Craving You	Thomas Rhett	1484173	145	5	75	-4
150	6kig1UFggPUyZBCvXD3Wod	No Complaints	Metro Boomin	1482856	121	16	39	-29
151	1louJpMmzEicAn7lzDalPW	No Promises (feat. Demi Lovato)	Cheat Codes	1475153	147	28	52	-4
152	2wf9bp4MkChojtljddWpbO	PRBLMS	6LACK	1470429	148	36	100	-4
153	1mMLMZYXkMueg65jRRWG1l	When It Rains It Pours	Luke Combs	1466605	152	9	148	-1
154	248OFOZef6ShXv6DGgbnxU	Saved	Khalid	1457825	141	32	120	-13
155	4PzovBqgnSHKd8opsP7IVM	Everyday We Lit (feat. PnB Rock)	YFN Lucci	1457069	139	27	101	-16
156	3gfmFoJgmn9LiIj5mV8oSS	I Just Can't	R3HAB	1454882	159	3	156	3
157	20dP2DaMHIAmwWAbp7peSr	pick up the phone	Young Thug	1453409	146	41	44	-11
158	2S2od3hT7ceytw7d1pTRuE	Again	Noah Cyrus	1449951	nan	2	158	re-enter
159	15EPc80XuFrb2LmOzGjuRg	Crew (feat. Brent Faiyaz & Shy Glizzy)	GoldLink	1442044	154	12	149	-5
160	1iDPB2WNsGEWuKycQyDGn6	Crazy	Lil Pump	1436988	nan	1	160	new
161	3NdDpSvN911VPGivFlV5d0	"I Don’t Wanna Live Forever (Fifty Shades Darker) - From ""Fifty Shades Darker (Original Motion Picture Soundtrack)"""	ZAYN	1429924	157	41	3	-4
162	10M2Ex445zw585Ducldzkw	In Case You Didn't Know	Brett Young	1429192	153	29	102	-9
163	6yr8GiTHWvFfi4o6Q5ebdT	'Till I Collapse	Eminem	1419105	175	24	155	12
164	0AICBlLzFCTpUqmAbtzB2z	Love Scars	Trippie Redd	1415782	161	6	150	-3
165	0v9Wz8o0BT8DU38R4ddjeH	No Problem (feat. Lil Wayne & 2 Chainz)	Chance the Rapper	1412142	155	41	24	-10
166	3eR23VReFzcdmS7TYCrhCe	It Ain't Me (with Selena Gomez)	Kygo	1406639	156	33	3	-10
167	0XLOf9LhyazPX9Ld8jPiUq	Fetish (feat. Gucci Mane)	Selena Gomez	1404156	149	12	15	-18
168	3pXF1nA74528Edde4of9CC	Don't	Bryson Tiller	1384531	169	40	82	1
169	5tRmoZRoupvMYPV1oezFrH	X	Lil Uzi Vert	1359344	136	7	31	-33
170	2mfUa8bLs2s5N4VaqJZ4lZ	Most Girls	Hailee Steinfeld	1357367	163	24	56	-7
171	5tFep7dXGd7vEJ668wTPux	Both (feat. Drake)	Gucci Mane	1346169	166	33	38	-5
172	2NyrXRn4tancYPW6JwtTl2	From The D To The A (feat. Lil Yachty)	Tee Grizzley	1344289	177	29	100	5
173	0qYTZCo5Bwh1nsUFGZP3zn	Felices los 4	Maluma	1339686	164	23	84	-9
174	1UZOjK1BwmwWU14Erba9CZ	Malibu	Miley Cyrus	1338489	114	2	114	-60
175	2yZax79pOrYuyIFVW2cZY2	Carry On	XXXTENTACION	1336052	160	7	38	-15
176	3zoYkqS4y2BsGVShPL2nTE	Reggaetón Lento (Remix)	CNCO	1334778	165	7	165	-11
177	1c5Lbn9mYwNYbnNiizw6D0	Iced Out (feat. 2 Chainz)	Lil Pump	1332416	nan	1	177	new
178	1xznGGDReH1oQq0xzbwXa3	One Dance	Drake	1329763	176	41	13	-2
179	0bXFIF7iL17TYLyx8JHziM	Patty Cake	Kodak Black	1323773	168	24	139	-11
180	0pSBuHjILhNEo55xK1zrRt	Rolex	Ayo & Teo	1317723	195	36	37	15
181	5de7ci7TFqbQ1PFgKAD7MR	Horses (with PnB Rock, Kodak Black & A Boogie Wit da Hoodie)	PnB Rock	1301433	179	25	120	-2
182	2INqEk4ko5AsGVLBsiKiQe	Audi.	Smokepurpp	1297274	158	2	158	-24
183	4at9j7aC7FvDlsllpOvsAC	What U Sayin' (feat. Smokepurpp)	Lil Pump	1294389	nan	1	183	new
184	6UjfByV1lDLW0SOVQA4NAi	Gyalchester	Drake	1285292	178	30	6	-6
185	2ZdCrBA52bb4pIG3tOOZiQ	Dark Queen	Lil Uzi Vert	1281143	174	7	68	-11
186	7oK9VyNzrYvRFo7nQEYkWN	Mr. Brightside	The Killers	1277814	198	2	186	12
187	5tVA6TkbaAH9QMITTQRrNv	Free Fallin'	Tom Petty	1277411	105	2	105	-82
188	43PuMrRfbyyuz4QpZ3oAwN	Exchange	Bryson Tiller	1270869	197	40	84	9
189	2KvHC9z14GSl4YpkNMX384	Do Not Disturb	Drake	1265493	181	16	30	-8
190	5EnYT6F7wEcdege6mDHEfO	Signs	Drake	1263584	167	14	14	-23
191	3PEgB3fkiojxms35ntsTgs	More Than You Know	Axwell /\ Ingrosso	1257987	188	11	58	-3
192	1EaKU4dMbesXXd3BrLCtYG	ELEMENT.	Kendrick Lamar	1251094	182	26	3	-10
193	2ANLarE8yHVsLWW21nj79M	You Was Right	Lil Uzi Vert	1250688	191	41	28	-2
194	0kdiUZDcLIFw0Buo9r0Q4z	Greatest Love Story	LANCO	1243520	193	3	193	-1
195	4aWmUDTfIPGksMNLV2rQP2	Despacito (Featuring Daddy Yankee)	Luis Fonsi	1241519	185	38	32	-10
196	0utlOiJy2weVl9WTkcEWHy	Neighbors	J. Cole	1238301	189	39	37	-7
197	25wStx3LyTjYmHTd3RDu0t	Ex (feat. YG)	Ty Dolla $ign	1236746	nan	1	197	new
198	2cnKEkpVUSV4wnjQiTWfH6	Escápate Conmigo	Wisin	1234635	nan	17	115	re-enter
199	4gmmRb6bZJffOOiww1JGTO	No Heart	21 Savage	1223074	nan	37	20	re-enter
200	5uQOauh47VFt3B2kV9kRXw	My Shit	A Boogie Wit da Hoodie	1219448	200	15	130	0
