position	song_id	song_name	artist	streams	last_week_position	weeks_on_chart	peak_position	position_status
1	4Km5HrUvYTaSUfiSGPJeQR	Bad and Boujee (feat. Lil Uzi Vert)	Migos	9968813	1	4	1	0
2	7qiZfU4dY1lWllzX7mPBI3	Shape of You	Ed Sheeran	9937816	2	3	1	0
3	343YBumqHu19cGoGARUTsd	Fake Love	Drake	8258163	3	4	2	0
4	72jbDTw1piOOj770jWNeaG	Paris	The Chainsmokers	7477760	4	2	4	0
5	5aAx2yezTd8zXrkmtKl66Z	Starboy	The Weeknd	6762822	5	4	3	0
6	3NdDpSvN911VPGivFlV5d0	"I Don’t Wanna Live Forever (Fifty Shades Darker) - From ""Fifty Shades Darker (Original Motion Picture Soundtrack)"""	ZAYN	6578082	6	4	6	0
7	0SGkqnVQo9KPytSri1H6cF	Bounce Back	Big Sean	6044801	7	4	7	0
8	2EEeOnHehOozLq4aS0n6SL	iSpy (feat. Lil Yachty)	KYLE	5452817	14	4	8	6
9	5GFDrUTLGJix84sNhjCG0g	Caroline	Aminé	5293086	8	4	6	-1
10	1PSBzsahR2AKwLJgx8ehBj	Bad Things (with Camila Cabello)	Machine Gun Kelly	5166731	9	4	9	-1
11	5GXAXm5YOmYT0kL5jHvYBt	I Feel It Coming	The Weeknd	4957379	12	4	10	1
12	7BKLCZ1jbUBVqRi2FVlTVw	Closer	The Chainsmokers	4841745	11	4	4	-1
13	6fujklziTHa8uoM5OQSfIo	Black Beatles	Rae Sremmurd	4726260	10	4	5	-3
14	6PCUP3dWmTjcTtXY02oFdT	Castle on the Hill	Ed Sheeran	4373149	13	3	4	-1
15	5uCax9HTNlzGybIStD3vDh	Say You Won't Let Go	James Arthur	4232010	16	4	15	1
16	7yyRTcZmCiyzzJlNzGC9Ol	Broccoli (feat. Lil Yachty)	DRAM	3865456	15	4	11	-1
17	6fwdbPMwP1zVStm8FybmkO	X (feat. Future)	21 Savage	3831853	18	4	17	1
18	7KOlJ92bu51cltsD9KU5I7	T-Shirt	Migos	3772287	43	2	18	25
19	1CnPYaKxTVb4LWOtiGOm0m	All Time Low	Jon Bellion	3757609	19	4	19	0
20	5MFzQMkrl1FOOng9tq6R9r	Don't Wanna Know	Maroon 5	3722520	17	4	15	-3
21	5uDASfU19gDxSjW8cnCaBp	Chill Bill (feat. J. Davi$ & Spooks)	Rob $tone	3483839	22	4	19	1
22	5hYTyyh2odQKphUbMqc5gN	"How Far I'll Go - From ""Moana"""	Alessia Cara	3454649	20	4	20	-2
23	4gmmRb6bZJffOOiww1JGTO	No Heart	21 Savage	3432978	23	4	20	0
24	6I6NX6tjGsxFAsIfGzY9lJ	Deja Vu	J. Cole	3396714	21	4	16	-3
25	6b8Be6ljOzmkOmFslEb23P	24K Magic	Bruno Mars	3267592	24	4	14	-1
26	4F7A0DXBrmUAkp32uenhZt	Party Monster	The Weeknd	3213291	25	4	22	-1
27	78rIJddV4X0HkNAInEcYde	Call On Me - Ryan Riback Extended Remix	Starley	3195220	26	4	26	-1
28	2ANLarE8yHVsLWW21nj79M	You Was Right	Lil Uzi Vert	3081733	28	4	28	0
29	3kxfsdsCpFgN412fpnW85Y	Redbone	Childish Gambino	3036233	38	4	29	9
30	3E2Zh20GDCR9B1EYjfXWyv	Weak	AJR	3032685	46	4	30	16
31	1xznGGDReH1oQq0xzbwXa3	One Dance	Drake	3025815	27	4	13	-4
32	6mapJIPnQ23RTAevUoE0DL	Swang	Rae Sremmurd	3014203	35	4	32	3
33	4ckuS4Nj4FZ7i3Def3Br8W	Sneakin’	Drake	2990856	29	4	24	-4
34	5knuzwU65gJK7IF5yJsuaW	Rockabye (feat. Sean Paul & Anne-Marie)	Clean Bandit	2940469	33	4	33	-1
35	4TZy1wLyHec06pwgFYDh1a	Mercy	Shawn Mendes	2934671	30	4	30	-5
36	0prNGof3XqfTvNDxHonvdK	Scars To Your Beautiful	Alessia Cara	2853235	34	4	33	-2
37	4pLwZjInHj3SimIyN9SnOz	Side To Side	Ariana Grande	2836346	31	4	24	-6
38	6nxQdXa1uAL0rY72wPZu89	Love Me Now	John Legend	2821148	36	4	36	-2
39	1Bqxj0aH5KewYHKUg1IdrF	Some Kind Of Drug	G-Eazy	2802502	41	4	39	2
40	3EmmCZoqpWOTY1g2GBwJoR	Just Hold On	Steve Aoki	2799241	37	4	37	-3
41	1qOLh0tI7trd1zdDKxYZTe	Starving	Hailee Steinfeld	2685700	42	4	18	1
42	04DwTuZ2VBdJCCC5TROn7L	In the Name of Love	Martin Garrix	2684209	40	4	20	-2
43	4pdPtRcBmOSQDlJ3Fk945m	Let Me Love You	DJ Snake	2649769	39	4	12	-4
44	6i0V12jOa3mr6uu4WYhUBr	Heathens	Twenty One Pilots	2607406	45	4	26	1
45	0v9Wz8o0BT8DU38R4ddjeH	No Problem (feat. Lil Wayne & 2 Chainz)	Chance the Rapper	2600862	44	4	31	-1
46	4mU5iXHeLgbR94siF7p1sY	Six Feet Under	The Weeknd	2525105	47	4	42	1
47	2xbI8Vmyv3TkpTdywpPyNw	Selfish	PnB Rock	2503979	54	4	47	7
48	5tFep7dXGd7vEJ668wTPux	Both (feat. Drake)	Gucci Mane	2493195	60	4	48	12
49	1sXUWdKx03aP9Gmzft58rt	Issues	Julia Michaels	2466910	149	2	49	100
50	1yNyoWWWikbLhwIGWjZuDW	All Night	The Vamps	2453616	49	4	49	-1
51	0Fv5N0cHBsl4bzCbollCAS	Moves	Big Sean	2324639	61	4	51	10
52	43jBqV3j3Xi1g6wO0bhIMd	Now and Later	Sage The Gemini	2295599	48	4	48	-4
53	6gBFPUFcJLzWGx4lenP6h2	goosebumps	Travis Scott	2232637	64	4	53	11
54	2aksifNn5ph8igDOkPBA02	Love On The Brain	Rihanna	2189401	59	4	53	5
55	2BrzlUj1u1CtvaJDGIKpsP	Make Me (Cry)	Noah Cyrus	2183917	57	4	55	2
56	6mICuAdrwEjh6Y6lroV2Kg	Chantaje (feat. Maluma)	Shakira	2180102	52	4	52	-4
57	20dP2DaMHIAmwWAbp7peSr	pick up the phone	Young Thug	2174004	55	4	44	-2
58	6HEIBHUirx1J0JkUD24szt	Water	Ugly God	2090620	65	4	58	7
59	0Zx8khUcEfCFK2AEoIhC92	Don't Leave	Snakehips	2089304	73	3	59	14
60	4h90qkbnW1Qq6pBhoPvwko	Sidewalks	The Weeknd	2081558	50	4	47	-10
61	11KJSRSgaDxqydKYiD2Jew	Too Good	Drake	2047810	53	4	38	-8
62	78sr3ogs4UzITcCNbXM9cM	Used to This (feat. Drake)	Future	2041414	66	4	58	4
63	3a1lNhkSLSkpJE4MSHpDu9	Congratulations	Post Malone	2033902	84	4	63	21
64	0hNduWmlWmEmuwEFcYvRu1	Sunset Lover	Petit Biscuit	2025958	63	4	63	-1
65	6F609ICg9Spjrw1epsAnpa	Controlla	Drake	2011295	58	4	41	-7
66	2rizacJSyD9S1IQUxUxnsK	All We Know	The Chainsmokers	1976032	32	4	29	-34
67	1Tt4sE4pXi57mTD1GCzsqm	Needed Me	Rihanna	1973632	67	4	45	0
68	6DNtNfH8hXkqOX1sjqmI7p	Cold Water (feat. Justin Bieber & MØ)	Major Lazer	1963968	62	4	39	-6
69	0utlOiJy2weVl9WTkcEWHy	Neighbors	J. Cole	1953644	56	4	37	-13
70	0BU7nIcCZxYSE0hYcc5oZz	Too Many Years	Kodak Black	1938015	68	4	64	-2
71	7JYsArznYOjX2jsrT3UEnL	OOOUUU	Young M.A	1897480	51	4	27	-20
72	7zTx8ePYAmPFQuxP3xlXZn	Light	San Holo	1868512	72	4	72	0
73	0B8QzDH7YWih85V5SEMnyJ	Money Longer	Lil Uzi Vert	1857399	76	4	73	3
74	0QsvXIfqM0zZoerQfsI9lm	Don't Let Me Down	The Chainsmokers	1846551	69	4	43	-5
75	4vb4mFvYsr2h6enhjJsq9Y	Water Under the Bridge	Adele	1838952	74	4	74	-1
76	6HUnnBwYZqcED1eQztxMBN	Solo Dance	Martin Jensen	1837156	83	4	76	7
77	6JjEVlMkfHWMeYavkEYzNO	Gassed Up	Nebu Kiniza	1835699	85	4	77	8
78	62vpWI1CHwFy7tMIcSStl8	No Role Modelz	J. Cole	1829210	78	4	71	0
79	5OOkp4U9P9oL23maHFHL1h	Panda	Desiigner	1823143	75	4	54	-4
80	7EiZI6JVHllARrX9PUvAdX	Low Life (feat. The Weeknd)	Future	1820053	77	4	59	-3
81	042x9bsUBWW2fJgJ6fUh61	Not Going Home	DVBBS	1763376	71	4	71	-10
82	1FUViuNSldssMIawrOXF2i	I Got You	Bebe Rexha	1740917	79	4	79	-3
83	4uhvMW7ly7tJil31YYscAN	Erase Your Social	Lil Uzi Vert	1721644	82	4	76	-1
84	1wZqJM5FGDEl3FjHDxDyQd	Come and See Me (feat. Drake)	PARTYNEXTDOOR	1717700	89	4	81	5
85	0WCEaydwN65cvwaW8aqptF	History	Olivia Holt	1712839	106	3	85	21
86	6eT7xZZlB2mwyzJ2sUKG6w	White Iverson	Post Malone	1712494	94	4	85	8
87	4dASQiO1Eoo3RJvt74FtXB	Sucker For Pain (with Wiz Khalifa, Imagine Dragons, Logic & Ty Dolla $ign feat. X Ambassadors)	Lil Wayne	1710430	81	4	61	-6
88	3pXF1nA74528Edde4of9CC	Don't	Bryson Tiller	1703905	91	4	82	3
89	0B8B8cVRFIG1yznoQe7c9s	Setting Fires	The Chainsmokers	1692121	70	4	70	-19
90	04CttTezSnv71USiiG9mIo	Lighthouse - Andrelli Remix	Hearts & Colors	1655459	86	4	86	-4
91	2wDjpPW3HZdA9quPPmZAMu	Trust Nobody (feat. Selena Gomez & Tory Lanez)	Cashmere Cat	1648711	80	4	79	-11
92	6t2ubAB4iSYOuIpRAOGd4t	Cake - Challenge Version	Flo Rida	1644803	99	4	92	7
93	2Z8WuEywRWYTKe1NybPQEW	Ride	Twenty One Pilots	1641175	93	4	65	0
94	4Hf7WnR761jpxPr5D46Bcd	Treat You Better	Shawn Mendes	1639843	88	4	47	-6
95	152lZdxL1OR0ZMW6KquMif	Location	Khalid	1634346	108	4	95	13
96	3TRFq09DUgYj1mug6RRqJW	Lot to Learn	Luke Christopher	1622799	96	4	96	0
97	37F0uwRSrdzkBiuj0D5UHI	Reminder	The Weeknd	1618173	90	4	69	-7
98	2LBqCSwhJGcFQeTHMVGwy3	Die For You	The Weeknd	1610727	92	4	79	-6
99	43PuMrRfbyyuz4QpZ3oAwN	Exchange	Bryson Tiller	1583590	98	4	84	-1
100	55OdqrG8WLmsYyY1jijD9b	Wyclef Jean	Young Thug	1582565	135	4	100	35
101	1cG0umU5TKStygKsPFZ9pY	Shed a Light	Robin Schulz	1579904	100	4	100	-1
102	5oyUurs28XRagLa8lgm6V3	Too Much Sauce	DJ ESCO	1577333	103	4	95	1
103	4Q4jmPHwu0wrJvqrld0FQ6	I Would Like	Zara Larsson	1570329	95	4	95	-8
104	6AGON2BGdPmPMJGiiNuuwl	Immortal	J. Cole	1565076	87	4	50	-17
105	5J5PXmMdQ2nh1lZOal8KmK	Litty (feat. Tory Lanez)	Meek Mill	1564847	97	4	97	-8
106	34oWbFBfGEElvgO0a5c9V4	No Flockin'	Kodak Black	1557514	102	4	90	-4
107	6A8dnC0xkiuWN4BshmTB2I	Oceans Away	A R I Z O N A	1556580	118	2	107	11
108	27GmP9AWRs744SzKcpJsTZ	Jumpman	Drake	1544103	101	4	73	-7
109	2h3i5tGUl6hMu572umjcGo	Running Back (feat. Lil Wayne)	Wale	1541583	nan	1	109	new
110	6cAKeFFYW2aClZSUyvqAEW	It's Gotta Be You	Isaiah	1540330	120	3	110	10
111	4atJ40xfasjdM9ZF3p07BV	Halfway Off The Balcony	Big Sean	1536739	nan	1	111	new
112	1crSsvtU9wZB15dIQXV2QH	Moving On and Getting Over	John Mayer	1521603	nan	1	112	new
113	1lntL1cI2UIWlxjL5QiN8g	The Other	Lauv	1516552	122	2	113	9
114	3SGWp9fJCzgK0WcpcKSQdy	Romantic - NOTD Remix	Stanaj	1510329	124	2	114	10
115	7vRriwrloYVaoAe3a9wJHe	i hate u, i love u (feat. olivia o'brien)	gnash	1505647	104	4	77	-11
116	4WfjYOo0JxommRm1PyObJl	High For Hours	J. Cole	1499030	nan	1	116	new
117	05Z7jet4VDNVgNQWcYHnrk	Party	Chris Brown	1476558	117	4	117	0
118	0KKkJNfGyhkQ5aFogxQAPU	That's What I Like	Bruno Mars	1469942	123	4	111	5
119	0H8XeaJunhvpBdBFIYi6Sh	Deja Vu	Post Malone	1451156	110	4	108	-9
120	5nA67Y0XX9JipZwYxX7Gl7	This Town	Niall Horan	1440664	119	4	112	-1
121	6JV2JOEocMgcZxYSZelKcc	"CAN'T STOP THE FEELING! (Original Song from DreamWorks Animation's ""TROLLS"")"	Justin Timberlake	1439947	109	4	56	-12
122	3CRDbSIZ4r5MsZ0YwxuEkn	Stressed Out	Twenty One Pilots	1433797	111	4	92	-11
123	1D3ODoXHBLpdxolZRHWV1j	By Your Side	Jonas Blue	1433349	107	4	107	-16
124	4tCtwWceOPWzenK2HAIJSb	Work from Home (feat. Ty Dolla $ign)	Fifth Harmony	1425683	116	4	52	-8
125	0q5DrtpnnGpOvBy5nnPMbe	Timeless (feat. DJ SPINKING)	A Boogie Wit da Hoodie	1418060	125	4	125	0
126	40UroIGvsMPLPBYwH8rMNA	Steady 1234 (feat. Jasmine Thompson & Skizzy Mars)	Vice	1412503	105	4	105	-21
127	1BECwm5qkaBwlbfo4kpYx8	Death of a Bachelor	Panic! At The Disco	1411966	189	3	127	62
128	1a5Yu5L18qNxVhXx38njON	Hear Me Now	Alok	1408359	112	4	112	-16
129	0oiCeOPwm4zhwfyIpAE37y	Love on the Weekend	John Mayer	1401018	nan	1	129	new
130	36xxq7VDZZsGwARsn6Clo7	Living Single	Big Sean	1386184	126	4	126	-4
131	39pS70eeDvyCAF3t8NAlVV	Good Drank	2 Chainz	1385191	132	4	131	1
132	6eIygPhGcBFKKcxlGTJlY0	Changing	John Mayer	1363242	nan	1	132	new
133	40yJGQyEaBbIkXpwMFkXip	One Night	Lil Yachty	1359200	114	4	98	-19
134	14WWzenpaEgQZlqPq2nk4v	Work	Rihanna	1354066	113	4	57	-21
135	1trZGMI2CGyVT44STkpCoN	Let Me Explain	Bryson Tiller	1342637	127	4	127	-8
136	34i4yxPrHWquuR4kjiivFO	Somebody Else	VÉRITÉ	1292913	130	4	130	-6
137	25khomWgBVamSdKw7hzm3l	The Hills	The Weeknd	1287157	131	4	121	-6
138	40YcuQysJ0KlGQTeGUosTC	Me, Myself & I	G-Eazy	1283355	129	4	103	-9
139	6ZOPiKQeibCn7fP8dncucL	Blue Ain't Your Color	Keith Urban	1282919	141	4	139	2
140	6i759FCuKx713ZnYjtpQGU	True Colors	The Weeknd	1279559	128	4	112	-12
141	68EMU2RD1ECNeOeJ5qAXCV	We Don't Talk Anymore	Charlie Puth	1273372	134	4	96	-7
142	3pndPhlQWjuSoXhcIIdBjv	What They Want	Russ	1270688	137	4	132	-5
143	4KW1lqgSr8TKrvBII0Brf8	Father Stretch My Hands Pt. 1	Kanye West	1270669	133	4	115	-10
144	1lItf5ZXJc1by9SbPeljFd	Juju On That Beat (TZ Anthem)	Zay Hilfigerrr	1267126	115	4	87	-29
145	0ESJlaM8CE1jRWaNtwSNj8	beibs in the trap	Travis Scott	1237974	159	3	145	14
146	7yHEDfrJNd0zWOfXwydNH0	Into You	Ariana Grande	1233688	136	4	63	-10
147	5yuShbu70mtHXY0yLzCQLQ	Go Flex	Post Malone	1232354	150	4	143	3
148	5uQOauh47VFt3B2kV9kRXw	My Shit	A Boogie Wit da Hoodie	1231805	144	4	130	-4
149	1WRy5l3TwrwlzNmB5bOeKw	Pop Style	Drake	1227563	138	4	123	-11
150	0jOfl1nZf6sVBTG08Q4brn	Call Casting	Migos	1226327	121	2	121	-29
151	6canmpFnLHVUzvVWAodifz	There He Go	Kodak Black	1222436	154	3	151	3
152	6O6M7pJLABmfBRoGZMu76Y	Roses	The Chainsmokers	1209651	139	4	128	-13
153	4aWmUDTfIPGksMNLV2rQP2	Despacito (Featuring Daddy Yankee)	Luis Fonsi	1209579	nan	1	153	new
154	17Fd6Yb7mSbinKG8LoWfFl	I Took A Pill In Ibiza - Seeb Remix	Mike Posner	1202205	146	4	102	-8
155	6yr8GiTHWvFfi4o6Q5ebdT	'Till I Collapse	Eminem	1200775	157	4	155	2
156	3DX4Y0egvc0slLcLl31h2p	Secrets	The Weeknd	1180356	145	4	116	-11
157	433P7tDcIAi6NLnf4Sh6tI	Still Here	Drake	1170570	160	4	145	3
158	0azC730Exh71aQlOt9Zj3y	This Is What You Came For	Calvin Harris	1164630	147	4	71	-11
159	26hcyzSE154xMZCbFdtInA	Taped up Heart (feat. Clara Mae)	KREAM	1162851	151	4	151	-8
160	1Slwb6dOYkBlWal1PGtnNg	Thinking out Loud	Ed Sheeran	1162218	152	3	108	-8
161	7bTwYGhBdSQ8vuXc76Xint	Ophelia	The Lumineers	1149245	173	4	161	12
162	5Z01UMMf7V1o0MzF86s6WJ	"Lose Yourself - From ""8 Mile"" Soundtrack"	Eminem	1145493	165	4	162	3
163	12REd1n8PeiHHWOh066tpr	Never Be Like You	Flume	1140074	155	4	84	-8
164	4scpF6J5uMBvoh6sFB7EL1	No Type	Rae Sremmurd	1129558	172	4	164	8
165	6fxVffaTuwjgEk5h9QyRjy	Photograph	Ed Sheeran	1127055	148	3	91	-17
166	6Ius4TC0L3cN74HT7ENE6e	Wet Dreamz	J. Cole	1118668	177	4	166	11
167	6WhzFzROw3aq3rPWjgYlxr	Gold	Kiiara	1118339	158	4	113	-9
168	0PJIbOdMs3bd5AT8liULMQ	oui	Jeremih	1118003	168	4	154	0
169	1sTUEdVO85YU8Ymk2jeAls	Oh Lord	MiC LOWRY	1112386	140	4	140	-29
170	36YCdzT57us0LhDmCYtrNE	Rockin’	The Weeknd	1111577	161	4	125	-9
171	6GG2tkV9PRYGN5rniXPFXZ	Cash Machine	DRAM	1102472	181	3	171	10
172	19a3JfW8BQwqHWUMbcqSx8	Famous	Kanye West	1096483	170	4	139	-2
173	3pjUyVbFmM96tYhSaKJwTt	Change	J. Cole	1088315	156	4	76	-17
174	3hB5DgAiMAQ4DzYbsMq1IT	Love Yourself	Justin Bieber	1087598	169	4	104	-5
175	7xHWNBFm6ObGEQPaUxHuKO	The Greatest (feat. Kendrick Lamar)	Sia	1086207	162	4	153	-13
176	4IWGnyOHDrVZEtPWfs4s7q	Do What I Want	Lil Uzi Vert	1079760	182	4	166	6
177	7129iqBafaphfc3WPCGC0L	7 Years	Lukas Graham	1074121	175	4	134	-2
178	2FBUoWkIuQXwayw2RNo5l6	Hotline Bling	Drake	1071100	176	4	151	-2
179	6sDQ4uiWw9OdVrCXFLSlZt	Rap God	Eminem	1067198	187	3	179	8
180	27SdWb2rFzO6GWiYDBTD9j	Cheap Thrills	Sia	1065819	143	4	60	-37
181	1vvNmPOiUuyCbgWmtc6yfm	My Way	Calvin Harris	1065088	174	4	152	-7
182	0rHJxNaQRMGK6Y4TUx3xRO	Castro	Yo Gotti	1064630	153	4	153	-29
183	59e7E2LMPZ2bhW5G6aCwX8	Crazy Brazy	A$AP Mob	1059821	167	4	167	-16
184	4cxMGhkinTocPSVVKWIw0d	Losin Control	Russ	1059147	195	2	184	11
185	3NJG6vMH1ZsectZkocMEm0	Tiimmy Turner	Desiigner	1058100	163	4	154	-22
186	4qdgv45EPcQqpQ08tF34f8	Skateboard P	MadeinTYO	1052694	179	3	179	-7
187	4BHzQ9C00ceJxfG16AlNWb	Send My Love (To Your New Lover)	Adele	1049430	180	4	106	-7
188	3nxgKa7boB4WjD0X01MXtJ	Misunderstood	PnB Rock	1048107	nan	1	188	new
189	2XMTqoHHSH0lvuXrvIEdco	Capsize	FRENSHIP	1042570	171	4	135	-18
190	4QdovcM8j50QPlyR7tH4xe	You & Me	Marc E. Bassy	1041892	184	4	148	-6
191	13HVjjWUZFaWilh2QUJKsP	Let It Go	James Bay	1032477	190	4	188	-1
192	3eze1OsZ1rqeXkKStNfTmi	Juke Jam (feat. Justin Bieber & Towkio)	Chance the Rapper	1030575	188	4	187	-4
193	69bp2EbF7Q2rqc5N3ylezZ	Sorry	Justin Bieber	1029583	186	4	142	-7
194	2KpCpk6HjXXLb7nnXoXA5O	Ni**as In Paris	JAY-Z	1028254	193	3	192	-1
195	4sQMalN597HdggTu196aL0	Say It (feat. Tove Lo)	Flume	1026737	178	4	150	-17
196	51lPx6ZCSalL2kvSrDUyJc	You're Gonna Live Forever in Me	John Mayer	1024988	nan	1	196	new
197	5wQRNkb7OhzJoT1P0OZ4Rw	All Time Low	Jon Bellion	1023615	166	4	101	-31
198	0NWqNXBJTpXbkI5rPWNy3p	All I Know	The Weeknd	1008921	183	4	159	-15
199	10I3CmmwT0BkOVhduDy53o	Really Really	Kevin Gates	1005724	191	4	176	-8
200	4ntsD33Pgsgk8rUyZLLiUV	DEVASTATED	Joey Bada$$	998958	nan	1	200	new
