position	song_id	song_name	artist	streams	last_week_position	weeks_on_chart	peak_position	position_status
1	5CtI0qwDJkDQGwXD1H1cLb	Despacito - Remix	Luis Fonsi	9756365	1	14	1	0
2	1OAh8uOEOvTDqkKFsKksCi	Wild Thoughts (feat. Rihanna & Bryson Tiller)	DJ Khaled	9194244	3	5	2	1
3	2eMwDehkIC1j68U6FA3Eiq	XO TOUR Llif3	Lil Uzi Vert	9170762	2	17	2	-1
4	3B54sVLJ402zGa6Xm4YGNe	Unforgettable	French Montana	8838696	6	2	4	2
5	3DXncPQOG4VBw3QHh3S817	I'm the One (feat. Justin Bieber, Quavo, Chance the Rapper & Lil Wayne)	DJ Khaled	7781383	4	8	2	-1
6	7KXjTSCq5nL1LoYtL7XAwS	HUMBLE.	Kendrick Lamar	7565142	5	16	1	-1
7	4JAyIDXOqNM6qHuZML01uX			7348736	nan	1	7	new
8	3a1lNhkSLSkpJE4MSHpDu9	Congratulations	Post Malone	6524714	7	29	5	-1
9	5bcTCxgc7xVfSaMV3RuVke	Feels (feat. Pharrell Williams, Katy Perry & Big Sean)	Calvin Harris	5593740	11	4	9	2
10	25C5CowdsfXld2jJanbiex	Sorry Not Sorry	Demi Lovato	5581603	115	2	10	105
11	3kxfsdsCpFgN412fpnW85Y	Redbone	Childish Gambino	5470749	9	29	9	-2
12	152lZdxL1OR0ZMW6KquMif	Location	Khalid	5365039	10	29	9	-2
13	1yxgsra98r3qAtxqiGZPiX	BUTTERFLY EFFECT	Travis Scott	5301837	19	9	13	6
14	7tr2za8SQg2CI8EDgrdtNl	Slide (feat. Frank Ocean & Migos)	Calvin Harris	5119216	8	17	8	-6
15	6EpRaXYhGOB3fj4V2uDkMJ	Strip That Down	Liam Payne	5086805	22	9	15	7
16	6HZILIRieu8S0iqY8kIKhj	DNA.	Kendrick Lamar	4979560	12	14	2	-4
17	3RXkboS74UYzN14xTqzPyY			4940834	nan	1	17	new
18	5eqK0tbzUPo2SoeZsov04s	Bank Account	21 Savage	4915060	13	2	13	-5
19	4iLqG9SeJSnt0cSPICSjxv	Attention	Charlie Puth	4854196	23	13	19	4
20	7mldq42yDuxiUNn08nvzHO	Body Like A Back Road	Sam Hunt	4770685	15	24	15	-5
21	1e1JKLEDKP7hEQzJfNAgPl	Magnolia	Playboi Carti	4736395	17	13	12	-4
22	0CcQNd8CINkwQfe1RDtGV6	Believer	Imagine Dragons	4730862	16	21	11	-6
23	5EnYT6F7wEcdege6mDHEfO	Signs	Drake	4644328	14	2	14	-9
24	5tz69p7tJuGPeMGwNTxYuV	1-800-273-8255	Logic	4587668	21	12	7	-3
25	2rb5MvYT7ZIxbKW5hfcHx8	Mi Gente	J Balvin	4503684	38	3	25	13
26	3rOSwuTsUlJp0Pu0MkN8r8	Mask Off	Future	4496049	20	22	2	-6
27	6gBFPUFcJLzWGx4lenP6h2	goosebumps	Travis Scott	4301437	27	29	16	0
28	6p8NuHm8uCGnn2Dtbtf7zE	Slippery (feat. Gucci Mane)	Migos	4177594	25	25	21	-3
29	0KKkJNfGyhkQ5aFogxQAPU	That's What I Like	Bruno Mars	4011325	28	29	3	-1
30	3eFJqPe8VUYrABbFjSauuj			3968366	nan	1	30	new
31	0lMbuWUpfTWhEmOKxppEau	Rollin (feat. Future & Khalid)	Calvin Harris	3956511	24	6	16	-7
32	167NczpNbRF7oWakJaY3Hh	Slow Hands	Niall Horan	3947625	34	11	32	2
33	0tKcYR2II1VCQWT79i5NrW	Thunder	Imagine Dragons	3878303	30	9	21	-3
34	79NlESqzFSW0hdBWgls4FX	Praying	Kesha	3842388	26	2	26	-8
35	6Q2FftbUG530lCtBI74bMH	Drowning (feat. Kodak Black)	A Boogie Wit da Hoodie	3839404	36	15	28	1
36	7i2DJ88J7jQ8K7zqFX2fW8	Now Or Never	Halsey	3795355	31	4	12	-5
37	79cuOz3SPQTuFrp8WgftAu	There's Nothing Holdin' Me Back	Shawn Mendes	3725424	35	13	29	-2
38	7qiZfU4dY1lWllzX7mPBI3	Shape of You	Ed Sheeran	3711858	32	28	1	-6
39	1wjzFQodRWrPcQ0AnYnvQ9	I Like Me Better	Lauv	3710828	43	7	39	4
40	6PGoSes0D9eUDeeAafB2As	LOVE. FEAT. ZACARI.	Kendrick Lamar	3597344	37	14	5	-3
41	0dA2Mk56wEzDgegdC6R17g	Stay (with Alessia Cara)	Zedd	3527451	33	21	12	-8
42	5Z3GHaZ6ec9bsiI5BenrbY	Young Dumb & Broke	Khalid	3398474	49	15	42	7
43	1nX9KhK3Fff27SnrIor2Yb	4 AM	2 Chainz	3393430	40	5	22	-3
44	6H0AwSQ20mo62jGlPGB8S6	It's A Vibe	2 Chainz	3285931	45	12	44	1
45	7hDc8b7IXETo14hHIHdnhd	Passionfruit	Drake	3284107	39	18	1	-6
46	2EEeOnHehOozLq4aS0n6SL	iSpy (feat. Lil Yachty)	KYLE	3252997	41	29	2	-5
47	6SwRhMLwNqEi6alNPVG00n	LOYALTY. FEAT. RIHANNA.	Kendrick Lamar	3009791	48	14	4	1
48	1SJtlNRJDeYHioymcvsqev	Crying in the Club	Camila Cabello	2975250	52	9	48	4
49	6kig1UFggPUyZBCvXD3Wod	No Complaints	Metro Boomin	2946536	44	4	39	-5
50	4aWmUDTfIPGksMNLV2rQP2	Despacito (Featuring Daddy Yankee)	Luis Fonsi	2824461	46	26	32	-4
51	0G149jkGWKwrPXUGkEDgWM	Numb	21 Savage	2700435	42	2	42	-9
52	6RUKPb4LETWmmr3iAEQktW	Something Just Like This	The Chainsmokers	2628367	50	22	2	-2
53	0q75NwOoFiARAVp4EXU4Bs	Love Galore (feat. Travis Scott)	SZA	2547130	53	10	53	0
54	6jA8HL9i4QGzsj6fjoxp8Y	There for You	Martin Garrix	2508154	47	8	32	-7
55	3Ytr1SUCUi6J3L9dRFx5iH	Know No Better (feat. Travis Scott, Camila Cabello & Quavo)	Major Lazer	2433995	56	7	36	1
56	1vVNlXi8gf8tZ7OhnEs4VE	A Lie	French Montana	2430257	nan	1	56	new
57	4Q3N4Ct4zCuIHuZ65E3BD4	Tunnel Vision	Kodak Black	2340968	54	22	5	-3
58	59J5nzL1KniFHnU120dQzt	wokeuplikethis*	Playboi Carti	2333601	65	14	54	7
59	0SGkqnVQo9KPytSri1H6cF	Bounce Back	Big Sean	2312682	57	29	3	-2
60	3bVbQvGVIe4n24AzyXovXh			2298191	nan	1	60	new
61	3Q3myFA7q4Op95DOpHplaY	do re mi	blackbear	2284197	72	12	30	11
62	2bjwRfXMk4uRgOD9IBYl9h	Portland	Drake	2271862	55	18	2	-7
63	2mfUa8bLs2s5N4VaqJZ4lZ	Most Girls	Hailee Steinfeld	2269402	67	12	60	4
64	5uCax9HTNlzGybIStD3vDh	Say You Won't Let Go	James Arthur	2251407	61	29	15	-3
65	6QgjcU0zLnzq5OrUoSZ3OK	Feel It Still	Portugal. The Man	2243866	101	5	65	36
66	4q8PHoRsPUB52LFylX8Ulz	More Than You Know	Axwell /\ Ingrosso	2240980	64	7	64	-2
67	1sXUWdKx03aP9Gmzft58rt	Issues	Julia Michaels	2231871	59	27	11	-8
68	7BKLCZ1jbUBVqRi2FVlTVw	Closer	The Chainsmokers	2206279	62	29	4	-6
69	7LEydI5NfjY6mZfKwYIptZ	Down	Fifth Harmony	2171880	77	7	50	8
70	2habSXqcJGExM6JJyskY7O	Malibu	Miley Cyrus	2165377	63	10	7	-7
71	0NiXXAI876aGImAd6rTj8w	Mama	Jonas Blue	2148530	68	2	68	-3
72	6mapJIPnQ23RTAevUoE0DL	Swang	Rae Sremmurd	2145907	70	29	23	-2
73	7KOlJ92bu51cltsD9KU5I7	T-Shirt	Migos	2144113	69	27	6	-4
74	2ekn2ttSfGqwhhate0LSR0	New Rules	Dua Lipa	2112847	nan	1	74	new
75	6zLdXcmvIxnAXpz9sXFnIE	Craving You	Thomas Rhett	2108058	66	8	66	-9
76	4Km5HrUvYTaSUfiSGPJeQR	Bad and Boujee (feat. Lil Uzi Vert)	Migos	2098039	71	29	1	-5
77	6kex4EBAj0WHXDKZMEJaaF	Swalla (feat. Nicki Minaj & Ty Dolla $ign)	Jason Derulo	2088818	73	20	35	-4
78	1EaKU4dMbesXXd3BrLCtYG	ELEMENT.	Kendrick Lamar	2072359	75	14	3	-3
79	4ARPvK8DHLwt4oX65ZAFMw	Look At Me!	XXXTENTACION	2011444	76	21	26	-3
80	1CKd1PnqfYx0H12V9MSaIY	Get Low (with Liam Payne)	Zedd	1974998	51	2	51	-29
81	1NDxZ7cFAo481dtYWdrUnR	Pretty Girl - Cheat Codes X CADE Remix	Maggie Lindemann	1968434	78	16	67	-3
82	4c2W3VKsOFoIg2SFaO6DY5	Your Song	Rita Ora	1920526	83	7	80	1
83	343YBumqHu19cGoGARUTsd	Fake Love	Drake	1906319	79	29	2	-4
84	0qYTZCo5Bwh1nsUFGZP3zn	Felices los 4	Maluma	1889599	86	11	84	2
85	2XaInsPPUkZRkY4uFJ3AHK	Met Gala (feat. Offset)	Gucci Mane	1886066	81	8	54	-4
86	3muBQDekYAg7jm6hDu6R0Z	First Day Out	Tee Grizzley	1884291	84	23	79	-2
87	5aAx2yezTd8zXrkmtKl66Z	Starboy	The Weeknd	1861914	89	29	3	2
88	1louJpMmzEicAn7lzDalPW	No Promises (feat. Demi Lovato)	Cheat Codes	1856692	87	16	52	-1
89	0pSBuHjILhNEo55xK1zrRt	Rolex	Ayo & Teo	1856117	82	24	37	-7
90	5JwLhFNrXw49pn3HQqu02G	Summer Bummer (feat. A$AP Rocky & Playboi Carti)	Lana Del Rey	1845286	nan	1	90	new
91	7yyRTcZmCiyzzJlNzGC9Ol	Broccoli (feat. Lil Yachty)	DRAM	1804497	88	29	11	-3
92	0v9Wz8o0BT8DU38R4ddjeH	No Problem (feat. Lil Wayne & 2 Chainz)	Chance the Rapper	1744684	94	29	24	2
93	6UjfByV1lDLW0SOVQA4NAi	Gyalchester	Drake	1739246	90	18	6	-3
94	1xznGGDReH1oQq0xzbwXa3	One Dance	Drake	1730712	93	29	13	-1
95	20dP2DaMHIAmwWAbp7peSr	pick up the phone	Young Thug	1682655	100	29	44	5
96	4cxMGhkinTocPSVVKWIw0d	Losin Control	Russ	1670013	103	27	75	7
97	0ESJlaM8CE1jRWaNtwSNj8	beibs in the trap	Travis Scott	1664111	108	28	97	11
98	6eT7xZZlB2mwyzJ2sUKG6w	White Iverson	Post Malone	1661563	96	29	77	-2
99	6xHI9KjUjYT0FPtGO8Mxa1	Hurricane	Luke Combs	1652589	106	18	85	7
100	6c7D34787LOtPm8tzhsLgH	Rake It Up	Yo Gotti	1650536	162	2	100	62
101	0B8QzDH7YWih85V5SEMnyJ	Money Longer	Lil Uzi Vert	1633839	102	29	73	1
102	5yuShbu70mtHXY0yLzCQLQ	Go Flex	Post Malone	1621123	107	29	97	5
103	3NdDpSvN911VPGivFlV5d0	"I Don’t Wanna Live Forever (Fifty Shades Darker) - From ""Fifty Shades Darker (Original Motion Picture Soundtrack)"""	ZAYN	1614691	104	29	3	1
104	6fwdbPMwP1zVStm8FybmkO	X (feat. Future)	21 Savage	1608359	98	29	17	-6
105	5GFDrUTLGJix84sNhjCG0g	Caroline	Aminé	1603639	114	29	6	9
106	4PzovBqgnSHKd8opsP7IVM	Everyday We Lit (feat. PnB Rock)	YFN Lucci	1576802	116	15	106	10
107	045SnNDjOfOLKM5OxARH4g	Small Town Boy	Dustin Lynch	1570602	124	7	107	17
108	25oOaleife6E2MIKmFkPvg	Relationship (feat. Future)	Young Thug	1559902	117	5	80	9
109	0utlOiJy2weVl9WTkcEWHy	Neighbors	J. Cole	1547673	92	27	37	-17
110	2wf9bp4MkChojtljddWpbO	PRBLMS	6LACK	1544820	113	24	100	3
111	4IWAyPf1KMq7JCyGeCjTeH	Whatever It Takes	Imagine Dragons	1527082	91	7	49	-20
112	62vpWI1CHwFy7tMIcSStl8	No Role Modelz	J. Cole	1518133	118	29	71	6
113	7zVCrzzEJU7u24sbJPXA5W	What Ifs (feat. Lauren Alaina)	Kane Brown	1515976	130	7	113	17
114	5wIeuNURiubue1VTcglU57	Woman	Kesha	1512939	nan	1	114	new
115	2cnKEkpVUSV4wnjQiTWfH6	Escápate Conmigo	Wisin	1477892	119	6	115	4
116	5Ohxk2dO5COHF1krpoPigN	Sign of the Times	Harry Styles	1463751	110	15	16	-6
117	6b8Be6ljOzmkOmFslEb23P	24K Magic	Bruno Mars	1456296	126	29	14	9
118	72jbDTw1piOOj770jWNeaG	Paris	The Chainsmokers	1452753	120	27	4	2
119	5GXAXm5YOmYT0kL5jHvYBt	I Feel It Coming	The Weeknd	1446891	125	29	10	6
120	5de7ci7TFqbQ1PFgKAD7MR	Horses (with PnB Rock, Kodak Black & A Boogie Wit da Hoodie)	PnB Rock	1445495	128	13	120	8
121	2ANLarE8yHVsLWW21nj79M	You Was Right	Lil Uzi Vert	1439916	127	29	28	6
122	4wdZdkEugVVorAfzqRqC6N	Candy Paint	Post Malone	1437531	138	8	122	16
123	10M2Ex445zw585Ducldzkw	In Case You Didn't Know	Brett Young	1435056	123	17	102	0
124	3pndPhlQWjuSoXhcIIdBjv	What They Want	Russ	1432121	139	29	117	15
125	1x5sYLZiu9r5E43kMlt9f8	Symphony (feat. Zara Larsson)	Clean Bandit	1417314	137	18	48	12
126	1jQsKN68yE94tMYml0wHMd	Jump Out The Window	Big Sean	1416918	131	14	28	5
127	3sJHkcxojoJD2Ytbo1yLLF	Two High	Moon Taxi	1414022	122	4	122	-5
128	6PCUP3dWmTjcTtXY02oFdT	Castle on the Hill	Ed Sheeran	1403583	132	28	4	4
129	2MnJoNVtf0pw7HUn3I1Tih	Bad Business	21 Savage	1398708	74	2	74	-55
130	7aF09WaavZAmAWuUeYxlYD	Rich Love (with Seeb)	OneRepublic	1382817	nan	1	130	new
131	0QsvXIfqM0zZoerQfsI9lm	Don't Let Me Down	The Chainsmokers	1382140	129	29	43	-2
132	56kXYt4KRoUq3rzkPdjquB	Audi.	Smokepurpp	1369392	166	3	132	34
133	1qOLh0tI7trd1zdDKxYZTe	Starving	Hailee Steinfeld	1360735	140	29	18	7
134	7EiZI6JVHllARrX9PUvAdX	Low Life (feat. The Weeknd)	Future	1356410	141	29	59	7
135	12o6dxWGk29uIAP3OWY0pM	Homemade Dynamite	Lorde	1354873	99	5	62	-36
136	6XOYVSmNDjKUNMXooU4s4z	No Vacancy	OneRepublic	1343959	112	10	75	-24
137	37F0uwRSrdzkBiuj0D5UHI	Reminder	The Weeknd	1343464	153	24	69	16
138	3kkObn08oHrNmCFHSNR0jD	Flex Like Ouu	Lil Pump	1340433	142	7	138	4
139	19HA9J80qZfIkAnp2g8N2S	Famous	21 Savage	1339058	58	2	58	-81
140	7cGFbx7MP0H23iHZTZpqMM	Everybody	Logic	1338398	152	16	26	12
141	2Ce5IyMlVRVvN997ZJjJJA	Selfish (feat. Rihanna)	Future	1333931	133	21	24	-8
142	6fujklziTHa8uoM5OQSfIo	Black Beatles	Rae Sremmurd	1327618	147	29	5	5
143	6uJwPeBGb3swi85TSr9iIz	Miracles (Someone Special)	Coldplay	1309538	nan	1	143	new
144	05nbZ1xxVNwUTcGwLbp7CN	Myself	NAV	1307526	170	12	99	26
145	4gmmRb6bZJffOOiww1JGTO	No Heart	21 Savage	1300721	143	29	20	-2
146	0Fv5N0cHBsl4bzCbollCAS	Moves	Big Sean	1295181	151	29	10	5
147	1a0wEEHipnBR7WOHFA6ucQ	Who Dat Boy (feat. A$AP Rocky)	Tyler, The Creator	1295000	105	3	67	-42
148	3A2OHirUAlQp2x73BJlEDA	Perfect Pint (feat. Kendrick Lamar, Gucci Mane & Rae Sremmurd)	Mike WiLL Made-It	1287039	136	13	119	-12
149	6mORGLOz79w6VsCRLWYYuK	The Night We Met	Lord Huron	1284607	155	15	48	6
150	248OFOZef6ShXv6DGgbnxU	Saved	Khalid	1282547	171	20	137	21
151	2NyrXRn4tancYPW6JwtTl2	From The D To The A (feat. Lil Yachty)	Tee Grizzley	1277459	165	18	100	14
152	0afhq8XCExXpqazXczTSve	Galway Girl	Ed Sheeran	1277416	164	20	7	12
153	3pXF1nA74528Edde4of9CC	Don't	Bryson Tiller	1276100	167	29	82	14
154	5GG3knKdxKWrNboRijxeKF	Run Me Dry	Bryson Tiller	1273897	158	8	65	4
155	74ODGXs4byLTRdnKGM4s6E	Super Far	LANY	1269546	181	2	155	26
156	2RwmsAOxtiRezQPmvyejb8	Ex Calling	6LACK	1262956	172	6	156	16
157	0rlFL6bxIWcCn9gk9GExFA	Love U Better (feat. Lil Wayne & The-Dream)	Ty Dolla $ign	1260806	nan	1	157	new
158	3E2Zh20GDCR9B1EYjfXWyv	Weak	AJR	1258928	160	27	30	2
159	7qs2GAglLWfxEfmO8u2u0A	High Without Your Love	Loote	1255842	175	5	155	16
160	0w3Q14i073jLoew1hgJkwD	Heartache On The Dance Floor	Jon Pardi	1250718	191	3	160	31
161	6kl1qtQXQsFiIWRBK24Cfp	RAF	A$AP Mob	1247335	150	2	150	-11
162	6p5GuyEqQH5pv02ouEyogQ	My Girl	Dylan Scott	1240928	195	2	162	33
163	5hYTyyh2odQKphUbMqc5gN	"How Far I'll Go - From ""Moana"""	Alessia Cara	1233589	168	29	20	5
164	51PIvodunv6NmX5250zxAh	The Cure	Lady Gaga	1231314	148	14	44	-16
165	7zxRMhXxJMQCeDDg0rKAVo	Some Way	NAV	1230435	192	18	87	27
166	43PuMrRfbyyuz4QpZ3oAwN	Exchange	Bryson Tiller	1228228	173	29	84	7
167	3LRddJIw2ymm1CHIO9xlkC	Bring Dem Things	French Montana	1227112	109	2	109	-58
168	6yr8GiTHWvFfi4o6Q5ebdT	'Till I Collapse	Eminem	1222595	182	14	155	14
169	2xbI8Vmyv3TkpTdywpPyNw	Selfish	PnB Rock	1213917	174	29	47	5
170	22eADXu8DfOAUEDw4vU8qy	Ahora Dice	Chris Jeday	1212047	178	2	170	8
171	5qbcsZMwL0x46sX7VO37Ye	Up	NAV	1202009	184	14	74	13
172	07pJdL0L9XDGW0HBj0rIS2	Skateboard P (feat. Big Sean)	MadeinTYO	1198095	156	16	136	-16
173	39pS70eeDvyCAF3t8NAlVV	Good Drank	2 Chainz	1198038	163	17	61	-10
174	5uDASfU19gDxSjW8cnCaBp	Chill Bill (feat. J. Davi$ & Spooks)	Rob $tone	1194105	179	29	19	5
175	6mb6lVLNrcUgLnEN8QnDJd	How Far I'll Go	Auli'i Cravalho	1184577	180	16	148	5
176	1tlBuoIRrtqFs9bE9dmli5	Extra Luv (feat. YG)	Future	1180162	145	3	88	-31
177	1HOUzEsetdIPSpAgRPhZQt	Nobody Else but You	Trey Songz	1175262	190	5	177	13
178	2aksifNn5ph8igDOkPBA02	Love On The Brain	Rihanna	1174476	176	29	39	-2
179	5bgwqaRSS3M8WHWruHgSL5	8TEEN	Khalid	1169130	nan	3	168	re-enter
180	6JV2JOEocMgcZxYSZelKcc	"CAN'T STOP THE FEELING! (Original Song from DreamWorks Animation's ""TROLLS"")"	Justin Timberlake	1168485	187	27	56	7
181	5tFep7dXGd7vEJ668wTPux	Both (feat. Drake)	Gucci Mane	1165101	161	29	38	-20
182	0BCy325UZyR9z0t0uxwn2N	H.O.L.Y.	Florida Georgia Line	1158287	188	9	164	6
183	1JupdHkhDzE4XtrFFe9w6o	No Such Thing as a Broken Heart	Old Dominion	1155994	nan	1	183	new
184	4gqMQftUs22F8pOGVn5Acr	Reminding Me	Shawn Hook	1153436	154	5	129	-30
185	5OOkp4U9P9oL23maHFHL1h	Panda	Desiigner	1148007	nan	28	54	re-enter
186	7EAFj7eJcMF5koWSRJVZcL	The Fighter	Keith Urban	1145220	nan	2	186	re-enter
187	4iYRa2btalAzPZoSYfROqF	XXX. FEAT. U2.	Kendrick Lamar	1137809	185	14	8	-2
188	6i0V12jOa3mr6uu4WYhUBr	Heathens	Twenty One Pilots	1124925	197	29	26	9
189	2Z8WuEywRWYTKe1NybPQEW	Ride	Twenty One Pilots	1123991	189	27	65	0
190	5kNe7PE09d6Kvw5pAsx23n	Die A Happy Man	Thomas Rhett	1123723	194	4	175	4
191	6gU9OKjOE7ghfEd55oRO57	The Weekend	SZA	1114483	nan	2	129	re-enter
192	7wwifjNAb172PtDpKK3CoR	V. 3005	Childish Gambino	1108134	198	2	192	6
193	6JjEVlMkfHWMeYavkEYzNO	Gassed Up	Nebu Kiniza	1107176	nan	20	77	re-enter
194	6gHWMJzCYkbDcsqKHoycJw	FaceTime	21 Savage	1106044	85	2	85	-109
195	5uQOauh47VFt3B2kV9kRXw	My Shit	A Boogie Wit da Hoodie	1097251	nan	13	130	re-enter
196	6De0lHrwBfPfrhorm9q1Xl	Me Rehúso	Danny Ocean	1096216	nan	1	196	new
197	76Y0gxtTxN0FyDCYh5qYQj	Get Right Witcha	Migos	1095787	199	25	33	2
198	0tgVpDi06FyKpA1z0VMD4v	Perfect	Ed Sheeran	1095298	nan	13	15	re-enter
199	5C6uh95eAL0RBTSGXKQwvk	Hometown Girl	Josh Turner	1093754	nan	4	149	re-enter
200	1pGAvZo2axYXAXYiSeYEqY	911 / Mr. Lonely (feat. Frank Ocean & Steve Lacy)	Tyler, The Creator	1092436	121	3	64	-79
