position	song_id	song_name	artist	streams	last_week_position	weeks_on_chart	peak_position	position_status
1	7hDc8b7IXETo14hHIHdnhd	Passionfruit	Drake	13339705	1	2	1	0
2	3rOSwuTsUlJp0Pu0MkN8r8	Mask Off	Future	10560128	5	6	2	3
3	7qiZfU4dY1lWllzX7mPBI3	Shape of You	Ed Sheeran	10123353	3	12	1	0
4	2bjwRfXMk4uRgOD9IBYl9h	Portland	Drake	9871070	2	2	2	-2
5	2EEeOnHehOozLq4aS0n6SL	iSpy (feat. Lil Yachty)	KYLE	8511806	7	13	2	2
6	0KKkJNfGyhkQ5aFogxQAPU	That's What I Like	Bruno Mars	8292776	9	13	3	3
7	6UjfByV1lDLW0SOVQA4NAi	Gyalchester	Drake	7323737	6	2	6	-1
8	4Q3N4Ct4zCuIHuZ65E3BD4	Tunnel Vision	Kodak Black	6921418	16	6	5	8
9	2XlHu0HcujBCkWMdIAvrqt	Blem	Drake	6807187	8	2	8	-1
10	1zayuwd1YLZsYDArkruHdL	The Heart Part 4	Kendrick Lamar	6655660	nan	1	10	new
11	05KOgYg8PGeJyyWBPi5ja8	Free Smoke	Drake	6469649	4	2	4	-7
12	0dA2Mk56wEzDgegdC6R17g	Stay (with Alessia Cara)	Zedd	6431211	21	5	12	9
13	3a1lNhkSLSkpJE4MSHpDu9	Congratulations	Post Malone	6430711	22	13	8	9
14	3eR23VReFzcdmS7TYCrhCe	It Ain't Me (with Selena Gomez)	Kygo	6408450	20	6	3	6
15	343YBumqHu19cGoGARUTsd	Fake Love	Drake	6361794	11	13	2	-4
16	6RUKPb4LETWmmr3iAEQktW	Something Just Like This	The Chainsmokers	6164883	23	6	2	7
17	152lZdxL1OR0ZMW6KquMif	Location	Khalid	6052326	32	13	17	15
18	1sXUWdKx03aP9Gmzft58rt	Issues	Julia Michaels	5560853	29	11	11	11
19	6n3HGiq4v35D6eFOSwqYuo	Teenage Fever	Drake	5554967	14	2	14	-5
20	7tr2za8SQg2CI8EDgrdtNl	Slide (feat. Frank Ocean & Migos)	Calvin Harris	5539763	37	5	9	17
21	4Km5HrUvYTaSUfiSGPJeQR	Bad and Boujee (feat. Lil Uzi Vert)	Migos	5478104	24	13	1	3
22	0SGkqnVQo9KPytSri1H6cF	Bounce Back	Big Sean	5442504	26	13	3	4
23	0xl1w2q4VLojeXp4JfazPL	Sacrifices	Drake	5271605	12	2	12	-11
24	7KOlJ92bu51cltsD9KU5I7	T-Shirt	Migos	5161850	35	11	6	11
25	7y6c07pgjZvtHI9kuMVqk1	Get It Together	Drake	5103010	13	2	13	-12
26	2eMwDehkIC1j68U6FA3Eiq	XO TOUR Llif3	Lil Uzi Vert	5003750	nan	1	26	new
27	72jbDTw1piOOj770jWNeaG	Paris	The Chainsmokers	4927473	38	11	4	11
28	6CfrYuD3YRDYdYvH9jNtXY	No Long Talk	Drake	4646777	10	2	10	-18
29	3NdDpSvN911VPGivFlV5d0	"I Don’t Wanna Live Forever (Fifty Shades Darker) - From ""Fifty Shades Darker (Original Motion Picture Soundtrack)"""	ZAYN	4613929	39	13	3	10
30	2Ce5IyMlVRVvN997ZJjJJA	Selfish (feat. Rihanna)	Future	4600319	42	5	24	12
31	0afhq8XCExXpqazXczTSve	Galway Girl	Ed Sheeran	4553974	33	4	7	2
32	7mldq42yDuxiUNn08nvzHO	Body Like A Back Road	Sam Hunt	4485561	44	8	19	12
33	2fkeWbM6iqTw7oGHTYm2lw	4422	Drake	4421137	18	2	18	-15
34	6mapJIPnQ23RTAevUoE0DL	Swang	Rae Sremmurd	4408532	43	13	23	9
35	76gUmNLXGQVOsGhfcshkFP	Madiba Riddim	Drake	4382696	19	2	19	-16
36	2jTujnt0y344ai1rNOywgr	KMT	Drake	4343048	17	2	17	-19
37	13e6f8t7RKXuxZ0JdaaJRG	Jorja Interlude	Drake	4286741	15	2	15	-22
38	2KvHC9z14GSl4YpkNMX384	Do Not Disturb	Drake	4049112	30	2	30	-8
39	4ARPvK8DHLwt4oX65ZAFMw	Look At Me!	XXXTENTACION	3968569	50	5	36	11
40	5GXAXm5YOmYT0kL5jHvYBt	I Feel It Coming	The Weeknd	3889579	41	13	10	1
41	7bJ4mu7MHa3rHiNyKjOoSl	Ice Melts	Drake	3862295	34	2	34	-7
42	0CcQNd8CINkwQfe1RDtGV6	Believer	Imagine Dragons	3855154	47	8	27	5
43	5NNlUMcOEOdoOIwwaWXv0k	Cold	Maroon 5	3679928	48	6	25	5
44	5uCax9HTNlzGybIStD3vDh	Say You Won't Let Go	James Arthur	3624801	46	13	15	2
45	5f5r2N4Lp9WoULWPH9zp2W	Can't Have Everything	Drake	3588013	28	2	28	-17
46	6gBFPUFcJLzWGx4lenP6h2	goosebumps	Travis Scott	3536408	52	13	32	6
47	6PCUP3dWmTjcTtXY02oFdT	Castle on the Hill	Ed Sheeran	3494096	45	12	4	-2
48	5aAx2yezTd8zXrkmtKl66Z	Starboy	The Weeknd	3453067	49	13	3	1
49	6MbH1QiphMCPTqVEVC7UYi	Nothings Into Somethings	Drake	3396840	27	2	27	-22
50	28irpKCCK9nn9DZSik2zEx	Glow	Drake	3278837	25	2	25	-25
51	7BKLCZ1jbUBVqRi2FVlTVw	Closer	The Chainsmokers	3246317	54	13	4	3
52	2aksifNn5ph8igDOkPBA02	Love On The Brain	Rihanna	3182353	56	13	39	4
53	0pSBuHjILhNEo55xK1zrRt	Rolex	Ayo & Teo	3167906	55	8	37	2
54	2Na0z2gfN67Rzf0vp74Wi3	Lose You	Drake	3152299	31	2	31	-23
55	0gbBzIqrECJOEPvQJIBFs5	Green Light	Lorde	3142512	51	4	20	-4
56	5hYTyyh2odQKphUbMqc5gN	"How Far I'll Go - From ""Moana"""	Alessia Cara	3114254	57	13	20	1
57	0Fv5N0cHBsl4bzCbollCAS	Moves	Big Sean	3023000	53	13	10	-4
58	2dfqS3MRtbLZSZA1IL8xY5	Skepta Interlude	Drake	3006644	36	2	36	-22
59	2RttW7RAu5nOAfq6YFvApB	Happier	Ed Sheeran	2971806	66	4	19	7
60	3ebXMykcMXOcLeJ9xZ17XH	Scared to Be Lonely	Martin Garrix	2943697	61	9	20	1
61	60xaS8mYBKUW4VQQ666N0T	All Night (feat. Knox Fortune)	Chance the Rapper	2935675	78	7	61	17
62	000xQL6tZNLJzIrtIgxqSl	Still Got Time	ZAYN	2929892	nan	1	62	new
63	5GFDrUTLGJix84sNhjCG0g	Caroline	Aminé	2918958	60	13	6	-3
64	4aWmUDTfIPGksMNLV2rQP2	Despacito (Featuring Daddy Yankee)	Luis Fonsi	2888129	68	10	43	4
65	6520aj0B4FSKGVuKNsOCOi	Chained To The Rhythm	Katy Perry	2882509	58	7	10	-7
66	5JUu0unA8VwhTZ9LkMWUVI	Since Way Back	Drake	2843929	40	2	40	-26
67	3kxfsdsCpFgN412fpnW85Y	Redbone	Childish Gambino	2840781	65	13	29	-2
68	7yyRTcZmCiyzzJlNzGC9Ol	Broccoli (feat. Lil Yachty)	DRAM	2765076	62	13	11	-6
69	78rIJddV4X0HkNAInEcYde	Call On Me - Ryan Riback Extended Remix	Starley	2742706	64	13	24	-5
70	6kex4EBAj0WHXDKZMEJaaF	Swalla (feat. Nicki Minaj & Ty Dolla $ign)	Jason Derulo	2708192	84	4	70	14
71	5tFep7dXGd7vEJ668wTPux	Both (feat. Drake)	Gucci Mane	2676453	70	13	38	-1
72	1x5sYLZiu9r5E43kMlt9f8	Symphony (feat. Zara Larsson)	Clean Bandit	2597715	116	2	72	44
73	0tgVpDi06FyKpA1z0VMD4v	Perfect	Ed Sheeran	2585003	59	4	15	-14
74	0v9Wz8o0BT8DU38R4ddjeH	No Problem (feat. Lil Wayne & 2 Chainz)	Chance the Rapper	2492369	74	13	24	0
75	6fwdbPMwP1zVStm8FybmkO	X (feat. Future)	21 Savage	2485390	73	13	17	-2
76	3E2Zh20GDCR9B1EYjfXWyv	Weak	AJR	2480384	76	13	30	0
77	1xznGGDReH1oQq0xzbwXa3	One Dance	Drake	2472473	71	13	13	-6
78	6fujklziTHa8uoM5OQSfIo	Black Beatles	Rae Sremmurd	2445871	72	13	5	-6
79	3FiE2d325mIOc4YjkSLVJR	Everyday	Ariana Grande	2430328	109	4	79	30
80	6b8Be6ljOzmkOmFslEb23P	24K Magic	Bruno Mars	2328182	79	13	14	-1
81	51ChrwmUPDJvedPQnIU8Ls	Dive	Ed Sheeran	2323755	63	4	17	-18
82	0fg8CqpjdojMyXLNzM2PaJ	Run Up (feat. PARTYNEXTDOOR & Nicki Minaj)	Major Lazer	2312079	83	9	26	1
83	4F7A0DXBrmUAkp32uenhZt	Party Monster	The Weeknd	2297124	82	13	22	-1
84	5knuzwU65gJK7IF5yJsuaW	Rockabye (feat. Sean Paul & Anne-Marie)	Clean Bandit	2248573	89	13	32	5
85	6p8NuHm8uCGnn2Dtbtf7zE	Slippery (feat. Gucci Mane)	Migos	2137956	86	9	30	1
86	4gmmRb6bZJffOOiww1JGTO	No Heart	21 Savage	2129558	80	13	20	-6
87	0FuTx2s3YH1ppmtiM6l0zI	September Song	JP Cooper	2113131	102	4	87	15
88	4cxMGhkinTocPSVVKWIw0d	Losin Control	Russ	2108189	94	11	75	6
89	7KcGEssn7BnJdTgildK5y0	No Frauds	Nicki Minaj	2100134	69	3	22	-20
90	1PSBzsahR2AKwLJgx8ehBj	Bad Things (with Camila Cabello)	Machine Gun Kelly	2077951	85	13	9	-5
91	1FUViuNSldssMIawrOXF2i	I Got You	Bebe Rexha	2048772	93	13	63	2
92	2dqLk7ezV15LEJEwUmEbXB	Down	Marian Hill	2048418	90	9	58	-2
93	77lGafvlU68CeHgB2pkHC9	At My Best (feat. Hailee Steinfeld)	Machine Gun Kelly	2045772	166	2	93	73
94	6HUnnBwYZqcED1eQztxMBN	Solo Dance	Martin Jensen	2034263	106	13	76	12
95	6Q2FftbUG530lCtBI74bMH	Drowning (feat. Kodak Black)	A Boogie Wit da Hoodie	2028352	119	2	95	24
96	6eT7xZZlB2mwyzJ2sUKG6w	White Iverson	Post Malone	1990342	95	13	77	-1
97	2ANLarE8yHVsLWW21nj79M	You Was Right	Lil Uzi Vert	1980656	99	13	28	2
98	0Zx8khUcEfCFK2AEoIhC92	Don't Leave	Snakehips	1974584	96	12	54	-2
99	3mRcWCyteY2133a7xVMrYw	Comin Out Strong (feat. The Weeknd)	Future	1969216	91	5	22	-8
100	6HEIBHUirx1J0JkUD24szt	Water	Ugly God	1968468	129	13	58	29
101	20dP2DaMHIAmwWAbp7peSr	pick up the phone	Young Thug	1960170	98	13	44	-3
102	1yNyoWWWikbLhwIGWjZuDW	All Night	The Vamps	1945007	87	13	49	-15
103	5uDASfU19gDxSjW8cnCaBp	Chill Bill (feat. J. Davi$ & Spooks)	Rob $tone	1929005	103	13	19	0
104	7EiZI6JVHllARrX9PUvAdX	Low Life (feat. The Weeknd)	Future	1913645	97	13	59	-7
105	7l9CE3wmEGOUYw1j4ETjnL	Saturnz Barz (feat. Popcaan)	Gorillaz	1900285	nan	1	105	new
106	2xbI8Vmyv3TkpTdywpPyNw	Selfish	PnB Rock	1892306	104	13	47	-2
107	1qOLh0tI7trd1zdDKxYZTe	Starving	Hailee Steinfeld	1889286	101	13	18	-6
108	0WCEaydwN65cvwaW8aqptF	History	Olivia Holt	1887560	110	12	68	2
109	1CnPYaKxTVb4LWOtiGOm0m	All Time Low	Jon Bellion	1822454	67	13	18	-42
110	5HDPtsnyb3maFmPL8LLUTG	New Man	Ed Sheeran	1810276	81	4	22	-29
111	62vpWI1CHwFy7tMIcSStl8	No Role Modelz	J. Cole	1778883	112	13	71	1
112	6Nle9hKrkL1wQpwNfEkxjh	Chanel	Frank Ocean	1749048	75	3	48	-37
113	1sYSP7gKa5kdKIfhANfori	Lights Down Low	MAX	1728808	130	7	113	17
114	6F609ICg9Spjrw1epsAnpa	Controlla	Drake	1718619	88	13	41	-26
115	2C0KFbb4v9CNWR5c9jWcKC	Andromeda (feat. DRAM)	Gorillaz	1704992	nan	1	115	new
116	6wV12xIUb8oFY7lBy4KuQe	Sooner Or Later	Aaron Carter	1700704	126	8	91	10
117	204U3zjm9kkzX25Pr4Rdld	Kelly Price (feat. Travis Scott)	Migos	1697022	120	9	21	3
118	1MksGqIztTT6M9R1ErKVs8	No Favors	Big Sean	1696608	117	8	8	-1
119	6i0V12jOa3mr6uu4WYhUBr	Heathens	Twenty One Pilots	1687707	118	13	26	-1
120	6I6NX6tjGsxFAsIfGzY9lJ	Deja Vu	J. Cole	1684218	115	13	16	-5
121	2bBMODHVTXGwE2aZYfbgCt	Ascension (feat. Vince Staples)	Gorillaz	1678357	nan	1	121	new
122	2wf9bp4MkChojtljddWpbO	PRBLMS	6LACK	1655003	133	8	107	11
123	4ckuS4Nj4FZ7i3Def3Br8W	Sneakin’	Drake	1653319	77	13	24	-46
124	2pJZ1v8HezrAoZ0Fhzby92	What Do I Know?	Ed Sheeran	1650233	92	4	24	-32
125	4pLwZjInHj3SimIyN9SnOz	Side To Side	Ariana Grande	1648794	121	13	24	-4
126	6t2ubAB4iSYOuIpRAOGd4t	Cake - Challenge Version	Flo Rida	1646866	128	13	90	2
127	0B8QzDH7YWih85V5SEMnyJ	Money Longer	Lil Uzi Vert	1642978	138	13	73	11
128	0QsvXIfqM0zZoerQfsI9lm	Don't Let Me Down	The Chainsmokers	1626312	131	13	43	3
129	1lntL1cI2UIWlxjL5QiN8g	The Other	Lauv	1609763	127	11	87	-2
130	3UjJP4ludb74a29P5EHEIo	Thumbs	Sabrina Carpenter	1595834	140	9	119	10
131	05Z7jet4VDNVgNQWcYHnrk	Party	Chris Brown	1595657	124	13	117	-7
132	00lNx0OcTJrS3MKHcB80HY	You Don't Know Me - Radio Edit	Jax Jones	1593096	164	2	132	32
133	34oWbFBfGEElvgO0a5c9V4	No Flockin'	Kodak Black	1573224	150	13	90	17
134	3IHZc2GclRu5nJpTqty7MY	Gucci On My (feat. 21 Savage, YG & Migos)	Mike WiLL Made-It	1554242	142	4	120	8
135	5yuShbu70mtHXY0yLzCQLQ	Go Flex	Post Malone	1553070	137	13	113	2
136	3pXF1nA74528Edde4of9CC	Don't	Bryson Tiller	1534072	136	13	82	0
137	4Zxdw0Hno7YDu0IzvY76Qo	Rent Money	Future	1526261	148	6	24	11
138	0BU7nIcCZxYSE0hYcc5oZz	Too Many Years	Kodak Black	1523548	134	13	64	-4
139	248OFOZef6ShXv6DGgbnxU	Saved	Khalid	1521887	153	4	137	14
140	11KJSRSgaDxqydKYiD2Jew	Too Good	Drake	1520536	107	13	38	-33
141	43PuMrRfbyyuz4QpZ3oAwN	Exchange	Bryson Tiller	1512371	139	13	84	-2
142	04DwTuZ2VBdJCCC5TROn7L	In the Name of Love	Martin Garrix	1511572	135	13	20	-7
143	4pdPtRcBmOSQDlJ3Fk945m	Let Me Love You	DJ Snake	1505113	132	13	12	-11
144	3muBQDekYAg7jm6hDu6R0Z	First Day Out	Tee Grizzley	1496925	169	7	140	25
145	4VuS959DSpr82t3qBqCrWG	Supermarket Flowers	Ed Sheeran	1486822	108	4	32	-37
146	3Lfiu5sZ4M4B6JaKMBc0FU	Barcelona	Ed Sheeran	1486556	105	4	31	-41
147	1Tt4sE4pXi57mTD1GCzsqm	Needed Me	Rihanna	1480355	146	13	45	-1
148	76Y0gxtTxN0FyDCYh5qYQj	Get Right Witcha	Migos	1473748	147	9	33	-1
149	0hNduWmlWmEmuwEFcYvRu1	Sunset Lover	Petit Biscuit	1472038	113	13	63	-36
150	0ESJlaM8CE1jRWaNtwSNj8	beibs in the trap	Travis Scott	1469396	151	12	126	1
151	3A2OHirUAlQp2x73BJlEDA	Perfect Pint (feat. Kendrick Lamar, Gucci Mane & Rae Sremmurd)	Mike WiLL Made-It	1468812	nan	1	151	new
152	4TZy1wLyHec06pwgFYDh1a	Mercy	Shawn Mendes	1467288	143	13	30	-9
153	5OOkp4U9P9oL23maHFHL1h	Panda	Desiigner	1448440	155	13	54	2
154	27GmP9AWRs744SzKcpJsTZ	Jumpman	Drake	1437665	114	13	73	-40
155	6JV2JOEocMgcZxYSZelKcc	"CAN'T STOP THE FEELING! (Original Song from DreamWorks Animation's ""TROLLS"")"	Justin Timberlake	1425350	156	13	56	1
156	6JjEVlMkfHWMeYavkEYzNO	Gassed Up	Nebu Kiniza	1420899	165	12	77	9
157	67dyMPOUsbZ9Yg06PnfAAh	Draco	Future	1419573	145	6	30	-12
158	4dASQiO1Eoo3RJvt74FtXB	Sucker For Pain (with Wiz Khalifa, Imagine Dragons, Logic & Ty Dolla $ign feat. X Ambassadors)	Lil Wayne	1417691	152	13	61	-6
159	5MFzQMkrl1FOOng9tq6R9r	Don't Wanna Know	Maroon 5	1416092	141	13	15	-18
160	6mb6lVLNrcUgLnEN8QnDJd	How Far I'll Go	Auli'i Cravalho	1410924	159	8	148	-1
161	2Z8WuEywRWYTKe1NybPQEW	Ride	Twenty One Pilots	1410467	160	13	65	-1
162	3Q3myFA7q4Op95DOpHplaY	do re mi	blackbear	1401702	nan	1	162	new
163	1wZqJM5FGDEl3FjHDxDyQd	Come and See Me (feat. Drake)	PARTYNEXTDOOR	1396628	144	13	81	-19
164	0prNGof3XqfTvNDxHonvdK	Scars To Your Beautiful	Alessia Cara	1374338	161	13	33	-3
165	1KZ0Xo6Mmeprp1Sw5xCHYz	Trap Trap Trap (feat. Young Thug & Wale)	Rick Ross	1370212	100	3	100	-65
166	2NyrXRn4tancYPW6JwtTl2	From The D To The A (feat. Lil Yachty)	Tee Grizzley	1367625	122	2	122	-44
167	35QZaWQRkmnAVqBF1TLCxQ	Nancy Mulligan	Ed Sheeran	1359379	111	4	41	-56
168	37F0uwRSrdzkBiuj0D5UHI	Reminder	The Weeknd	1343203	163	13	69	-5
169	6xHI9KjUjYT0FPtGO8Mxa1	Hurricane	Luke Combs	1325460	176	3	169	7
170	2dfHh7ECGxfNqZTQno09Vk	Hearts Don't Break Around Here	Ed Sheeran	1311789	123	4	28	-47
171	4Hf7WnR761jpxPr5D46Bcd	Treat You Better	Shawn Mendes	1290765	168	13	47	-3
172	6PJ8FF6UR8FZXfEvpHkIVN	How Would You Feel (Paean)	Ed Sheeran	1288942	125	6	34	-47
173	7f08qp3HROTkfrtNpiYGGo	Dirt On My Boots	Jon Pardi	1288380	178	6	173	5
174	3CRDbSIZ4r5MsZ0YwxuEkn	Stressed Out	Twenty One Pilots	1285530	172	13	92	-2
175	3sdDgcU2XvO8EwkUsIe7VW	Want Her	Mustard	1274936	nan	2	175	re-enter
176	10M2Ex445zw585Ducldzkw	In Case You Didn't Know	Brett Young	1269505	nan	1	176	new
177	6H0AwSQ20mo62jGlPGB8S6	It's A Vibe	2 Chainz	1264694	167	3	133	-10
178	2h3i5tGUl6hMu572umjcGo	Running Back (feat. Lil Wayne)	Wale	1263187	191	10	109	13
179	3pndPhlQWjuSoXhcIIdBjv	What They Want	Russ	1260942	183	13	132	4
180	1Bqxj0aH5KewYHKUg1IdrF	Some Kind Of Drug	G-Eazy	1258143	182	13	39	2
181	07pJdL0L9XDGW0HBj0rIS2	Skateboard P (feat. Big Sean)	MadeinTYO	1250291	nan	1	181	new
182	4tCtwWceOPWzenK2HAIJSb	Work from Home (feat. Ty Dolla $ign)	Fifth Harmony	1245826	181	13	52	-1
183	6mICuAdrwEjh6Y6lroV2Kg	Chantaje (feat. Maluma)	Shakira	1241452	198	13	52	15
184	7zxRMhXxJMQCeDDg0rKAVo	Some Way	NAV	1239946	174	6	87	-10
185	1BECwm5qkaBwlbfo4kpYx8	Death of a Bachelor	Panic! At The Disco	1227532	197	12	127	12
186	6DNtNfH8hXkqOX1sjqmI7p	Cold Water (feat. Justin Bieber & MØ)	Major Lazer	1221526	185	13	39	-1
187	40yJGQyEaBbIkXpwMFkXip	One Night	Lil Yachty	1216734	184	13	98	-3
188	4uhvMW7ly7tJil31YYscAN	Erase Your Social	Lil Uzi Vert	1211378	187	13	76	-1
189	17Fd6Yb7mSbinKG8LoWfFl	I Took A Pill In Ibiza - Seeb Remix	Mike Posner	1208072	189	13	102	0
190	498ZVInMGDkmmNVpSWqHiZ	May We All	Florida Georgia Line	1206267	nan	1	190	new
191	0H8XeaJunhvpBdBFIYi6Sh	Deja Vu	Post Malone	1203037	179	13	108	-12
192	1HOUzEsetdIPSpAgRPhZQt	Nobody Else but You	Trey Songz	1198762	nan	1	192	new
193	3vgNmjuRDnGLxUFGCLkwpm	Light My Body Up (feat. Nicki Minaj & Lil Wayne)	David Guetta	1190718	nan	1	193	new
194	39pS70eeDvyCAF3t8NAlVV	Good Drank	2 Chainz	1189312	nan	12	102	re-enter
195	6Ius4TC0L3cN74HT7ENE6e	Wet Dreamz	J. Cole	1186038	nan	11	166	re-enter
196	6m9qPYXmhge2QhBLfFKnVF	Same Drugs	Chance the Rapper	1185355	186	7	64	-10
197	0utlOiJy2weVl9WTkcEWHy	Neighbors	J. Cole	1180104	194	13	37	-3
198	0wfbD5rAksdXUzRvMfM3x5	The One	The Chainsmokers	1173786	nan	1	198	new
199	25khomWgBVamSdKw7hzm3l	The Hills	The Weeknd	1168902	193	13	121	-6
200	55OdqrG8WLmsYyY1jijD9b	Wyclef Jean	Young Thug	1164724	190	13	98	-10
