position	song_id	song_name	artist	streams	last_week_position	weeks_on_chart	peak_position	position_status
1	7KXjTSCq5nL1LoYtL7XAwS	HUMBLE.	Kendrick Lamar	17089236	1	6	1	0
2	3DXncPQOG4VBw3QHh3S817	I'm the One (feat. Justin Bieber, Quavo, Chance the Rapper & Lil Wayne)	DJ Khaled	14475825	2	2	2	0
3	5CtI0qwDJkDQGwXD1H1cLb	Despacito - Remix	Luis Fonsi	12684549	3	4	3	0
4	2eMwDehkIC1j68U6FA3Eiq	XO TOUR Llif3	Lil Uzi Vert	10887733	6	7	3	2
5	3rOSwuTsUlJp0Pu0MkN8r8	Mask Off	Future	10217569	5	12	2	0
6	6HZILIRieu8S0iqY8kIKhj	DNA.	Kendrick Lamar	10039802	4	4	2	-2
7	5tz69p7tJuGPeMGwNTxYuV	1-800-273-8255	Logic	8951613	25	2	7	18
8	2EEeOnHehOozLq4aS0n6SL	iSpy (feat. Lil Yachty)	KYLE	7638987	7	19	2	-1
9	0KKkJNfGyhkQ5aFogxQAPU	That's What I Like	Bruno Mars	7151774	10	19	3	1
10	7hDc8b7IXETo14hHIHdnhd	Passionfruit	Drake	6983750	9	8	1	-1
11	3a1lNhkSLSkpJE4MSHpDu9	Congratulations	Post Malone	6979003	17	19	8	6
12	6PGoSes0D9eUDeeAafB2As	LOVE. FEAT. ZACARI.	Kendrick Lamar	6648919	8	4	5	-4
13	7qiZfU4dY1lWllzX7mPBI3	Shape of You	Ed Sheeran	6452397	12	18	1	-1
14	152lZdxL1OR0ZMW6KquMif	Location	Khalid	6379410	14	19	10	0
15	0dA2Mk56wEzDgegdC6R17g	Stay (with Alessia Cara)	Zedd	6273666	15	11	12	0
16	1F2HXIJrE2Xn81OzT2zZvW	Unforgettable	French Montana	6188381	22	5	16	6
17	2bjwRfXMk4uRgOD9IBYl9h	Portland	Drake	5843401	18	8	2	1
18	4Q3N4Ct4zCuIHuZ65E3BD4	Tunnel Vision	Kodak Black	5839499	16	12	5	-2
19	1EaKU4dMbesXXd3BrLCtYG	ELEMENT.	Kendrick Lamar	5833222	11	4	3	-8
20	6SwRhMLwNqEi6alNPVG00n	LOYALTY. FEAT. RIHANNA.	Kendrick Lamar	5700884	13	4	4	-7
21	7tr2za8SQg2CI8EDgrdtNl	Slide (feat. Frank Ocean & Migos)	Calvin Harris	5308212	20	11	9	-1
22	6RUKPb4LETWmmr3iAEQktW	Something Just Like This	The Chainsmokers	5186693	19	12	2	-3
23	3eR23VReFzcdmS7TYCrhCe	It Ain't Me (with Selena Gomez)	Kygo	5071940	21	12	3	-2
24	6gBFPUFcJLzWGx4lenP6h2	goosebumps	Travis Scott	5016619	23	19	23	-1
25	1sXUWdKx03aP9Gmzft58rt	Issues	Julia Michaels	4792165	24	17	11	-1
26	7cGFbx7MP0H23iHZTZpqMM	Everybody	Logic	4691585	77	6	26	51
27	7mldq42yDuxiUNn08nvzHO	Body Like A Back Road	Sam Hunt	4483135	26	14	19	-1
28	6Q2FftbUG530lCtBI74bMH	Drowning (feat. Kodak Black)	A Boogie Wit da Hoodie	4266201	29	8	28	1
29	0SGkqnVQo9KPytSri1H6cF	Bounce Back	Big Sean	4198179	28	19	3	-1
30	0Nhu3zSYbEz32IYiobV75e	Now Or Never	Halsey	4175879	33	5	29	3
31	4Km5HrUvYTaSUfiSGPJeQR	Bad and Boujee (feat. Lil Uzi Vert)	Migos	4122537	31	19	1	0
32	79cuOz3SPQTuFrp8WgftAu	There's Nothing Holdin' Me Back	Shawn Mendes	4074501	32	3	32	0
33	7KOlJ92bu51cltsD9KU5I7	T-Shirt	Migos	4064039	34	17	6	1
34	3Q3myFA7q4Op95DOpHplaY	do re mi	blackbear	3907126	30	7	30	-4
35	4iLqG9SeJSnt0cSPICSjxv	Attention	Charlie Puth	3831546	52	3	35	17
36	6p8NuHm8uCGnn2Dtbtf7zE	Slippery (feat. Gucci Mane)	Migos	3773086	106	15	30	70
37	4ARPvK8DHLwt4oX65ZAFMw	Look At Me!	XXXTENTACION	3730786	36	11	26	-1
38	5Ohxk2dO5COHF1krpoPigN	Sign of the Times	Harry Styles	3649456	38	5	16	0
39	6UjfByV1lDLW0SOVQA4NAi	Gyalchester	Drake	3616352	46	8	6	7
40	2Gl0FzuLxflY6nPifJp5Dr	First Time	Kygo	3605407	50	2	40	10
41	343YBumqHu19cGoGARUTsd	Fake Love	Drake	3554487	42	19	2	1
42	6kex4EBAj0WHXDKZMEJaaF	Swalla (feat. Nicki Minaj & Ty Dolla $ign)	Jason Derulo	3532438	44	10	35	2
43	4iYRa2btalAzPZoSYfROqF	XXX. FEAT. U2.	Kendrick Lamar	3514617	27	4	8	-16
44	51PIvodunv6NmX5250zxAh	The Cure	Lady Gaga	3472699	47	4	44	3
45	7BKUWh5sdtdS17crohRe4L	Black SpiderMan	Logic	3457769	98	4	45	53
46	2Ce5IyMlVRVvN997ZJjJJA	Selfish (feat. Rihanna)	Future	3427670	41	11	24	-5
47	6mapJIPnQ23RTAevUoE0DL	Swang	Rae Sremmurd	3395664	39	19	23	-8
48	6mORGLOz79w6VsCRLWYYuK	The Night We Met	Lord Huron	3390119	49	5	48	1
49	4aWmUDTfIPGksMNLV2rQP2	Despacito (Featuring Daddy Yankee)	Luis Fonsi	3349660	48	16	43	-1
50	3kxfsdsCpFgN412fpnW85Y	Redbone	Childish Gambino	3314369	51	19	29	1
51	167NczpNbRF7oWakJaY3Hh	Slow Hands	Niall Horan	3251132	nan	1	51	new
52	4BHSjbYylfOH5WAGusDyni	YAH.	Kendrick Lamar	3083885	35	4	7	-17
53	6OQea06z3cbOqYgG2O6eOZ	Killing Spree	Logic	3031523	nan	1	53	new
54	5uCax9HTNlzGybIStD3vDh	Say You Won't Let Go	James Arthur	2961990	56	19	15	2
55	6HN5XPJEV31RQJGoyqZ81K	Take It Back	Logic	2937787	nan	1	55	new
56	58kwvMXeOlsvzPqUlyj75Y	Confess	Logic	2875149	nan	1	56	new
57	1louJpMmzEicAn7lzDalPW	No Promises (feat. Demi Lovato)	Cheat Codes	2853378	62	6	57	5
58	1e1JKLEDKP7hEQzJfNAgPl	Magnolia	Playboi Carti	2847084	93	3	58	35
59	77mLzdHEWRB60CLlV02TV2	America	Logic	2786911	nan	1	59	new
60	0CcQNd8CINkwQfe1RDtGV6	Believer	Imagine Dragons	2786159	45	14	27	-15
61	6IZvVAP7VPPnsGX6bvgkqg	PRIDE.	Kendrick Lamar	2770475	37	4	10	-24
62	0pSBuHjILhNEo55xK1zrRt	Rolex	Ayo & Teo	2766425	55	14	37	-7
63	06FCvd7rrRcF3DdvWH5Isp	LUST.	Kendrick Lamar	2765507	40	4	12	-23
64	0tKcYR2II1VCQWT79i5NrW	Thunder	Imagine Dragons	2760710	112	2	64	48
65	1Eck97uRMlprKOOJN9oO1E	Good Life (with G-Eazy & Kehlani)	G-Eazy	2747337	53	6	53	-12
66	72jbDTw1piOOj770jWNeaG	Paris	The Chainsmokers	2733678	54	17	4	-12
67	59J5nzL1KniFHnU120dQzt	wokeuplikethis*	Playboi Carti	2726377	75	4	67	8
68	2LTlO3NuNVN70lp2ZbVswF	FEEL.	Kendrick Lamar	2669287	43	4	9	-25
69	7BKLCZ1jbUBVqRi2FVlTVw	Closer	The Chainsmokers	2662819	61	19	4	-8
70	1x5sYLZiu9r5E43kMlt9f8	Symphony (feat. Zara Larsson)	Clean Bandit	2657973	60	8	48	-10
71	7fRfIvHPH6bHdMDjPFwTMh	Hallelujah	Logic	2652608	nan	1	71	new
72	732btJLGu7gYNHHNdzshrG	Ink Blot	Logic	2603681	nan	1	72	new
73	5aAx2yezTd8zXrkmtKl66Z	Starboy	The Weeknd	2553330	64	19	3	-9
74	5NNlUMcOEOdoOIwwaWXv0k	Cold	Maroon 5	2541671	63	12	25	-11
75	3ebXMykcMXOcLeJ9xZ17XH	Scared to Be Lonely	Martin Garrix	2510621	70	15	20	-5
76	1NDxZ7cFAo481dtYWdrUnR	Pretty Girl - Cheat Codes X CADE Remix	Maggie Lindemann	2475113	68	6	68	-8
77	5GXAXm5YOmYT0kL5jHvYBt	I Feel It Coming	The Weeknd	2474752	66	19	10	-11
78	78rIJddV4X0HkNAInEcYde	Call On Me - Ryan Riback Extended Remix	Starley	2455845	69	19	24	-9
79	3NdDpSvN911VPGivFlV5d0	"I Don’t Wanna Live Forever (Fifty Shades Darker) - From ""Fifty Shades Darker (Original Motion Picture Soundtrack)"""	ZAYN	2423683	71	19	3	-8
80	5qbcsZMwL0x46sX7VO37Ye	Up	NAV	2416705	85	4	74	5
81	6CvTbrBxxc5jFwqsivhpxh	Anziety	Logic	2416555	nan	1	81	new
82	4cxMGhkinTocPSVVKWIw0d	Losin Control	Russ	2395616	90	17	75	8
83	7yyRTcZmCiyzzJlNzGC9Ol	Broccoli (feat. Lil Yachty)	DRAM	2343139	74	19	11	-9
84	2mfUa8bLs2s5N4VaqJZ4lZ	Most Girls	Hailee Steinfeld	2334065	189	2	84	105
85	5p3NP9mQblDsVJLdfNZJ3I	GOD.	Kendrick Lamar	2326424	58	4	19	-27
86	76Y0gxtTxN0FyDCYh5qYQj	Get Right Witcha	Migos	2315232	73	15	33	-13
87	23luOrEVHMfoX0AhfbQuS6	FEAR.	Kendrick Lamar	2214563	59	4	15	-28
88	0v9Wz8o0BT8DU38R4ddjeH	No Problem (feat. Lil Wayne & 2 Chainz)	Chance the Rapper	2199335	78	19	24	-10
89	1xznGGDReH1oQq0xzbwXa3	One Dance	Drake	2169503	82	19	13	-7
90	0wfbD5rAksdXUzRvMfM3x5	The One	The Chainsmokers	2154463	67	7	18	-23
91	76ZrqdtkKxhMl42xAQTnFm	AfricAryaN	Logic	2121352	nan	1	91	new
92	000xQL6tZNLJzIrtIgxqSl	Still Got Time	ZAYN	2116960	76	7	62	-16
93	5GFDrUTLGJix84sNhjCG0g	Caroline	Aminé	2093428	84	19	6	-9
94	3QWjljChcOMkRDYSzF33Qr	Whippin (feat. Felix Snow)	Kiiara	2080959	87	2	87	-7
95	0y9uTzK9cNKSAEHnpeRG8C	DUCKWORTH.	Kendrick Lamar	2078776	65	4	20	-30
96	4ZJPwET9Jrgpkqi4Vo3Yg8	Bad Bitch (feat. Ty Dolla $ign)	Bebe Rexha	2074611	80	5	80	-16
97	6fwdbPMwP1zVStm8FybmkO	X (feat. Future)	21 Savage	2060956	88	19	17	-9
98	53LkLW4k4w7EOayzvx70O9	Mos Definitely	Logic	2047054	nan	1	98	new
99	6eT7xZZlB2mwyzJ2sUKG6w	White Iverson	Post Malone	2031235	110	19	77	11
100	0Fv5N0cHBsl4bzCbollCAS	Moves	Big Sean	2019562	81	19	10	-19
101	2ANLarE8yHVsLWW21nj79M	You Was Right	Lil Uzi Vert	1979758	111	19	28	10
102	0afhq8XCExXpqazXczTSve	Galway Girl	Ed Sheeran	1918296	83	10	7	-19
103	3muBQDekYAg7jm6hDu6R0Z	First Day Out	Tee Grizzley	1906055	96	13	83	-7
104	6b8Be6ljOzmkOmFslEb23P	24K Magic	Bruno Mars	1904088	97	19	14	-7
105	61WbtB6ujkpNAsAf5LjF4b	Bon appétit	Katy Perry	1866687	57	2	57	-48
106	20dP2DaMHIAmwWAbp7peSr	pick up the phone	Young Thug	1865854	99	19	44	-7
107	5knuzwU65gJK7IF5yJsuaW	Rockabye (feat. Sean Paul & Anne-Marie)	Clean Bandit	1864692	95	19	32	-12
108	5kRPPEWFJIMox5qIkQkiz5	Sweet Creature	Harry Styles	1860296	nan	1	108	new
109	1n4jwRVXdkK2U34nBDUKKT	BLOOD.	Kendrick Lamar	1850436	72	4	13	-37
110	6cPyTS0Kk2sc4xQwC93kOg	Break Up Every Night	The Chainsmokers	1844339	86	5	34	-24
111	5hx4FpDZOnDVYlyoG3rMks	Peek A Boo	Lil Yachty	1834165	113	4	73	2
112	4Q5yMlwAfAoitqg4r9oZHN	Quit (feat. Ariana Grande)	Cashmere Cat	1833997	173	2	112	61
113	77lGafvlU68CeHgB2pkHC9	At My Best (feat. Hailee Steinfeld)	Machine Gun Kelly	1828133	89	8	89	-24
114	6n3HGiq4v35D6eFOSwqYuo	Teenage Fever	Drake	1814409	91	8	14	-23
115	2NyrXRn4tancYPW6JwtTl2	From The D To The A (feat. Lil Yachty)	Tee Grizzley	1805521	119	8	115	4
116	6fujklziTHa8uoM5OQSfIo	Black Beatles	Rae Sremmurd	1805086	103	19	5	-13
117	05nbZ1xxVNwUTcGwLbp7CN	Myself	NAV	1796390	118	2	117	1
118	0B8QzDH7YWih85V5SEMnyJ	Money Longer	Lil Uzi Vert	1786409	125	19	73	7
119	05KOgYg8PGeJyyWBPi5ja8	Free Smoke	Drake	1776620	94	8	4	-25
120	3pndPhlQWjuSoXhcIIdBjv	What They Want	Russ	1774869	193	19	120	73
121	3VCYe6mCXebBgcfzaxCVNI	Both (feat. Drake & Lil Wayne) - Remix	Gucci Mane	1771936	127	2	121	6
122	5tFep7dXGd7vEJ668wTPux	Both (feat. Drake)	Gucci Mane	1769432	105	19	38	-17
123	7EiZI6JVHllARrX9PUvAdX	Low Life (feat. The Weeknd)	Future	1767319	114	19	59	-9
124	2wf9bp4MkChojtljddWpbO	PRBLMS	6LACK	1753669	117	14	107	-7
125	2aksifNn5ph8igDOkPBA02	Love On The Brain	Rihanna	1731710	108	19	39	-17
126	5pvVAwQbuFoR7LkcicrKnk	Obsession (feat. Jon Bellion)	Vice	1705674	92	6	92	-34
127	62vpWI1CHwFy7tMIcSStl8	No Role Modelz	J. Cole	1700840	121	19	71	-6
128	5Ua3GXyHwiSfpNTMjq6m2z	Touch	Little Mix	1694724	102	6	96	-26
129	1qOLh0tI7trd1zdDKxYZTe	Starving	Hailee Steinfeld	1686612	124	19	18	-5
130	5yuShbu70mtHXY0yLzCQLQ	Go Flex	Post Malone	1684959	148	19	113	18
131	6xHI9KjUjYT0FPtGO8Mxa1	Hurricane	Luke Combs	1663968	132	9	130	1
132	0FuTx2s3YH1ppmtiM6l0zI	September Song	JP Cooper	1663512	116	10	86	-16
133	4PzovBqgnSHKd8opsP7IVM	Everyday We Lit (feat. PnB Rock)	YFN Lucci	1660457	140	6	128	7
134	2KvHC9z14GSl4YpkNMX384	Do Not Disturb	Drake	1640049	115	8	30	-19
135	6PCUP3dWmTjcTtXY02oFdT	Castle on the Hill	Ed Sheeran	1629454	122	18	4	-13
136	2XlHu0HcujBCkWMdIAvrqt	Blem	Drake	1625872	104	8	8	-32
137	5uDASfU19gDxSjW8cnCaBp	Chill Bill (feat. J. Davi$ & Spooks)	Rob $tone	1609383	128	19	19	-9
138	4f1QbCjIAgQwnf7ms9NXWx	Me You	Russ	1584623	nan	1	138	new
139	5Z3GHaZ6ec9bsiI5BenrbY	Young Dumb & Broke	Khalid	1578630	145	5	139	6
140	0ESJlaM8CE1jRWaNtwSNj8	beibs in the trap	Travis Scott	1570780	133	18	126	-7
141	0utlOiJy2weVl9WTkcEWHy	Neighbors	J. Cole	1566828	143	17	37	2
142	60xaS8mYBKUW4VQQ666N0T	All Night (feat. Knox Fortune)	Chance the Rapper	1561956	129	13	47	-13
143	0QsvXIfqM0zZoerQfsI9lm	Don't Let Me Down	The Chainsmokers	1545293	139	19	43	-4
144	5hYTyyh2odQKphUbMqc5gN	"How Far I'll Go - From ""Moana"""	Alessia Cara	1533287	130	19	20	-14
145	0fg8CqpjdojMyXLNzM2PaJ	Run Up (feat. PARTYNEXTDOOR & Nicki Minaj)	Major Lazer	1528761	109	15	26	-36
146	2xbI8Vmyv3TkpTdywpPyNw	Selfish	PnB Rock	1522307	131	19	47	-15
147	2WQn7Yvs728KZmmY6tgWqH	Eyes Closed	Halsey	1500155	nan	1	147	new
148	0q75NwOoFiARAVp4EXU4Bs	Love Galore (feat. Travis Scott)	SZA	1500104	101	2	101	-47
149	4gmmRb6bZJffOOiww1JGTO	No Heart	21 Savage	1496212	138	19	20	-11
150	10M2Ex445zw585Ducldzkw	In Case You Didn't Know	Brett Young	1495512	151	7	150	1
151	34oWbFBfGEElvgO0a5c9V4	No Flockin'	Kodak Black	1476822	149	19	90	-2
152	4F7A0DXBrmUAkp32uenhZt	Party Monster	The Weeknd	1472414	141	19	22	-11
153	3E2Zh20GDCR9B1EYjfXWyv	Weak	AJR	1459641	146	19	30	-7
154	5de7ci7TFqbQ1PFgKAD7MR	Horses (with PnB Rock, Kodak Black & A Boogie Wit da Hoodie)	PnB Rock	1445517	168	3	154	14
155	1sYSP7gKa5kdKIfhANfori	Lights Down Low	MAX	1440600	123	13	113	-32
156	0gbBzIqrECJOEPvQJIBFs5	Green Light	Lorde	1439566	79	10	20	-77
157	6i0V12jOa3mr6uu4WYhUBr	Heathens	Twenty One Pilots	1427196	152	19	26	-5
158	3pXF1nA74528Edde4of9CC	Don't	Bryson Tiller	1419447	154	19	82	-4
159	248OFOZef6ShXv6DGgbnxU	Saved	Khalid	1410143	155	10	137	-4
160	07pJdL0L9XDGW0HBj0rIS2	Skateboard P (feat. Big Sean)	MadeinTYO	1406022	175	7	160	15
161	4ntsD33Pgsgk8rUyZLLiUV	DEVASTATED	Joey Bada$$	1403917	135	8	79	-26
162	0bXFIF7iL17TYLyx8JHziM	Patty Cake	Kodak Black	1403650	160	6	139	-2
163	0qYTZCo5Bwh1nsUFGZP3zn	Felices los 4	Maluma	1403028	nan	1	163	new
164	6Wo5YxkdXgwzKQZbDg2r17	Either Way	Chris Stapleton	1398695	nan	1	164	new
165	43PuMrRfbyyuz4QpZ3oAwN	Exchange	Bryson Tiller	1397395	163	19	84	-2
166	4GP2Idcs08NqAjfEV0rsl6	Waiting Room	Logic	1396261	nan	1	166	new
167	1PSBzsahR2AKwLJgx8ehBj	Bad Things (with Camila Cabello)	Machine Gun Kelly	1392995	158	19	9	-9
168	0tgVpDi06FyKpA1z0VMD4v	Perfect	Ed Sheeran	1378809	164	10	15	-4
169	0xl1w2q4VLojeXp4JfazPL	Sacrifices	Drake	1372089	137	8	12	-32
170	0BU7nIcCZxYSE0hYcc5oZz	Too Many Years	Kodak Black	1353432	169	19	64	-1
171	1Tt4sE4pXi57mTD1GCzsqm	Needed Me	Rihanna	1353219	165	19	45	-6
172	1wZqJM5FGDEl3FjHDxDyQd	Come and See Me (feat. Drake)	PARTYNEXTDOOR	1344381	167	19	81	-5
173	4SO6Wonm24FAHzttG1lIeJ	Want You Back	HAIM	1344245	nan	1	173	new
174	3mRcWCyteY2133a7xVMrYw	Comin Out Strong (feat. The Weeknd)	Future	1337434	157	11	22	-17
175	6I6NX6tjGsxFAsIfGzY9lJ	Deja Vu	J. Cole	1331618	159	19	16	-16
176	4uhvMW7ly7tJil31YYscAN	Erase Your Social	Lil Uzi Vert	1324960	198	18	76	22
177	6HEIBHUirx1J0JkUD24szt	Water	Ugly God	1317239	161	19	58	-16
178	2h3i5tGUl6hMu572umjcGo	Running Back (feat. Lil Wayne)	Wale	1309112	100	16	100	-78
179	7y6c07pgjZvtHI9kuMVqk1	Get It Together	Drake	1304825	142	8	13	-37
180	5OOkp4U9P9oL23maHFHL1h	Panda	Desiigner	1302490	179	19	54	-1
181	6qcuRcbz8DCLG6nG4or8Uo	Cherry Hill	Russ	1297251	nan	1	181	new
182	4pdPtRcBmOSQDlJ3Fk945m	Let Me Love You	DJ Snake	1296253	176	19	12	-6
183	4pLwZjInHj3SimIyN9SnOz	Side To Side	Ariana Grande	1285838	170	19	24	-13
184	04DwTuZ2VBdJCCC5TROn7L	In the Name of Love	Martin Garrix	1283562	182	19	20	-2
185	7KcGEssn7BnJdTgildK5y0	No Frauds	Nicki Minaj	1280628	172	9	22	-13
186	4uoumbAMEMaKdtiv763jKz	TG4M	Zara Larsson	1269299	162	6	145	-24
187	6F609ICg9Spjrw1epsAnpa	Controlla	Drake	1262638	190	19	41	3
188	05Z7jet4VDNVgNQWcYHnrk	Party	Chris Brown	1262568	178	19	117	-10
189	7f08qp3HROTkfrtNpiYGGo	Dirt On My Boots	Jon Pardi	1258197	196	12	157	7
190	6H0AwSQ20mo62jGlPGB8S6	It's A Vibe	2 Chainz	1254453	191	5	133	1
191	4dASQiO1Eoo3RJvt74FtXB	Sucker For Pain (with Wiz Khalifa, Imagine Dragons, Logic & Ty Dolla $ign feat. X Ambassadors)	Lil Wayne	1251579	183	19	61	-8
192	6JjEVlMkfHWMeYavkEYzNO	Gassed Up	Nebu Kiniza	1249844	197	17	77	5
193	6JV2JOEocMgcZxYSZelKcc	"CAN'T STOP THE FEELING! (Original Song from DreamWorks Animation's ""TROLLS"")"	Justin Timberlake	1245910	188	19	56	-5
194	7zxRMhXxJMQCeDDg0rKAVo	Some Way	NAV	1241705	nan	9	87	re-enter
195	6HL9fQAZ5jwajChlEIqVzf	Colombia Heights (Te Llamo) (feat. J Balvin)	Wale	1241431	136	2	136	-59
196	4IWGnyOHDrVZEtPWfs4s7q	Do What I Want	Lil Uzi Vert	1240742	nan	6	166	re-enter
197	2Z8WuEywRWYTKe1NybPQEW	Ride	Twenty One Pilots	1231770	199	19	65	2
198	1CnPYaKxTVb4LWOtiGOm0m	All Time Low	Jon Bellion	1230380	177	19	18	-21
199	2RttW7RAu5nOAfq6YFvApB	Happier	Ed Sheeran	1227099	181	10	19	-18
200	6520aj0B4FSKGVuKNsOCOi	Chained To The Rhythm	Katy Perry	1218118	156	13	10	-44
