position	song_id	song_name	artist	streams	last_week_position	weeks_on_chart	peak_position	position_status
1	7qiZfU4dY1lWllzX7mPBI3	Shape of You	Ed Sheeran	11094172	1	7	1	0
2	4Km5HrUvYTaSUfiSGPJeQR	Bad and Boujee (feat. Lil Uzi Vert)	Migos	8604828	2	8	1	0
3	3eR23VReFzcdmS7TYCrhCe	It Ain't Me (with Selena Gomez)	Kygo	7597692	nan	1	3	new
4	3NdDpSvN911VPGivFlV5d0	"I Don’t Wanna Live Forever (Fifty Shades Darker) - From ""Fifty Shades Darker (Original Motion Picture Soundtrack)"""	ZAYN	7547964	3	8	3	-1
5	2EEeOnHehOozLq4aS0n6SL	iSpy (feat. Lil Yachty)	KYLE	7386389	5	8	5	0
6	0SGkqnVQo9KPytSri1H6cF	Bounce Back	Big Sean	7092037	4	8	3	-2
7	72jbDTw1piOOj770jWNeaG	Paris	The Chainsmokers	6360991	6	6	4	-1
8	0KKkJNfGyhkQ5aFogxQAPU	That's What I Like	Bruno Mars	5912584	19	8	8	11
9	343YBumqHu19cGoGARUTsd	Fake Love	Drake	5884045	7	8	2	-2
10	3a1lNhkSLSkpJE4MSHpDu9	Congratulations	Post Malone	5720476	11	8	10	1
11	1sXUWdKx03aP9Gmzft58rt	Issues	Julia Michaels	5537099	13	6	11	2
12	7KOlJ92bu51cltsD9KU5I7	T-Shirt	Migos	5421841	8	6	6	-4
13	5GXAXm5YOmYT0kL5jHvYBt	I Feel It Coming	The Weeknd	4931074	12	8	10	-1
14	5aAx2yezTd8zXrkmtKl66Z	Starboy	The Weeknd	4878798	9	8	3	-5
15	6520aj0B4FSKGVuKNsOCOi	Chained To The Rhythm	Katy Perry	4662844	10	2	10	-5
16	5GFDrUTLGJix84sNhjCG0g	Caroline	Aminé	4355085	15	8	6	-1
17	1PSBzsahR2AKwLJgx8ehBj	Bad Things (with Camila Cabello)	Machine Gun Kelly	4273283	16	8	9	-1
18	7BKLCZ1jbUBVqRi2FVlTVw	Closer	The Chainsmokers	4261602	14	8	4	-4
19	3rOSwuTsUlJp0Pu0MkN8r8	Mask Off	Future	4229274	nan	1	19	new
20	5uCax9HTNlzGybIStD3vDh	Say You Won't Let Go	James Arthur	4203188	18	8	15	-2
21	7mldq42yDuxiUNn08nvzHO	Body Like A Back Road	Sam Hunt	4147028	26	3	21	5
22	3ebXMykcMXOcLeJ9xZ17XH	Scared to Be Lonely	Martin Garrix	4006745	22	4	20	0
23	6mapJIPnQ23RTAevUoE0DL	Swang	Rae Sremmurd	3952186	29	8	23	6
24	4Zxdw0Hno7YDu0IzvY76Qo	Rent Money	Future	3928422	nan	1	24	new
25	4Q3N4Ct4zCuIHuZ65E3BD4	Tunnel Vision	Kodak Black	3894760	nan	1	25	new
26	0Fv5N0cHBsl4bzCbollCAS	Moves	Big Sean	3819562	17	8	10	-9
27	6fujklziTHa8uoM5OQSfIo	Black Beatles	Rae Sremmurd	3738155	21	8	5	-6
28	1CnPYaKxTVb4LWOtiGOm0m	All Time Low	Jon Bellion	3712623	25	8	18	-3
29	0CcQNd8CINkwQfe1RDtGV6	Believer	Imagine Dragons	3671082	47	3	29	18
30	67dyMPOUsbZ9Yg06PnfAAh	Draco	Future	3662735	nan	1	30	new
31	5NNlUMcOEOdoOIwwaWXv0k	Cold	Maroon 5	3646617	nan	1	31	new
32	0v9Wz8o0BT8DU38R4ddjeH	No Problem (feat. Lil Wayne & 2 Chainz)	Chance the Rapper	3527113	24	8	24	-8
33	7yyRTcZmCiyzzJlNzGC9Ol	Broccoli (feat. Lil Yachty)	DRAM	3483596	23	8	11	-10
34	6PCUP3dWmTjcTtXY02oFdT	Castle on the Hill	Ed Sheeran	3351654	28	7	4	-6
35	78rIJddV4X0HkNAInEcYde	Call On Me - Ryan Riback Extended Remix	Starley	3333358	31	8	24	-4
36	4F7A0DXBrmUAkp32uenhZt	Party Monster	The Weeknd	3271452	30	8	22	-6
37	6gBFPUFcJLzWGx4lenP6h2	goosebumps	Travis Scott	3264862	32	8	32	-5
38	6fwdbPMwP1zVStm8FybmkO	X (feat. Future)	21 Savage	3252098	27	8	17	-11
39	3E2Zh20GDCR9B1EYjfXWyv	Weak	AJR	3183768	33	8	30	-6
40	5hYTyyh2odQKphUbMqc5gN	"How Far I'll Go - From ""Moana"""	Alessia Cara	3130600	34	8	20	-6
41	1MksGqIztTT6M9R1ErKVs8	No Favors	Big Sean	3130256	20	3	8	-21
42	2oUuLLKS8WbF7ELJcwbqms	Look at Me!	XXXTENTACION	3117009	45	4	42	3
43	4gmmRb6bZJffOOiww1JGTO	No Heart	21 Savage	3114908	35	8	20	-8
44	5tFep7dXGd7vEJ668wTPux	Both (feat. Drake)	Gucci Mane	3018175	38	8	38	-6
45	0fg8CqpjdojMyXLNzM2PaJ	Run Up (feat. PARTYNEXTDOOR & Nicki Minaj)	Major Lazer	2973581	39	4	26	-6
46	6b8Be6ljOzmkOmFslEb23P	24K Magic	Bruno Mars	2954250	37	8	14	-9
47	1Bqxj0aH5KewYHKUg1IdrF	Some Kind Of Drug	G-Eazy	2825751	41	8	39	-6
48	1xznGGDReH1oQq0xzbwXa3	One Dance	Drake	2774429	36	8	13	-12
49	4aWmUDTfIPGksMNLV2rQP2	Despacito (Featuring Daddy Yankee)	Luis Fonsi	2725074	43	5	43	-6
50	6I6NX6tjGsxFAsIfGzY9lJ	Deja Vu	J. Cole	2595525	40	8	16	-10
51	3kxfsdsCpFgN412fpnW85Y	Redbone	Childish Gambino	2589913	42	8	29	-9
52	152lZdxL1OR0ZMW6KquMif	Location	Khalid	2566224	52	8	52	0
53	6p8NuHm8uCGnn2Dtbtf7zE	Slippery (feat. Gucci Mane)	Migos	2465637	46	4	30	-7
54	5e0RPsQUTQu0A29wqD6bZR	Super Trapper	Future	2425986	nan	1	54	new
55	4ckuS4Nj4FZ7i3Def3Br8W	Sneakin’	Drake	2411524	44	8	24	-11
56	0Zx8khUcEfCFK2AEoIhC92	Don't Leave	Snakehips	2346807	54	7	54	-2
57	0n2bvWvMwr0gbjcuTm92eW	Love	Lana Del Rey	2313117	nan	1	57	new
58	1yNyoWWWikbLhwIGWjZuDW	All Night	The Vamps	2303991	59	8	49	1
59	4lozYCMRLtEc46exlhoK2Q	I'm so Groovy	Future	2299359	nan	1	59	new
60	5uDASfU19gDxSjW8cnCaBp	Chill Bill (feat. J. Davi$ & Spooks)	Rob $tone	2272495	48	8	19	-12
61	5knuzwU65gJK7IF5yJsuaW	Rockabye (feat. Sean Paul & Anne-Marie)	Clean Bandit	2269611	51	8	32	-10
62	2BrzlUj1u1CtvaJDGIKpsP	Make Me (Cry)	Noah Cyrus	2258436	58	8	55	-4
63	2aksifNn5ph8igDOkPBA02	Love On The Brain	Rihanna	2256887	62	8	53	-1
64	3EmmCZoqpWOTY1g2GBwJoR	Just Hold On	Steve Aoki	2250199	55	8	37	-9
65	204U3zjm9kkzX25Pr4Rdld	Kelly Price (feat. Travis Scott)	Migos	2246783	49	4	21	-16
66	7iAiOtm19uRwipMm7TH6lw	Zoom	Future	2207351	nan	1	66	new
67	2xbI8Vmyv3TkpTdywpPyNw	Selfish	PnB Rock	2204288	63	8	47	-4
68	0WCEaydwN65cvwaW8aqptF	History	Olivia Holt	2192307	69	7	68	1
69	20dP2DaMHIAmwWAbp7peSr	pick up the phone	Young Thug	2190254	67	8	44	-2
70	6m9qPYXmhge2QhBLfFKnVF	Same Drugs	Chance the Rapper	2183210	64	2	64	-6
71	2ANLarE8yHVsLWW21nj79M	You Was Right	Lil Uzi Vert	2178751	61	8	28	-10
72	4pLwZjInHj3SimIyN9SnOz	Side To Side	Ariana Grande	2159466	56	8	24	-16
73	3CyICSGQGqUaFeYvMJgpnt	High Demand	Future	2156689	nan	1	73	new
74	1FUViuNSldssMIawrOXF2i	I Got You	Bebe Rexha	2155199	78	8	74	4
75	6PJ8FF6UR8FZXfEvpHkIVN	How Would You Feel (Paean)	Ed Sheeran	2148113	nan	1	75	new
76	7EiZI6JVHllARrX9PUvAdX	Low Life (feat. The Weeknd)	Future	2143374	76	8	59	0
77	0hNduWmlWmEmuwEFcYvRu1	Sunset Lover	Petit Biscuit	2126299	74	8	63	-3
78	04DwTuZ2VBdJCCC5TROn7L	In the Name of Love	Martin Garrix	2114386	65	8	20	-13
79	2dqLk7ezV15LEJEwUmEbXB	Down	Marian Hill	2104371	80	4	79	1
80	5MFzQMkrl1FOOng9tq6R9r	Don't Wanna Know	Maroon 5	2104305	50	8	15	-30
81	6i0V12jOa3mr6uu4WYhUBr	Heathens	Twenty One Pilots	2089008	60	8	26	-21
82	1qOLh0tI7trd1zdDKxYZTe	Starving	Hailee Steinfeld	2081945	66	8	18	-16
83	3yaq0WhtGS0Y6r7vDkw4lc	Good Dope	Future	2081626	nan	1	83	new
84	4vb4mFvYsr2h6enhjJsq9Y	Water Under the Bridge	Adele	2051693	53	8	53	-31
85	7BzjpnOxxngXt1LZiVXhND	POA	Future	2036238	nan	1	85	new
86	6eT7xZZlB2mwyzJ2sUKG6w	White Iverson	Post Malone	1991876	77	8	77	-9
87	7zxRMhXxJMQCeDDg0rKAVo	Some Way	NAV	1988133	nan	1	87	new
88	37F0uwRSrdzkBiuj0D5UHI	Reminder	The Weeknd	1962280	157	8	69	69
89	4pdPtRcBmOSQDlJ3Fk945m	Let Me Love You	DJ Snake	1961736	71	8	12	-18
90	6HUnnBwYZqcED1eQztxMBN	Solo Dance	Martin Jensen	1949820	85	8	76	-5
91	572NmogOEHowA9JdNqh036	Might as Well	Future	1939204	nan	1	91	new
92	6wV12xIUb8oFY7lBy4KuQe	Sooner Or Later	Aaron Carter	1938902	91	3	91	-1
93	3SGWp9fJCzgK0WcpcKSQdy	Romantic - NOTD Remix	Stanaj	1930569	97	6	93	4
94	0BU7nIcCZxYSE0hYcc5oZz	Too Many Years	Kodak Black	1894920	92	8	64	-2
95	6HEIBHUirx1J0JkUD24szt	Water	Ugly God	1875054	72	8	58	-23
96	1lntL1cI2UIWlxjL5QiN8g	The Other	Lauv	1864908	95	6	95	-1
97	6t2ubAB4iSYOuIpRAOGd4t	Cake - Challenge Version	Flo Rida	1846706	90	8	90	-7
98	43jBqV3j3Xi1g6wO0bhIMd	Now and Later	Sage The Gemini	1844555	87	8	48	-11
99	62vpWI1CHwFy7tMIcSStl8	No Role Modelz	J. Cole	1827679	93	8	71	-6
100	6F609ICg9Spjrw1epsAnpa	Controlla	Drake	1820195	89	8	41	-11
101	55OdqrG8WLmsYyY1jijD9b	Wyclef Jean	Young Thug	1773568	98	8	98	-3
102	11KJSRSgaDxqydKYiD2Jew	Too Good	Drake	1767740	84	8	38	-18
103	76Y0gxtTxN0FyDCYh5qYQj	Get Right Witcha	Migos	1763246	86	4	33	-17
104	4uhvMW7ly7tJil31YYscAN	Erase Your Social	Lil Uzi Vert	1754337	99	8	76	-5
105	0pSBuHjILhNEo55xK1zrRt	Rolex	Ayo & Teo	1748304	145	3	105	40
106	1Tt4sE4pXi57mTD1GCzsqm	Needed Me	Rihanna	1734240	88	8	45	-18
107	6A8dnC0xkiuWN4BshmTB2I	Oceans Away	A R I Z O N A	1708031	110	6	107	3
108	78sr3ogs4UzITcCNbXM9cM	Used to This (feat. Drake)	Future	1694518	70	8	58	-38
109	3eze1OsZ1rqeXkKStNfTmi	Juke Jam (feat. Justin Bieber & Towkio)	Chance the Rapper	1693542	75	8	75	-34
110	6E39QsoWB7JjphPF9xCQSN	Outlet	Desiigner	1691507	73	2	73	-37
111	4TZy1wLyHec06pwgFYDh1a	Mercy	Shawn Mendes	1691432	96	8	30	-15
112	1wZqJM5FGDEl3FjHDxDyQd	Come and See Me (feat. Drake)	PARTYNEXTDOOR	1688440	94	8	81	-18
113	0QsvXIfqM0zZoerQfsI9lm	Don't Let Me Down	The Chainsmokers	1670070	101	8	43	-12
114	6JjEVlMkfHWMeYavkEYzNO	Gassed Up	Nebu Kiniza	1668949	115	8	77	1
115	2h3i5tGUl6hMu572umjcGo	Running Back (feat. Lil Wayne)	Wale	1666024	118	5	109	3
116	5OOkp4U9P9oL23maHFHL1h	Panda	Desiigner	1658997	102	8	54	-14
117	0B8QzDH7YWih85V5SEMnyJ	Money Longer	Lil Uzi Vert	1632155	106	8	73	-11
118	4Q4jmPHwu0wrJvqrld0FQ6	I Would Like	Zara Larsson	1621263	127	8	95	9
119	43PuMrRfbyyuz4QpZ3oAwN	Exchange	Bryson Tiller	1616060	103	8	84	-16
120	2Z8WuEywRWYTKe1NybPQEW	Ride	Twenty One Pilots	1609759	113	8	65	-7
121	4mU5iXHeLgbR94siF7p1sY	Six Feet Under	The Weeknd	1601795	82	8	42	-39
122	042x9bsUBWW2fJgJ6fUh61	Not Going Home	DVBBS	1596472	116	8	71	-6
123	3pXF1nA74528Edde4of9CC	Don't	Bryson Tiller	1595442	109	8	82	-14
124	1jQsKN68yE94tMYml0wHMd	Jump Out The Window	Big Sean	1595085	68	3	28	-56
125	34oWbFBfGEElvgO0a5c9V4	No Flockin'	Kodak Black	1594069	120	8	90	-5
126	133V82vMO7TB1WYehNUMwW	Outta Time	Future	1593798	nan	1	126	new
127	0prNGof3XqfTvNDxHonvdK	Scars To Your Beautiful	Alessia Cara	1589067	104	8	33	-23
128	3s2rQnjOKEENte75MloNMq	Scrape	Future	1569440	nan	1	128	new
129	60xaS8mYBKUW4VQQ666N0T	All Night (feat. Knox Fortune)	Chance the Rapper	1560999	153	2	129	24
130	4dASQiO1Eoo3RJvt74FtXB	Sucker For Pain (with Wiz Khalifa, Imagine Dragons, Logic & Ty Dolla $ign feat. X Ambassadors)	Lil Wayne	1555945	114	8	61	-16
131	3UjJP4ludb74a29P5EHEIo	Thumbs	Sabrina Carpenter	1554397	136	4	131	5
132	1r0faljjM2b876iNoaDUh5	Sacrifices	Big Sean	1541508	57	3	27	-75
133	05Z7jet4VDNVgNQWcYHnrk	Party	Chris Brown	1537993	123	8	117	-10
134	5yuShbu70mtHXY0yLzCQLQ	Go Flex	Post Malone	1537864	124	8	124	-10
135	6DNtNfH8hXkqOX1sjqmI7p	Cold Water (feat. Justin Bieber & MØ)	Major Lazer	1531342	117	8	39	-18
136	3ZLyt2ndLFBh148XRYjYYZ	All We Got (feat. Kanye West & Chicago Children's Choir)	Chance the Rapper	1513765	112	2	112	-24
137	0ESJlaM8CE1jRWaNtwSNj8	beibs in the trap	Travis Scott	1512201	131	7	131	-6
138	0utlOiJy2weVl9WTkcEWHy	Neighbors	J. Cole	1507708	121	8	37	-17
139	3CRDbSIZ4r5MsZ0YwxuEkn	Stressed Out	Twenty One Pilots	1501692	105	8	92	-34
140	50PWlIBU7PlGGwzgN8TiFJ	Million Reasons	Lady Gaga	1496166	79	3	79	-61
141	04CttTezSnv71USiiG9mIo	Lighthouse - Andrelli Remix	Hearts & Colors	1495897	126	8	86	-15
142	6cAKeFFYW2aClZSUyvqAEW	It's Gotta Be You	Isaiah	1487474	132	7	110	-10
143	6JV2JOEocMgcZxYSZelKcc	"CAN'T STOP THE FEELING! (Original Song from DreamWorks Animation's ""TROLLS"")"	Justin Timberlake	1487259	138	8	56	-5
144	6RUKPb4LETWmmr3iAEQktW	Something Just Like This	The Chainsmokers	1485631	nan	1	144	new
145	7zTx8ePYAmPFQuxP3xlXZn	Light	San Holo	1482133	100	8	72	-45
146	104buTcnP2AsxqB7U1FIZ4	Heavy (feat. Kiiara)	Linkin Park	1478705	nan	1	146	new
147	5J5PXmMdQ2nh1lZOal8KmK	Litty (feat. Tory Lanez)	Meek Mill	1477596	130	8	97	-17
148	6nxQdXa1uAL0rY72wPZu89	Love Me Now	John Legend	1476060	83	8	36	-65
149	77zIq99gy96DGkMak3a2wF	Poppin' Tags	Future	1473232	nan	1	149	new
150	4cxMGhkinTocPSVVKWIw0d	Losin Control	Russ	1471034	141	6	141	-9
151	2rizacJSyD9S1IQUxUxnsK	All We Know	The Chainsmokers	1467610	125	8	29	-26
152	0H8XeaJunhvpBdBFIYi6Sh	Deja Vu	Post Malone	1456143	129	8	108	-23
153	1cG0umU5TKStygKsPFZ9pY	Shed a Light	Robin Schulz	1447758	147	8	100	-6
154	1sl5tSzfK1JrcQIcA8rYDy	I Miss You	Grey	1436560	156	3	152	2
155	27GmP9AWRs744SzKcpJsTZ	Jumpman	Drake	1435352	144	8	73	-11
156	6mICuAdrwEjh6Y6lroV2Kg	Chantaje (feat. Maluma)	Shakira	1407501	111	8	52	-45
157	7JYsArznYOjX2jsrT3UEnL	OOOUUU	Young M.A	1404598	134	8	27	-23
158	7sMBRW8Y8iL19IchYMAogN	Feds Did a Sweep	Future	1394544	nan	1	158	new
159	4Hf7WnR761jpxPr5D46Bcd	Treat You Better	Shawn Mendes	1390771	143	8	47	-16
160	3muBQDekYAg7jm6hDu6R0Z	First Day Out	Tee Grizzley	1387647	140	3	140	-20
161	4h90qkbnW1Qq6pBhoPvwko	Sidewalks	The Weeknd	1386181	133	8	47	-28
162	0q5DrtpnnGpOvBy5nnPMbe	Timeless (feat. DJ SPINKING)	A Boogie Wit da Hoodie	1370957	148	8	125	-14
163	40yJGQyEaBbIkXpwMFkXip	One Night	Lil Yachty	1367185	149	8	98	-14
164	1sYSP7gKa5kdKIfhANfori	Lights Down Low	MAX	1356868	193	2	164	29
165	2wf9bp4MkChojtljddWpbO	PRBLMS	6LACK	1355958	164	3	164	-1
166	39pS70eeDvyCAF3t8NAlVV	Good Drank	2 Chainz	1347857	150	8	131	-16
167	2LBqCSwhJGcFQeTHMVGwy3	Die For You	The Weeknd	1347478	152	8	79	-15
168	1BECwm5qkaBwlbfo4kpYx8	Death of a Bachelor	Panic! At The Disco	1331552	128	7	127	-40
169	7vRriwrloYVaoAe3a9wJHe	i hate u, i love u (feat. olivia o'brien)	gnash	1330234	146	8	77	-23
170	1Slwb6dOYkBlWal1PGtnNg	Thinking out Loud	Ed Sheeran	1319793	107	7	107	-63
171	0jOfl1nZf6sVBTG08Q4brn	Call Casting	Migos	1313423	119	6	29	-52
172	0jx8zY5JQsS4YEQcfkoc5C	Angels (feat. Saba)	Chance the Rapper	1311789	155	2	155	-17
173	4tCtwWceOPWzenK2HAIJSb	Work from Home (feat. Ty Dolla $ign)	Fifth Harmony	1306859	161	8	52	-12
174	25khomWgBVamSdKw7hzm3l	The Hills	The Weeknd	1298992	165	8	121	-9
175	4nDfc6F2uVcc6wdG7kBzWO	"Bom Bidi Bom - From ""Fifty Shades Darker (Original Motion Picture Soundtrack)"""	Nick Jonas	1298096	159	2	159	-16
176	5abwHwUhywLGNli5NDcEN7	Magic	Thomas Gold	1295058	170	4	170	-6
177	14WWzenpaEgQZlqPq2nk4v	Work	Rihanna	1294501	142	8	57	-35
178	4IcwdrlHrNF7IxMMMloEBh	When I Was Broke	Future	1288737	nan	1	178	new
179	5uQOauh47VFt3B2kV9kRXw	My Shit	A Boogie Wit da Hoodie	1263009	179	8	130	0
180	4atJ40xfasjdM9ZF3p07BV	Halfway Off The Balcony	Big Sean	1261777	81	5	25	-99
181	1a5Yu5L18qNxVhXx38njON	Hear Me Now	Alok	1249377	163	8	112	-18
182	3OoZagIW3YK8vjt0ws6NOI	Shining (feat. Beyoncé & Jay-Z)	DJ Khaled	1247773	nan	1	182	new
183	2Yimo750CLgO2mDPPndSK6	Massage In My Room	Future	1239435	nan	1	183	new
184	6yr8GiTHWvFfi4o6Q5ebdT	'Till I Collapse	Eminem	1238463	175	8	155	-9
185	5nA67Y0XX9JipZwYxX7Gl7	This Town	Niall Horan	1234242	162	8	112	-23
186	40YcuQysJ0KlGQTeGUosTC	Me, Myself & I	G-Eazy	1232479	172	8	103	-14
187	17Fd6Yb7mSbinKG8LoWfFl	I Took A Pill In Ibiza - Seeb Remix	Mike Posner	1221974	178	8	102	-9
188	3pndPhlQWjuSoXhcIIdBjv	What They Want	Russ	1206713	177	8	132	-11
189	1RLRjT3mBJ7PW83rIvE2bu	Flip	Future	1201113	nan	1	189	new
190	6fxVffaTuwjgEk5h9QyRjy	Photograph	Ed Sheeran	1187488	158	7	91	-32
191	5Z01UMMf7V1o0MzF86s6WJ	"Lose Yourself - From ""8 Mile"" Soundtrack"	Eminem	1176054	187	8	162	-4
192	49zD0wr2S3d0lZPib0K4e1	F*ck Up Some Commas	Future	1170950	nan	1	192	new
193	7yHEDfrJNd0zWOfXwydNH0	Into You	Ariana Grande	1169300	180	8	63	-13
194	6canmpFnLHVUzvVWAodifz	There He Go	Kodak Black	1163666	196	7	151	2
195	1u0MOgWF1bbylVxpJG2ZjB	Owe Me	Big Sean	1161603	108	3	42	-87
196	6AGON2BGdPmPMJGiiNuuwl	Immortal	J. Cole	1158337	176	8	50	-20
197	4KW1lqgSr8TKrvBII0Brf8	Father Stretch My Hands Pt. 1	Kanye West	1158175	174	8	115	-23
198	6Ius4TC0L3cN74HT7ENE6e	Wet Dreamz	J. Cole	1155004	190	8	166	-8
199	7f08qp3HROTkfrtNpiYGGo	Dirt On My Boots	Jon Pardi	1147919	nan	2	196	re-enter
200	12REd1n8PeiHHWOh066tpr	Never Be Like You	Flume	1141578	160	8	84	-40
