position	song_id	song_name	artist	streams	last_week_position	weeks_on_chart	peak_position	position_status
1	5CtI0qwDJkDQGwXD1H1cLb	Despacito - Remix	Luis Fonsi	12988091	2	8	1	1
2	7KXjTSCq5nL1LoYtL7XAwS	HUMBLE.	Kendrick Lamar	12877155	1	10	1	-1
3	72Q0FQQo32KJloivv5xge2	I'm the One	DJ Khaled	10994393	3	2	3	0
4	2eMwDehkIC1j68U6FA3Eiq	XO TOUR Llif3	Lil Uzi Vert	10967490	4	11	3	0
5	3a1lNhkSLSkpJE4MSHpDu9	Congratulations	Post Malone	7883648	6	23	5	1
6	3rOSwuTsUlJp0Pu0MkN8r8	Mask Off	Future	7363960	5	16	2	-1
7	1F2HXIJrE2Xn81OzT2zZvW	Unforgettable	French Montana	7265405	8	9	7	1
8	6HZILIRieu8S0iqY8kIKhj	DNA.	Kendrick Lamar	6744161	7	8	2	-1
9	152lZdxL1OR0ZMW6KquMif	Location	Khalid	6049023	11	23	9	2
10	3kxfsdsCpFgN412fpnW85Y	Redbone	Childish Gambino	5931009	16	23	10	6
11	5tz69p7tJuGPeMGwNTxYuV	1-800-273-8255	Logic	5857001	9	6	7	-2
12	7i2DJ88J7jQ8K7zqFX2fW8	Now Or Never	Halsey	5443357	nan	1	12	new
13	0KKkJNfGyhkQ5aFogxQAPU	That's What I Like	Bruno Mars	5424518	10	23	3	-3
14	0dA2Mk56wEzDgegdC6R17g	Stay (with Alessia Cara)	Zedd	5397863	12	15	12	-2
15	2EEeOnHehOozLq4aS0n6SL	iSpy (feat. Lil Yachty)	KYLE	5122435	13	23	2	-2
16	6gBFPUFcJLzWGx4lenP6h2	goosebumps	Travis Scott	5060196	18	23	16	2
17	1e1JKLEDKP7hEQzJfNAgPl	Magnolia	Playboi Carti	5048202	31	7	17	14
18	6PGoSes0D9eUDeeAafB2As	LOVE. FEAT. ZACARI.	Kendrick Lamar	4976369	17	8	5	-1
19	7hDc8b7IXETo14hHIHdnhd	Passionfruit	Drake	4842442	15	12	1	-4
20	7qiZfU4dY1lWllzX7mPBI3	Shape of You	Ed Sheeran	4723231	20	22	1	0
21	2habSXqcJGExM6JJyskY7O	Malibu	Miley Cyrus	4722505	14	4	7	-7
22	4iLqG9SeJSnt0cSPICSjxv	Attention	Charlie Puth	4678994	23	7	21	1
23	7mldq42yDuxiUNn08nvzHO	Body Like A Back Road	Sam Hunt	4604039	21	18	19	-2
24	6gpcs5eMhJwax4mIfKDYQk	Slide (feat. Frank Ocean & Migos)	Calvin Harris	4495414	24	2	24	0
25	3LnOF5n1GOs01siYZXzS3p	Drowning (feat. Kodak Black)	A Boogie Wit da Hoodie	4407990	26	2	25	1
26	6EpRaXYhGOB3fj4V2uDkMJ	Strip That Down	Liam Payne	4359912	35	3	26	9
27	2bjwRfXMk4uRgOD9IBYl9h	Portland	Drake	4355751	22	12	2	-5
28	6p8NuHm8uCGnn2Dtbtf7zE	Slippery (feat. Gucci Mane)	Migos	4338122	29	19	27	1
29	1sCxVKWImDZSZKvG0U9B23	Bad Liar	Selena Gomez	4044581	27	4	8	-2
30	4Q3N4Ct4zCuIHuZ65E3BD4	Tunnel Vision	Kodak Black	3940187	19	16	5	-11
31	79cuOz3SPQTuFrp8WgftAu	There's Nothing Holdin' Me Back	Shawn Mendes	3911561	34	7	29	3
32	6jA8HL9i4QGzsj6fjoxp8Y	There for You	Martin Garrix	3815146	39	2	32	7
33	56lBX2WHqfGuoeZxZvUnVj	Thunder	Imagine Dragons	3801072	36	2	33	3
34	1sXUWdKx03aP9Gmzft58rt	Issues	Julia Michaels	3659877	25	21	11	-9
35	6SwRhMLwNqEi6alNPVG00n	LOYALTY. FEAT. RIHANNA.	Kendrick Lamar	3651785	38	8	4	3
36	3Ytr1SUCUi6J3L9dRFx5iH	Know No Better (feat. Travis Scott, Camila Cabello & Quavo)	Major Lazer	3643023	nan	1	36	new
37	6kex4EBAj0WHXDKZMEJaaF	Swalla (feat. Nicki Minaj & Ty Dolla $ign)	Jason Derulo	3617640	42	14	35	5
38	6RUKPb4LETWmmr3iAEQktW	Something Just Like This	The Chainsmokers	3616509	40	16	2	2
39	6CUBgX8bXC5YQCkdgRHqyg	do re mi	blackbear	3611943	46	2	39	7
40	167NczpNbRF7oWakJaY3Hh	Slow Hands	Niall Horan	3556664	44	5	39	4
41	5Ohxk2dO5COHF1krpoPigN	Sign of the Times	Harry Styles	3540850	37	9	16	-4
42	0SGkqnVQo9KPytSri1H6cF	Bounce Back	Big Sean	3529750	43	23	3	1
43	4aWmUDTfIPGksMNLV2rQP2	Despacito (Featuring Daddy Yankee)	Luis Fonsi	3477050	32	20	32	-11
44	3FDrI0FLKzrYQiWxPhqV2W	Rollin (feat. Future & Khalid)	Calvin Harris	3438314	41	2	41	-3
45	3eR23VReFzcdmS7TYCrhCe	It Ain't Me (with Selena Gomez)	Kygo	3435636	28	16	3	-17
46	6UjfByV1lDLW0SOVQA4NAi	Gyalchester	Drake	3432728	45	12	6	-1
47	4ARPvK8DHLwt4oX65ZAFMw	Look At Me!	XXXTENTACION	3371651	47	15	26	0
48	6DB2KOEwHnjkgEnBt5SdeJ	Mask Off - Remix	Future	3306816	33	2	33	-15
49	7KOlJ92bu51cltsD9KU5I7	T-Shirt	Migos	3283056	48	21	6	-1
50	7LEydI5NfjY6mZfKwYIptZ	Down	Fifth Harmony	3097958	nan	1	50	new
51	4Km5HrUvYTaSUfiSGPJeQR	Bad and Boujee (feat. Lil Uzi Vert)	Migos	3070585	49	23	1	-2
52	6VRghJeP6I0w1KxkdWFfIh	Believer	Imagine Dragons	2983950	56	2	52	4
53	1yxgsra98r3qAtxqiGZPiX	BUTTERFLY EFFECT	Travis Scott	2979783	53	3	53	0
54	1EaKU4dMbesXXd3BrLCtYG	ELEMENT.	Kendrick Lamar	2881702	50	8	3	-4
55	4r4PJQBHAE0bIKCjunhTgd	4 AM	2 Chainz	2866748	nan	1	55	new
56	6mapJIPnQ23RTAevUoE0DL	Swang	Rae Sremmurd	2783260	52	23	23	-4
57	1SJtlNRJDeYHioymcvsqev	Crying in the Club	Camila Cabello	2736367	58	3	55	1
58	1louJpMmzEicAn7lzDalPW	No Promises (feat. Demi Lovato)	Cheat Codes	2711513	59	10	52	1
59	59J5nzL1KniFHnU120dQzt	wokeuplikethis*	Playboi Carti	2675545	60	8	55	1
60	343YBumqHu19cGoGARUTsd	Fake Love	Drake	2665268	51	23	2	-9
61	5uCax9HTNlzGybIStD3vDh	Say You Won't Let Go	James Arthur	2620629	62	23	15	1
62	51PIvodunv6NmX5250zxAh	The Cure	Lady Gaga	2615538	55	8	44	-7
63	2Gl0FzuLxflY6nPifJp5Dr	First Time	Kygo	2559081	57	6	40	-6
64	3pC1ILr9KzmQLMe8Kn5QBG	To the Max	DJ Khaled	2484009	nan	1	64	new
65	2mfUa8bLs2s5N4VaqJZ4lZ	Most Girls	Hailee Steinfeld	2470932	63	6	60	-2
66	7BKLCZ1jbUBVqRi2FVlTVw	Closer	The Chainsmokers	2400823	67	23	4	1
67	11EDhDAVDtGPoSar6ootYA	Strangers	Halsey	2398941	nan	1	67	new
68	0pSBuHjILhNEo55xK1zrRt	Rolex	Ayo & Teo	2366880	66	18	37	-2
69	1x5sYLZiu9r5E43kMlt9f8	Symphony (feat. Zara Larsson)	Clean Bandit	2294134	69	12	48	0
70	2Ce5IyMlVRVvN997ZJjJJA	Selfish (feat. Rihanna)	Future	2264720	61	15	24	-9
71	7yyRTcZmCiyzzJlNzGC9Ol	Broccoli (feat. Lil Yachty)	DRAM	2263127	71	23	11	0
72	7y9iMe8SOB6z3NoHE2OfXl	Bad At Love	Halsey	2200828	nan	1	72	new
73	5aAx2yezTd8zXrkmtKl66Z	Starboy	The Weeknd	2199501	74	23	3	1
74	2XaInsPPUkZRkY4uFJ3AHK	Met Gala (feat. Offset)	Gucci Mane	2196862	54	2	54	-20
75	1NDxZ7cFAo481dtYWdrUnR	Pretty Girl - Cheat Codes X CADE Remix	Maggie Lindemann	2112853	77	10	67	2
76	6mORGLOz79w6VsCRLWYYuK	The Night We Met	Lord Huron	2090981	64	9	48	-12
77	5qbcsZMwL0x46sX7VO37Ye	Up	NAV	2077961	86	8	74	9
78	72jbDTw1piOOj770jWNeaG	Paris	The Chainsmokers	2070508	75	21	4	-3
79	4Q5yMlwAfAoitqg4r9oZHN	Quit (feat. Ariana Grande)	Cashmere Cat	2050543	73	6	57	-6
80	4xlrALxuaCf9yZBHJeTSG6	Mama	Jonas Blue	2019353	93	3	80	13
81	76Y0gxtTxN0FyDCYh5qYQj	Get Right Witcha	Migos	2006395	78	19	33	-3
82	0v9Wz8o0BT8DU38R4ddjeH	No Problem (feat. Lil Wayne & 2 Chainz)	Chance the Rapper	1989388	84	23	24	2
83	3VRk65lHSwqd90TAkQqhvB	Swish Swish	Katy Perry	1984253	72	2	72	-11
84	3NdDpSvN911VPGivFlV5d0	"I Don’t Wanna Live Forever (Fifty Shades Darker) - From ""Fifty Shades Darker (Original Motion Picture Soundtrack)"""	ZAYN	1983473	80	23	3	-4
85	1Eck97uRMlprKOOJN9oO1E	Good Life (with G-Eazy & Kehlani)	G-Eazy	1969003	79	10	53	-6
86	6eT7xZZlB2mwyzJ2sUKG6w	White Iverson	Post Malone	1962951	88	23	77	2
87	6xHI9KjUjYT0FPtGO8Mxa1	Hurricane	Luke Combs	1945632	nan	12	87	re-enter
88	1xznGGDReH1oQq0xzbwXa3	One Dance	Drake	1928409	89	23	13	1
89	5GXAXm5YOmYT0kL5jHvYBt	I Feel It Coming	The Weeknd	1910544	81	23	10	-8
90	4cxMGhkinTocPSVVKWIw0d	Losin Control	Russ	1903422	91	21	75	1
91	5GFDrUTLGJix84sNhjCG0g	Caroline	Aminé	1868010	95	23	6	4
92	4c2W3VKsOFoIg2SFaO6DY5	Your Song	Rita Ora	1866907	nan	1	92	new
93	3muBQDekYAg7jm6hDu6R0Z	First Day Out	Tee Grizzley	1860999	99	17	83	6
94	0B8QzDH7YWih85V5SEMnyJ	Money Longer	Lil Uzi Vert	1859584	83	23	73	-11
95	4izg6Hydc6XGErWW6nbdsV	Whatever It Takes	Imagine Dragons	1857637	92	2	92	-3
96	5GG3knKdxKWrNboRijxeKF	Run Me Dry	Bryson Tiller	1849600	65	2	65	-31
97	2ANLarE8yHVsLWW21nj79M	You Was Right	Lil Uzi Vert	1842465	87	23	28	-10
98	20dP2DaMHIAmwWAbp7peSr	pick up the phone	Young Thug	1840473	102	23	44	4
99	05nbZ1xxVNwUTcGwLbp7CN	Myself	NAV	1827917	107	6	99	8
100	7cGFbx7MP0H23iHZTZpqMM	Everybody	Logic	1826917	76	10	26	-24
101	6XOYVSmNDjKUNMXooU4s4z	No Vacancy	OneRepublic	1817133	85	4	75	-16
102	4iYRa2btalAzPZoSYfROqF	XXX. FEAT. U2.	Kendrick Lamar	1792878	90	8	8	-12
103	2NyrXRn4tancYPW6JwtTl2	From The D To The A (feat. Lil Yachty)	Tee Grizzley	1789188	105	12	100	2
104	5q5gzmbBS5yQzos2BvVr1t	Nights With You	MØ	1780410	101	4	101	-3
105	3GgT5Au03iV45iGfTpzdhu	Whatever You Need (feat. Chris Brown & Ty Dolla $ign)	Meek Mill	1761199	nan	1	105	new
106	5yuShbu70mtHXY0yLzCQLQ	Go Flex	Post Malone	1754039	111	23	106	5
107	6fwdbPMwP1zVStm8FybmkO	X (feat. Future)	21 Savage	1742675	104	23	17	-3
108	6b8Be6ljOzmkOmFslEb23P	24K Magic	Bruno Mars	1722216	100	23	14	-8
109	2wf9bp4MkChojtljddWpbO	PRBLMS	6LACK	1722074	112	18	107	3
110	0utlOiJy2weVl9WTkcEWHy	Neighbors	J. Cole	1705071	113	21	37	3
111	5Z3GHaZ6ec9bsiI5BenrbY	Young Dumb & Broke	Khalid	1680623	118	9	108	7
112	0ESJlaM8CE1jRWaNtwSNj8	beibs in the trap	Travis Scott	1664362	121	22	112	9
113	0Fv5N0cHBsl4bzCbollCAS	Moves	Big Sean	1661437	110	23	10	-3
114	4q8PHoRsPUB52LFylX8Ulz	More Than You Know	Axwell /\ Ingrosso	1656186	nan	1	114	new
115	0ZExP2I5Ej92PsnG4G1jVG	Uh Huh	Julia Michaels	1639244	nan	1	115	new
116	0qYTZCo5Bwh1nsUFGZP3zn	Felices los 4	Maluma	1627701	129	5	116	13
117	3QWjljChcOMkRDYSzF33Qr	Whippin (feat. Felix Snow)	Kiiara	1620579	103	6	83	-14
118	6fujklziTHa8uoM5OQSfIo	Black Beatles	Rae Sremmurd	1619647	116	23	5	-2
119	508hbpTQ7wclT2JDpKBUSV	Perfect Places	Lorde	1615985	nan	1	119	new
120	1jQsKN68yE94tMYml0wHMd	Jump Out The Window	Big Sean	1607296	115	8	28	-5
121	3A2OHirUAlQp2x73BJlEDA	Perfect Pint (feat. Kendrick Lamar, Gucci Mane & Rae Sremmurd)	Mike WiLL Made-It	1604423	nan	7	121	re-enter
122	7EiZI6JVHllARrX9PUvAdX	Low Life (feat. The Weeknd)	Future	1600995	120	23	59	-2
123	62vpWI1CHwFy7tMIcSStl8	No Role Modelz	J. Cole	1600858	126	23	71	3
124	10M2Ex445zw585Ducldzkw	In Case You Didn't Know	Brett Young	1600178	124	11	124	0
125	2WQn7Yvs728KZmmY6tgWqH	Eyes Closed	Halsey	1567389	nan	2	125	re-enter
126	1qOLh0tI7trd1zdDKxYZTe	Starving	Hailee Steinfeld	1551219	122	23	18	-4
127	5hx4FpDZOnDVYlyoG3rMks	Peek A Boo	Lil Yachty	1544159	94	8	73	-33
128	5knuzwU65gJK7IF5yJsuaW	Rockabye (feat. Sean Paul & Anne-Marie)	Clean Bandit	1524446	125	23	32	-3
129	3pndPhlQWjuSoXhcIIdBjv	What They Want	Russ	1518243	132	23	117	3
130	4PzovBqgnSHKd8opsP7IVM	Everyday We Lit (feat. PnB Rock)	YFN Lucci	1514236	nan	9	128	re-enter
131	4BHSjbYylfOH5WAGusDyni	YAH.	Kendrick Lamar	1511964	117	8	7	-14
132	6PCUP3dWmTjcTtXY02oFdT	Castle on the Hill	Ed Sheeran	1509204	139	22	4	7
133	3VCYe6mCXebBgcfzaxCVNI	Both (feat. Drake & Lil Wayne) - Remix	Gucci Mane	1504194	128	6	121	-5
134	7DQXiMeLqiQsy1uqHSk0xc	Reminding Me	Shawn Hook	1497423	148	2	134	14
135	3pXF1nA74528Edde4of9CC	Don't	Bryson Tiller	1495265	119	23	82	-16
136	0afhq8XCExXpqazXczTSve	Galway Girl	Ed Sheeran	1484413	137	14	7	1
137	3ebXMykcMXOcLeJ9xZ17XH	Scared to Be Lonely	Martin Garrix	1472205	127	19	20	-10
138	6n3HGiq4v35D6eFOSwqYuo	Teenage Fever	Drake	1465973	134	12	14	-4
139	5de7ci7TFqbQ1PFgKAD7MR	Horses (with PnB Rock, Kodak Black & A Boogie Wit da Hoodie)	PnB Rock	1459081	155	7	139	16
140	1p5B1jJk75RAblZCTnzUTU	It's A Vibe	2 Chainz	1455987	165	2	140	25
141	5tFep7dXGd7vEJ668wTPux	Both (feat. Drake)	Gucci Mane	1449487	131	23	38	-10
142	43PuMrRfbyyuz4QpZ3oAwN	Exchange	Bryson Tiller	1447756	123	23	84	-19
143	0QsvXIfqM0zZoerQfsI9lm	Don't Let Me Down	The Chainsmokers	1442696	141	23	43	-2
144	07pJdL0L9XDGW0HBj0rIS2	Skateboard P (feat. Big Sean)	MadeinTYO	1430419	164	10	144	20
145	2KvHC9z14GSl4YpkNMX384	Do Not Disturb	Drake	1423435	142	12	30	-3
146	0bXFIF7iL17TYLyx8JHziM	Patty Cake	Kodak Black	1422572	153	10	139	7
147	2aksifNn5ph8igDOkPBA02	Love On The Brain	Rihanna	1412980	140	23	39	-7
148	5uDASfU19gDxSjW8cnCaBp	Chill Bill (feat. J. Davi$ & Spooks)	Rob $tone	1411576	150	23	19	2
149	6Pw3Gvw4wNMZfTYZa6IQal	The Way I Are (Dance with Somebody) (feat. Lil Wayne) - Spotify Version	Bebe Rexha	1401022	nan	1	149	new
150	06FCvd7rrRcF3DdvWH5Isp	LUST.	Kendrick Lamar	1387359	133	8	12	-17
151	5hfpu8saHLGedbHRtNCYjm	Trap Paris (feat. Quavo & Ty Dolla $ign)	Machine Gun Kelly	1367434	152	3	112	1
152	4gmmRb6bZJffOOiww1JGTO	No Heart	21 Savage	1363960	149	23	20	-3
153	6IZvVAP7VPPnsGX6bvgkqg	PRIDE.	Kendrick Lamar	1361334	136	8	10	-17
154	0wfbD5rAksdXUzRvMfM3x5	The One	The Chainsmokers	1347743	108	11	18	-46
155	1wjzFQodRWrPcQ0AnYnvQ9	I Like Me Better	Lauv	1345252	nan	1	155	new
156	6OuV4vfyb8v3vGGGksqyKf	Weak	AJR	1340194	147	2	147	-9
157	2xbI8Vmyv3TkpTdywpPyNw	Selfish	PnB Rock	1340085	159	23	47	2
158	05KOgYg8PGeJyyWBPi5ja8	Free Smoke	Drake	1338615	145	12	4	-13
159	4XF1D03U8LuaLzlCMugIE5	Flex Like Ouu	Lil Pump	1322060	177	2	159	18
160	248OFOZef6ShXv6DGgbnxU	Saved	Khalid	1320185	161	14	137	1
161	4VFE6ZNqa8jHAmbYICoAFg	God, Your Mama, And Me	Florida Georgia Line	1314143	182	3	161	21
162	4lozYCMRLtEc46exlhoK2Q	I'm so Groovy	Future	1310007	174	7	59	12
163	2LTlO3NuNVN70lp2ZbVswF	FEEL.	Kendrick Lamar	1306882	146	8	9	-17
164	2Te14aSrBgFj1CE2sBBVMX	Alone	Halsey	1303898	nan	1	164	new
165	4wdZdkEugVVorAfzqRqC6N	Candy Paint	Post Malone	1301970	189	2	165	24
166	3mRcWCyteY2133a7xVMrYw	Comin Out Strong (feat. The Weeknd)	Future	1297863	167	15	22	1
167	1PSBzsahR2AKwLJgx8ehBj	Bad Things (with Camila Cabello)	Machine Gun Kelly	1291859	158	23	9	-9
168	4pLwZjInHj3SimIyN9SnOz	Side To Side	Ariana Grande	1288858	171	23	24	3
169	6zLdXcmvIxnAXpz9sXFnIE	Craving You	Thomas Rhett	1281053	nan	2	138	re-enter
170	4F7A0DXBrmUAkp32uenhZt	Party Monster	The Weeknd	1278274	179	23	22	9
171	5p3NP9mQblDsVJLdfNZJ3I	GOD.	Kendrick Lamar	1277797	151	8	19	-20
172	1wHZx0LgzFHyeIZkUydNXq	Antidote	Travis Scott	1277590	nan	8	172	re-enter
173	7zxRMhXxJMQCeDDg0rKAVo	Some Way	NAV	1274380	178	12	87	5
174	7zVCrzzEJU7u24sbJPXA5W	What Ifs (feat. Lauren Alaina)	Kane Brown	1271757	nan	1	174	new
175	78rIJddV4X0HkNAInEcYde	Call On Me - Ryan Riback Extended Remix	Starley	1266419	163	23	24	-12
176	37F0uwRSrdzkBiuj0D5UHI	Reminder	The Weeknd	1263724	194	18	69	18
177	4uhvMW7ly7tJil31YYscAN	Erase Your Social	Lil Uzi Vert	1257428	175	22	76	-2
178	6i0V12jOa3mr6uu4WYhUBr	Heathens	Twenty One Pilots	1256137	169	23	26	-9
179	5NNlUMcOEOdoOIwwaWXv0k	Cold	Maroon 5	1252387	162	16	25	-17
180	1wZqJM5FGDEl3FjHDxDyQd	Come and See Me (feat. Drake)	PARTYNEXTDOOR	1250880	181	23	81	1
181	4IWGnyOHDrVZEtPWfs4s7q	Do What I Want	Lil Uzi Vert	1247757	183	10	166	2
182	1E2ePlJmijVSX0o1G9TFgR	Love Galore	SZA	1237503	186	2	182	4
183	2rUwQj4SWaP2anuGDtNpYR	Self-Made	Bryson Tiller	1236831	68	2	68	-115
184	5OOkp4U9P9oL23maHFHL1h	Panda	Desiigner	1232740	191	23	54	7
185	4f1QbCjIAgQwnf7ms9NXWx	Me You	Russ	1230101	170	5	138	-15
186	5hYTyyh2odQKphUbMqc5gN	"How Far I'll Go - From ""Moana"""	Alessia Cara	1228140	172	23	20	-14
187	0BU7nIcCZxYSE0hYcc5oZz	Too Many Years	Kodak Black	1215878	184	23	64	-3
188	1Tt4sE4pXi57mTD1GCzsqm	Needed Me	Rihanna	1210885	188	23	45	0
189	0BCy325UZyR9z0t0uxwn2N	H.O.L.Y.	Florida Georgia Line	1207722	197	3	189	8
190	4ntsD33Pgsgk8rUyZLLiUV	DEVASTATED	Joey Bada$$	1207143	190	12	79	0
191	6F609ICg9Spjrw1epsAnpa	Controlla	Drake	1206290	168	23	41	-23
192	55OdqrG8WLmsYyY1jijD9b	Wyclef Jean	Young Thug	1187849	200	15	98	8
193	045SnNDjOfOLKM5OxARH4g	Small Town Boy	Dustin Lynch	1181624	nan	1	193	new
194	2XlHu0HcujBCkWMdIAvrqt	Blem	Drake	1179559	180	12	8	-14
195	5kRPPEWFJIMox5qIkQkiz5	Sweet Creature	Harry Styles	1177163	135	5	54	-60
196	60xaS8mYBKUW4VQQ666N0T	All Night (feat. Knox Fortune)	Chance the Rapper	1175292	nan	16	47	re-enter
197	04DwTuZ2VBdJCCC5TROn7L	In the Name of Love	Martin Garrix	1173172	nan	22	20	re-enter
198	44n97yHySt0Z9rqPaXgjCK	Sorry	Halsey	1171254	nan	1	198	new
199	6JjEVlMkfHWMeYavkEYzNO	Gassed Up	Nebu Kiniza	1170684	nan	18	77	re-enter
200	4dASQiO1Eoo3RJvt74FtXB	Sucker For Pain (with Wiz Khalifa, Imagine Dragons, Logic & Ty Dolla $ign feat. X Ambassadors)	Lil Wayne	1169654	nan	22	61	re-enter
