position	song_id	song_name	artist	streams	last_week_position	weeks_on_chart	peak_position	position_status
1	5eqK0tbzUPo2SoeZsov04s	Bank Account	21 Savage	8198664	5	5	1	4
2	2eMwDehkIC1j68U6FA3Eiq	XO TOUR Llif3	Lil Uzi Vert	8038105	2	20	2	0
3	3B54sVLJ402zGa6Xm4YGNe	Unforgettable	French Montana	8003557	1	5	1	-2
4	1OAh8uOEOvTDqkKFsKksCi	Wild Thoughts (feat. Rihanna & Bryson Tiller)	DJ Khaled	7581620	4	8	2	0
5	5CtI0qwDJkDQGwXD1H1cLb	Despacito - Remix	Luis Fonsi	7268760	3	17	1	-2
6	7KXjTSCq5nL1LoYtL7XAwS	HUMBLE.	Kendrick Lamar	6419961	6	19	1	0
7	3DXncPQOG4VBw3QHh3S817	I'm the One (feat. Justin Bieber, Quavo, Chance the Rapper & Lil Wayne)	DJ Khaled	6161943	7	11	2	0
8	2rb5MvYT7ZIxbKW5hfcHx8	Mi Gente	J Balvin	5804966	9	6	8	1
9	1yxgsra98r3qAtxqiGZPiX	BUTTERFLY EFFECT	Travis Scott	5447263	10	12	9	1
10	3a1lNhkSLSkpJE4MSHpDu9	Congratulations	Post Malone	5433794	8	32	5	-2
11	25C5CowdsfXld2jJanbiex	Sorry Not Sorry	Demi Lovato	5272179	11	5	9	0
12	5bcTCxgc7xVfSaMV3RuVke	Feels (feat. Pharrell Williams, Katy Perry & Big Sean)	Calvin Harris	5176805	12	7	9	0
13	6EpRaXYhGOB3fj4V2uDkMJ	Strip That Down	Liam Payne	5107606	15	12	13	2
14	152lZdxL1OR0ZMW6KquMif	Location	Khalid	4963483	13	32	9	-1
15	3kxfsdsCpFgN412fpnW85Y	Redbone	Childish Gambino	4845568	14	32	9	-1
16	4iLqG9SeJSnt0cSPICSjxv	Attention	Charlie Puth	4618464	18	16	16	2
17	5Z3GHaZ6ec9bsiI5BenrbY	Young Dumb & Broke	Khalid	4560608	25	18	17	8
18	0CcQNd8CINkwQfe1RDtGV6	Believer	Imagine Dragons	4481414	16	24	11	-2
19	7mldq42yDuxiUNn08nvzHO	Body Like A Back Road	Sam Hunt	4393673	17	27	15	-2
20	5tz69p7tJuGPeMGwNTxYuV	1-800-273-8255	Logic	4143981	20	15	7	0
21	2771LMNxwf62FTAdpJMQfM	Bodak Yellow	Cardi B	4111866	50	3	21	29
22	6HZILIRieu8S0iqY8kIKhj	DNA.	Kendrick Lamar	4104185	21	17	2	-1
23	6p8NuHm8uCGnn2Dtbtf7zE	Slippery (feat. Gucci Mane)	Migos	4071640	23	28	21	0
24	6gBFPUFcJLzWGx4lenP6h2	goosebumps	Travis Scott	4032396	24	32	16	0
25	3A7qX2QjDlPnazUsRk5y0M	2U (feat. Justin Bieber)	David Guetta	3999315	22	8	8	-3
26	1e1JKLEDKP7hEQzJfNAgPl	Magnolia	Playboi Carti	3989060	26	16	12	0
27	0q75NwOoFiARAVp4EXU4Bs	Love Galore (feat. Travis Scott)	SZA	3952890	31	13	27	4
28	0XLOf9LhyazPX9Ld8jPiUq	Fetish (feat. Gucci Mane)	Selena Gomez	3951148	19	3	15	-9
29	6QgjcU0zLnzq5OrUoSZ3OK	Feel It Still	Portugal. The Man	3817051	35	8	29	6
30	3HVr6jTVwBHBa2flM0eURR	Glorious (feat. Skylar Grey)	Macklemore	3782401	48	3	30	18
31	167NczpNbRF7oWakJaY3Hh	Slow Hands	Niall Horan	3780314	28	14	28	-3
32	7F9vK8hNFMml4GtHsaXui6	Back to You (feat. Bebe Rexha & Digital Farm Animals)	Louis Tomlinson	3775237	33	3	32	1
33	0tKcYR2II1VCQWT79i5NrW	Thunder	Imagine Dragons	3752404	32	12	21	-1
34	79NlESqzFSW0hdBWgls4FX	Praying	Kesha	3655176	36	5	26	2
35	3rOSwuTsUlJp0Pu0MkN8r8	Mask Off	Future	3654906	30	25	2	-5
36	7tr2za8SQg2CI8EDgrdtNl	Slide (feat. Frank Ocean & Migos)	Calvin Harris	3630803	29	20	8	-7
37	2nYwV62UABTH0NanrwVIdQ	Perplexing Pegasus	Rae Sremmurd	3539650	nan	1	37	new
38	2ekn2ttSfGqwhhate0LSR0	New Rules	Dua Lipa	3510637	46	4	38	8
39	0KKkJNfGyhkQ5aFogxQAPU	That's What I Like	Bruno Mars	3452805	34	32	3	-5
40	79cuOz3SPQTuFrp8WgftAu	There's Nothing Holdin' Me Back	Shawn Mendes	3411682	37	16	29	-3
41	1wjzFQodRWrPcQ0AnYnvQ9	I Like Me Better	Lauv	3391274	38	10	30	-3
42	5EnYT6F7wEcdege6mDHEfO	Signs	Drake	3292122	27	5	14	-15
43	6PGoSes0D9eUDeeAafB2As	LOVE. FEAT. ZACARI.	Kendrick Lamar	3287123	39	17	5	-4
44	6SwRhMLwNqEi6alNPVG00n	LOYALTY. FEAT. RIHANNA.	Kendrick Lamar	3285180	47	17	4	3
45	6H0AwSQ20mo62jGlPGB8S6	It's A Vibe	2 Chainz	3259486	41	15	41	-4
46	7qiZfU4dY1lWllzX7mPBI3	Shape of You	Ed Sheeran	3249491	40	31	1	-6
47	6Q2FftbUG530lCtBI74bMH	Drowning (feat. Kodak Black)	A Boogie Wit da Hoodie	3212702	42	18	28	-5
48	7i2DJ88J7jQ8K7zqFX2fW8	Now Or Never	Halsey	3099838	44	7	12	-4
49	0lMbuWUpfTWhEmOKxppEau	Rollin (feat. Future & Khalid)	Calvin Harris	3004827	45	9	16	-4
50	1sCxVKWImDZSZKvG0U9B23	Bad Liar	Selena Gomez	2999782	43	12	8	-7
51	6c7D34787LOtPm8tzhsLgH	Rake It Up	Yo Gotti	2792990	54	5	51	3
52	0dA2Mk56wEzDgegdC6R17g	Stay (with Alessia Cara)	Zedd	2760489	49	24	12	-3
53	1nX9KhK3Fff27SnrIor2Yb	4 AM	2 Chainz	2727864	52	8	22	-1
54	7hDc8b7IXETo14hHIHdnhd	Passionfruit	Drake	2608021	51	21	1	-3
55	2EEeOnHehOozLq4aS0n6SL	iSpy (feat. Lil Yachty)	KYLE	2553373	53	32	2	-2
56	6kig1UFggPUyZBCvXD3Wod	No Complaints	Metro Boomin	2451854	55	7	39	-1
57	2mfUa8bLs2s5N4VaqJZ4lZ	Most Girls	Hailee Steinfeld	2293636	56	15	56	-1
58	3PEgB3fkiojxms35ntsTgs	More Than You Know	Axwell /\ Ingrosso	2282316	58	2	58	0
59	6RUKPb4LETWmmr3iAEQktW	Something Just Like This	The Chainsmokers	2260470	57	25	2	-2
60	7aF09WaavZAmAWuUeYxlYD	Rich Love (with Seeb)	OneRepublic	2176894	76	4	60	16
61	3Ytr1SUCUi6J3L9dRFx5iH	Know No Better (feat. Travis Scott, Camila Cabello & Quavo)	Major Lazer	2160471	60	10	36	-1
62	0SGkqnVQo9KPytSri1H6cF	Bounce Back	Big Sean	2155361	64	32	3	2
63	6jA8HL9i4QGzsj6fjoxp8Y	There for You	Martin Garrix	2109460	61	11	32	-2
64	2RwmsAOxtiRezQPmvyejb8	Ex Calling	6LACK	2099852	152	9	64	88
65	4Km5HrUvYTaSUfiSGPJeQR	Bad and Boujee (feat. Lil Uzi Vert)	Migos	2098522	67	32	1	2
66	5uCax9HTNlzGybIStD3vDh	Say You Won't Let Go	James Arthur	2087974	68	32	15	2
67	4aWmUDTfIPGksMNLV2rQP2	Despacito (Featuring Daddy Yankee)	Luis Fonsi	2068094	63	29	32	-4
68	7BKLCZ1jbUBVqRi2FVlTVw	Closer	The Chainsmokers	2058354	70	32	4	2
69	1SJtlNRJDeYHioymcvsqev	Crying in the Club	Camila Cabello	2054649	59	12	48	-10
70	4Q3N4Ct4zCuIHuZ65E3BD4	Tunnel Vision	Kodak Black	2030916	71	25	5	1
71	3Q3myFA7q4Op95DOpHplaY	do re mi	blackbear	2030677	65	15	30	-6
72	57p8CBvPOxrvyCbn6ttl5r	Would You Ever	Skrillex	2010971	98	2	72	26
73	0xG0SHshCStMEyNbNC5d4k	Issues	Julia Michaels	1990716	nan	1	73	new
74	0NiXXAI876aGImAd6rTj8w	Mama	Jonas Blue	1961793	66	5	66	-8
75	7F1LWA9sIlTorHUo4amGqk	Reminder - Remix	The Weeknd	1949543	nan	1	75	new
76	2bjwRfXMk4uRgOD9IBYl9h	Portland	Drake	1947033	73	21	2	-3
77	6mapJIPnQ23RTAevUoE0DL	Swang	Rae Sremmurd	1942362	77	32	23	0
78	7LEydI5NfjY6mZfKwYIptZ	Down	Fifth Harmony	1919373	74	10	50	-4
79	59J5nzL1KniFHnU120dQzt	wokeuplikethis*	Playboi Carti	1886251	89	17	54	10
80	0G149jkGWKwrPXUGkEDgWM	Numb	21 Savage	1886195	75	5	42	-5
81	7KOlJ92bu51cltsD9KU5I7	T-Shirt	Migos	1881115	79	30	6	-2
82	2XaInsPPUkZRkY4uFJ3AHK	Met Gala (feat. Offset)	Gucci Mane	1875744	109	11	54	27
83	3eR23VReFzcdmS7TYCrhCe	It Ain't Me (with Selena Gomez)	Kygo	1867208	78	24	3	-5
84	5hTpBe8h35rJ67eAWHQsJx	Caroline	Aminé	1845306	82	2	82	-2
85	1louJpMmzEicAn7lzDalPW	No Promises (feat. Demi Lovato)	Cheat Codes	1831363	88	19	52	3
86	7yyRTcZmCiyzzJlNzGC9Ol	Broccoli (feat. Lil Yachty)	DRAM	1821104	95	32	11	9
87	6kex4EBAj0WHXDKZMEJaaF	Swalla (feat. Nicki Minaj & Ty Dolla $ign)	Jason Derulo	1814749	83	23	35	-4
88	1EaKU4dMbesXXd3BrLCtYG	ELEMENT.	Kendrick Lamar	1795083	84	17	3	-4
89	4c2W3VKsOFoIg2SFaO6DY5	Your Song	Rita Ora	1778155	85	10	80	-4
90	7zVCrzzEJU7u24sbJPXA5W	What Ifs (feat. Lauren Alaina)	Kane Brown	1776198	94	10	90	4
91	343YBumqHu19cGoGARUTsd	Fake Love	Drake	1769924	90	32	2	-1
92	4xBjsLUSjcx2h7PcRikpQp	OMG	Camila Cabello	1756824	nan	1	92	new
93	4ARPvK8DHLwt4oX65ZAFMw	Look At Me!	XXXTENTACION	1754758	86	24	26	-7
94	53mrVsi49rLHIaKBiSvElG	do re mi (feat. Gucci Mane)	blackbear	1750350	185	2	94	91
95	3muBQDekYAg7jm6hDu6R0Z	First Day Out	Tee Grizzley	1738240	87	26	79	-8
96	5aAx2yezTd8zXrkmtKl66Z	Starboy	The Weeknd	1736849	93	32	3	-3
97	0qYTZCo5Bwh1nsUFGZP3zn	Felices los 4	Maluma	1723308	92	14	84	-5
98	1NDxZ7cFAo481dtYWdrUnR	Pretty Girl - Cheat Codes X CADE Remix	Maggie Lindemann	1710148	80	19	67	-18
99	20dP2DaMHIAmwWAbp7peSr	pick up the phone	Young Thug	1699566	110	32	44	11
100	6eT7xZZlB2mwyzJ2sUKG6w	White Iverson	Post Malone	1654576	99	32	77	-1
101	5yuShbu70mtHXY0yLzCQLQ	Go Flex	Post Malone	1653602	100	32	97	-1
102	25oOaleife6E2MIKmFkPvg	Relationship (feat. Future)	Young Thug	1648658	108	8	80	6
103	045SnNDjOfOLKM5OxARH4g	Small Town Boy	Dustin Lynch	1635225	103	10	103	0
104	0v9Wz8o0BT8DU38R4ddjeH	No Problem (feat. Lil Wayne & 2 Chainz)	Chance the Rapper	1622074	102	32	24	-2
105	4cxMGhkinTocPSVVKWIw0d	Losin Control	Russ	1615055	105	30	75	0
106	6zLdXcmvIxnAXpz9sXFnIE	Craving You	Thomas Rhett	1612798	69	11	66	-37
107	2habSXqcJGExM6JJyskY7O	Malibu	Miley Cyrus	1608806	97	13	7	-10
108	21yRtB6B8EMounImAfHRCP	Who Dat Boy (feat. A$AP Rocky)	Tyler, The Creator	1607834	81	3	47	-27
109	0ESJlaM8CE1jRWaNtwSNj8	beibs in the trap	Travis Scott	1603876	106	31	97	-3
110	6xHI9KjUjYT0FPtGO8Mxa1	Hurricane	Luke Combs	1589260	112	21	85	2
111	0pSBuHjILhNEo55xK1zrRt	Rolex	Ayo & Teo	1585699	101	27	37	-10
112	4PzovBqgnSHKd8opsP7IVM	Everyday We Lit (feat. PnB Rock)	YFN Lucci	1584311	114	18	106	2
113	1839RWzPRZCVgvamu4sHSN	All My Love (feat. Conor Maynard)	Cash Cash	1573710	120	3	113	7
114	6gU9OKjOE7ghfEd55oRO57	The Weekend	SZA	1567347	142	4	114	28
115	0B8QzDH7YWih85V5SEMnyJ	Money Longer	Lil Uzi Vert	1565372	118	32	73	3
116	0ZiRSqlSsDlY0UyDYU9CTE	Unforgettable	Thomas Rhett	1561984	72	2	72	-44
117	2wf9bp4MkChojtljddWpbO	PRBLMS	6LACK	1531999	121	27	100	4
118	1xznGGDReH1oQq0xzbwXa3	One Dance	Drake	1518761	111	32	13	-7
119	6fwdbPMwP1zVStm8FybmkO	X (feat. Future)	21 Savage	1517462	119	32	17	0
120	3NdDpSvN911VPGivFlV5d0	"I Don’t Wanna Live Forever (Fifty Shades Darker) - From ""Fifty Shades Darker (Original Motion Picture Soundtrack)"""	ZAYN	1495778	115	32	3	-5
121	62vpWI1CHwFy7tMIcSStl8	No Role Modelz	J. Cole	1494560	122	32	71	1
122	6UjfByV1lDLW0SOVQA4NAi	Gyalchester	Drake	1481280	116	21	6	-6
123	4wdZdkEugVVorAfzqRqC6N	Candy Paint	Post Malone	1480388	124	11	122	1
124	2cnKEkpVUSV4wnjQiTWfH6	Escápate Conmigo	Wisin	1478140	123	9	115	-1
125	2jYmK1cb3Uya6FFsocdpzO	Why	Sabrina Carpenter	1444373	134	2	125	9
126	0utlOiJy2weVl9WTkcEWHy	Neighbors	J. Cole	1436344	127	30	37	1
127	3pndPhlQWjuSoXhcIIdBjv	What They Want	Russ	1426619	128	32	117	1
128	74ODGXs4byLTRdnKGM4s6E	Super Far	LANY	1419947	117	5	117	-11
129	1CKd1PnqfYx0H12V9MSaIY	Get Low (with Liam Payne)	Zedd	1413790	113	5	51	-16
130	0ofbQMrRDsUaVKq2mGLEAb	Havana	Camila Cabello	1409692	nan	1	130	new
131	6kl1qtQXQsFiIWRBK24Cfp	RAF	A$AP Mob	1395909	143	5	131	12
132	7KA4W4McWYRpgf0fWsJZWB	See You Again (feat. Kali Uchis)	Tyler, The Creator	1388883	104	3	55	-28
133	0w3Q14i073jLoew1hgJkwD	Heartache On The Dance Floor	Jon Pardi	1387122	132	6	132	-1
134	10M2Ex445zw585Ducldzkw	In Case You Didn't Know	Brett Young	1377266	129	20	102	-5
135	56kXYt4KRoUq3rzkPdjquB	Audi.	Smokepurpp	1372639	149	6	132	14
136	05nbZ1xxVNwUTcGwLbp7CN	Myself	NAV	1371052	140	15	99	4
137	2ANLarE8yHVsLWW21nj79M	You Was Right	Lil Uzi Vert	1357943	130	32	28	-7
138	0iTCmKvuU1ReULiQB0rI7n	Tone It Down (feat. Chris Brown)	Gucci Mane	1352117	158	4	108	20
139	248OFOZef6ShXv6DGgbnxU	Saved	Khalid	1349173	144	23	137	5
140	5GXAXm5YOmYT0kL5jHvYBt	I Feel It Coming	The Weeknd	1347704	135	32	10	-5
141	4bEcoz1OcfMgUbp2ft8ieQ	911 / Mr. Lonely (feat. Frank Ocean & Steve Lacy)	Tyler, The Creator	1345554	91	3	61	-50
142	6PCUP3dWmTjcTtXY02oFdT	Castle on the Hill	Ed Sheeran	1316695	137	31	4	-5
143	3sJHkcxojoJD2Ytbo1yLLF	Two High	Moon Taxi	1314286	133	7	122	-10
144	6b8Be6ljOzmkOmFslEb23P	24K Magic	Bruno Mars	1313756	138	32	14	-6
145	37F0uwRSrdzkBiuj0D5UHI	Reminder	The Weeknd	1311828	136	27	69	-9
146	72jbDTw1piOOj770jWNeaG	Paris	The Chainsmokers	1300989	141	30	4	-5
147	1qOLh0tI7trd1zdDKxYZTe	Starving	Hailee Steinfeld	1300377	146	32	18	-1
148	0RYXEibxMami3QuT8kn4Iz	Marmalade (feat. Lil Yachty)	Macklemore	1299995	160	2	148	12
149	6fujklziTHa8uoM5OQSfIo	Black Beatles	Rae Sremmurd	1278804	154	32	5	5
150	7EiZI6JVHllARrX9PUvAdX	Low Life (feat. The Weeknd)	Future	1278617	147	32	59	-3
151	5de7ci7TFqbQ1PFgKAD7MR	Horses (with PnB Rock, Kodak Black & A Boogie Wit da Hoodie)	PnB Rock	1267572	151	16	120	0
152	5bgwqaRSS3M8WHWruHgSL5	8TEEN	Khalid	1266128	157	6	152	5
153	5Ohxk2dO5COHF1krpoPigN	Sign of the Times	Harry Styles	1262290	139	18	16	-14
154	6mORGLOz79w6VsCRLWYYuK	The Night We Met	Lord Huron	1259034	148	18	48	-6
155	0QsvXIfqM0zZoerQfsI9lm	Don't Let Me Down	The Chainsmokers	1242420	150	32	43	-5
156	43PuMrRfbyyuz4QpZ3oAwN	Exchange	Bryson Tiller	1234256	171	32	84	15
157	4EbULzyWMuFx94aoIY1MlJ	A$AP Ferg	NAV	1233231	159	3	150	2
158	2NyrXRn4tancYPW6JwtTl2	From The D To The A (feat. Lil Yachty)	Tee Grizzley	1231589	163	21	100	5
159	3pXF1nA74528Edde4of9CC	Don't	Bryson Tiller	1216021	162	32	82	3
160	15EPc80XuFrb2LmOzGjuRg	Crew (feat. Brent Faiyaz & Shy Glizzy)	GoldLink	1213437	167	3	160	7
161	1x5sYLZiu9r5E43kMlt9f8	Symphony (feat. Zara Larsson)	Clean Bandit	1211328	156	21	48	-5
162	3I7krC8kr0gFR7P6vInR1I	Do I Make You Wanna	Billy Currington	1210560	155	2	155	-7
163	7zxRMhXxJMQCeDDg0rKAVo	Some Way	NAV	1205930	161	21	87	-2
164	4gmmRb6bZJffOOiww1JGTO	No Heart	21 Savage	1196532	166	32	20	2
165	1JupdHkhDzE4XtrFFe9w6o	No Such Thing as a Broken Heart	Old Dominion	1190931	178	3	165	13
166	6yr8GiTHWvFfi4o6Q5ebdT	'Till I Collapse	Eminem	1187714	165	16	155	-1
167	5GG3knKdxKWrNboRijxeKF	Run Me Dry	Bryson Tiller	1182809	164	11	65	-3
168	0wJJhRgdHhT93Z3iWdMB0T	Hymn	Kesha	1155100	nan	1	168	new
169	0Fv5N0cHBsl4bzCbollCAS	Moves	Big Sean	1152746	170	32	10	1
170	104buTcnP2AsxqB7U1FIZ4	Heavy (feat. Kiiara)	Linkin Park	1151854	125	5	51	-45
171	3MMwcrgTCJ7bOAIScTyXFk	Stop Smoking Black & Milds	Ugly God	1142431	nan	1	171	new
172	5qbcsZMwL0x46sX7VO37Ye	Up	NAV	1140423	179	16	74	7
173	34oWbFBfGEElvgO0a5c9V4	No Flockin'	Kodak Black	1138467	nan	26	90	re-enter
174	3E2Zh20GDCR9B1EYjfXWyv	Weak	AJR	1137789	172	30	30	-2
175	5uDASfU19gDxSjW8cnCaBp	Chill Bill (feat. J. Davi$ & Spooks)	Rob $tone	1134368	183	31	19	8
176	6De0lHrwBfPfrhorm9q1Xl	Me Rehúso	Danny Ocean	1130012	187	3	176	11
177	2xbI8Vmyv3TkpTdywpPyNw	Selfish	PnB Rock	1129428	177	32	47	0
178	7cGFbx7MP0H23iHZTZpqMM	Everybody	Logic	1129388	181	19	26	3
179	6DRsEO5yuEGBF87qpyMB4d	Somethin' I'm Good At	Brett Eldredge	1127929	nan	1	179	new
180	4QeBlVCl2KzUEcQZiuskRd	Sway (feat. Quavo & Lil Yachty)	NexXthursday	1126527	175	2	175	-5
181	2aksifNn5ph8igDOkPBA02	Love On The Brain	Rihanna	1125974	173	31	39	-8
182	6JjEVlMkfHWMeYavkEYzNO	Gassed Up	Nebu Kiniza	1114919	199	22	77	17
183	4AFgK4wP1iD5i8BYaLr9Vf	You Da Baddest	Future	1113217	96	2	96	-87
184	5hYTyyh2odQKphUbMqc5gN	"How Far I'll Go - From ""Moana"""	Alessia Cara	1110117	182	31	20	-2
185	0BCy325UZyR9z0t0uxwn2N	H.O.L.Y.	Florida Georgia Line	1109430	184	11	164	-1
186	5C6uh95eAL0RBTSGXKQwvk	Hometown Girl	Josh Turner	1105870	169	6	149	-17
187	6yMxfx9wpiuhhdb8vHDVMu	Whatever You Need (feat. Chris Brown & Ty Dolla $ign)	Meek Mill	1099618	180	3	144	-7
188	1HOUzEsetdIPSpAgRPhZQt	Nobody Else but You	Trey Songz	1099482	189	7	177	1
189	76Y0gxtTxN0FyDCYh5qYQj	Get Right Witcha	Migos	1094908	191	27	33	2
190	5Z01UMMf7V1o0MzF86s6WJ	"Lose Yourself - From ""8 Mile"" Soundtrack"	Eminem	1092524	198	12	162	8
191	6JV2JOEocMgcZxYSZelKcc	"CAN'T STOP THE FEELING! (Original Song from DreamWorks Animation's ""TROLLS"")"	Justin Timberlake	1088885	190	29	56	-1
192	0afhq8XCExXpqazXczTSve	Galway Girl	Ed Sheeran	1088423	188	22	7	-4
193	07pJdL0L9XDGW0HBj0rIS2	Skateboard P (feat. Big Sean)	MadeinTYO	1087206	194	18	136	1
194	7EoSDrwBPUBeBEORrpvgko	Water	Ugly God	1082701	nan	1	194	new
195	0tgVpDi06FyKpA1z0VMD4v	Perfect	Ed Sheeran	1082414	200	15	15	5
196	0WyFpxYlBCgH1gMXd26OOr	Flatliner	Cole Swindell	1080507	195	2	195	-1
197	6i0V12jOa3mr6uu4WYhUBr	Heathens	Twenty One Pilots	1079351	193	31	26	-4
198	60a0Rd6pjrkxjPbaKzXjfq	In the End	Linkin Park	1071931	131	3	46	-67
199	22eADXu8DfOAUEDw4vU8qy	Ahora Dice	Chris Jeday	1068478	196	4	170	-3
200	0bXFIF7iL17TYLyx8JHziM	Patty Cake	Kodak Black	1062207	nan	15	139	re-enter
