position	song_id	song_name	artist	streams	last_week_position	weeks_on_chart	peak_position	position_status
1	7qiZfU4dY1lWllzX7mPBI3	Shape of You	Ed Sheeran	51124648	1	3	1	0
2	72jbDTw1piOOj770jWNeaG	Paris	The Chainsmokers	28197386	3	2	2	1
3	6PCUP3dWmTjcTtXY02oFdT	Castle on the Hill	Ed Sheeran	25030348	2	3	2	-1
4	3NdDpSvN911VPGivFlV5d0	"I Don’t Wanna Live Forever (Fifty Shades Darker) - From ""Fifty Shades Darker (Original Motion Picture Soundtrack)"""	ZAYN	23493247	5	4	4	1
5	5aAx2yezTd8zXrkmtKl66Z	Starboy	The Weeknd	22925769	4	4	1	-1
6	5knuzwU65gJK7IF5yJsuaW	Rockabye (feat. Sean Paul & Anne-Marie)	Clean Bandit	22525750	6	4	3	0
7	7BKLCZ1jbUBVqRi2FVlTVw	Closer	The Chainsmokers	19330447	7	4	2	0
8	5uCax9HTNlzGybIStD3vDh	Say You Won't Let Go	James Arthur	19155590	8	4	7	0
9	5GXAXm5YOmYT0kL5jHvYBt	I Feel It Coming	The Weeknd	18241454	9	4	9	0
10	5MFzQMkrl1FOOng9tq6R9r	Don't Wanna Know	Maroon 5	17666947	10	4	6	0
11	343YBumqHu19cGoGARUTsd	Fake Love	Drake	16995174	11	4	7	0
12	4Km5HrUvYTaSUfiSGPJeQR	Bad and Boujee (feat. Lil Uzi Vert)	Migos	16285363	12	4	12	0
13	78rIJddV4X0HkNAInEcYde	Call On Me - Ryan Riback Extended Remix	Starley	16227511	13	4	13	0
14	4aWmUDTfIPGksMNLV2rQP2	Despacito (Featuring Daddy Yankee)	Luis Fonsi	16208528	50	2	14	36
15	6mICuAdrwEjh6Y6lroV2Kg	Chantaje (feat. Maluma)	Shakira	15385694	15	4	13	0
16	4pdPtRcBmOSQDlJ3Fk945m	Let Me Love You	DJ Snake	15352727	14	4	4	-2
17	3EmmCZoqpWOTY1g2GBwJoR	Just Hold On	Steve Aoki	15092583	17	4	17	0
18	1PSBzsahR2AKwLJgx8ehBj	Bad Things (with Camila Cabello)	Machine Gun Kelly	14742473	18	4	18	0
19	6b8Be6ljOzmkOmFslEb23P	24K Magic	Bruno Mars	14519454	16	4	9	-3
20	5hYTyyh2odQKphUbMqc5gN	"How Far I'll Go - From ""Moana"""	Alessia Cara	12532775	26	4	20	6
21	6fujklziTHa8uoM5OQSfIo	Black Beatles	Rae Sremmurd	12151949	19	4	11	-2
22	1xznGGDReH1oQq0xzbwXa3	One Dance	Drake	12090211	21	4	12	-1
23	4pLwZjInHj3SimIyN9SnOz	Side To Side	Ariana Grande	12037379	20	4	18	-3
24	6DNtNfH8hXkqOX1sjqmI7p	Cold Water (feat. Justin Bieber & MØ)	Major Lazer	11762866	22	4	14	-2
25	1yNyoWWWikbLhwIGWjZuDW	All Night	The Vamps	11700052	27	4	25	2
26	4TZy1wLyHec06pwgFYDh1a	Mercy	Shawn Mendes	11405340	23	4	22	-3
27	04DwTuZ2VBdJCCC5TROn7L	In the Name of Love	Martin Garrix	11366964	24	4	16	-3
28	1a5Yu5L18qNxVhXx38njON	Hear Me Now	Alok	11164986	28	4	28	0
29	43jBqV3j3Xi1g6wO0bhIMd	Now and Later	Sage The Gemini	10673070	29	4	29	0
30	1cG0umU5TKStygKsPFZ9pY	Shed a Light	Robin Schulz	10530366	31	4	30	1
31	6HUnnBwYZqcED1eQztxMBN	Solo Dance	Martin Jensen	10404056	38	4	31	7
32	4Q4jmPHwu0wrJvqrld0FQ6	I Would Like	Zara Larsson	10095725	30	4	29	-2
33	6nxQdXa1uAL0rY72wPZu89	Love Me Now	John Legend	10054872	35	4	33	2
34	0prNGof3XqfTvNDxHonvdK	Scars To Your Beautiful	Alessia Cara	9992428	34	4	29	0
35	1vvNmPOiUuyCbgWmtc6yfm	My Way	Calvin Harris	9919810	32	4	23	-3
36	1qOLh0tI7trd1zdDKxYZTe	Starving	Hailee Steinfeld	9861669	33	4	20	-3
37	3AEZUABDXNtecAOSC1qTfo	Reggaetón Lento (Bailemos)	CNCO	9576722	40	4	35	3
38	1D3ODoXHBLpdxolZRHWV1j	By Your Side	Jonas Blue	9427335	36	4	34	-2
39	2rizacJSyD9S1IQUxUxnsK	All We Know	The Chainsmokers	9352959	25	4	24	-14
40	1CnPYaKxTVb4LWOtiGOm0m	All Time Low	Jon Bellion	9331721	45	4	40	5
41	0SGkqnVQo9KPytSri1H6cF	Bounce Back	Big Sean	9073813	42	4	41	1
42	0JiVRyTJcJnmlwCZ854K4p	Alone	Alan Walker	9059239	39	4	36	-3
43	6i0V12jOa3mr6uu4WYhUBr	Heathens	Twenty One Pilots	9013937	37	4	27	-6
44	4Hf7WnR761jpxPr5D46Bcd	Treat You Better	Shawn Mendes	8462428	41	4	26	-3
45	5GFDrUTLGJix84sNhjCG0g	Caroline	Aminé	8257196	44	4	42	-1
46	0QsvXIfqM0zZoerQfsI9lm	Don't Let Me Down	The Chainsmokers	8001205	43	4	25	-3
47	6rQSrBHf7HlZjtcMZ4S4bO	Safari	J Balvin	7604273	48	4	43	1
48	6JV2JOEocMgcZxYSZelKcc	"CAN'T STOP THE FEELING! (Original Song from DreamWorks Animation's ""TROLLS"")"	Justin Timberlake	7463895	46	4	28	-2
49	68EMU2RD1ECNeOeJ5qAXCV	We Don't Talk Anymore	Charlie Puth	7453623	47	4	41	-2
50	3E2Zh20GDCR9B1EYjfXWyv	Weak	AJR	7451716	65	4	50	15
51	0Zx8khUcEfCFK2AEoIhC92	Don't Leave	Snakehips	7098122	64	3	51	13
52	2EEeOnHehOozLq4aS0n6SL	iSpy (feat. Lil Yachty)	KYLE	6747306	63	4	52	11
53	58zsLZPvfflaiIbNWoA22O	Human	Rag'n'Bone Man	6597601	54	4	53	1
54	2BrzlUj1u1CtvaJDGIKpsP	Make Me (Cry)	Noah Cyrus	6501221	55	4	54	1
55	3QwBODjSEzelZyVjxPOHdq	Otra vez (feat. J Balvin)	Zion & Lennox	6463320	58	4	50	3
56	4vb4mFvYsr2h6enhjJsq9Y	Water Under the Bridge	Adele	6450859	57	4	56	1
57	0hNduWmlWmEmuwEFcYvRu1	Sunset Lover	Petit Biscuit	6310906	59	4	57	2
58	1sXUWdKx03aP9Gmzft58rt	Issues	Julia Michaels	6245979	188	2	58	130
59	7xHWNBFm6ObGEQPaUxHuKO	The Greatest (feat. Kendrick Lamar)	Sia	6217722	49	4	49	-10
60	3TRFq09DUgYj1mug6RRqJW	Lot to Learn	Luke Christopher	6209936	60	4	60	0
61	7yyRTcZmCiyzzJlNzGC9Ol	Broccoli (feat. Lil Yachty)	DRAM	6199340	51	4	44	-10
62	6fxVffaTuwjgEk5h9QyRjy	Photograph	Ed Sheeran	6084830	53	4	41	-9
63	4F7A0DXBrmUAkp32uenhZt	Party Monster	The Weeknd	6052570	56	4	51	-7
64	3AsAuGTaDQzavZZThyYlop	Sexual	NEIKED	5936146	62	4	52	-2
65	1FUViuNSldssMIawrOXF2i	I Got You	Bebe Rexha	5830294	67	4	65	2
66	7DM4BPaS7uofFul3ywMe46	Vente Pa' Ca	Ricky Martin	5734744	68	4	49	2
67	17Fd6Yb7mSbinKG8LoWfFl	I Took A Pill In Ibiza - Seeb Remix	Mike Posner	5548546	66	4	40	-1
68	27SdWb2rFzO6GWiYDBTD9j	Cheap Thrills	Sia	5489259	52	4	31	-16
69	7aV2mflaASUmGhCErm7kBO	The Mack	Nevada	5430250	61	4	37	-8
70	3umS4y3uQDkqekNjVpiRUs	El Amante	Nicky Jam	5429512	nan	1	70	new
71	5Ua3GXyHwiSfpNTMjq6m2z	Touch	Little Mix	5386602	128	4	71	57
72	3kxfsdsCpFgN412fpnW85Y	Redbone	Childish Gambino	5366708	81	4	72	9
73	6cAKeFFYW2aClZSUyvqAEW	It's Gotta Be You	Isaiah	5206713	100	3	73	27
74	7KOlJ92bu51cltsD9KU5I7	T-Shirt	Migos	5186362	138	2	74	64
75	6I6NX6tjGsxFAsIfGzY9lJ	Deja Vu	J. Cole	5182229	69	4	57	-6
76	1CUVN2kn7mW5FjkqXTR2W1	Perfect Strangers	Jonas Blue	5148450	73	4	53	-3
77	2Z8WuEywRWYTKe1NybPQEW	Ride	Twenty One Pilots	5143212	72	4	55	-5
78	0azC730Exh71aQlOt9Zj3y	This Is What You Came For	Calvin Harris	5126983	71	4	45	-7
79	6fwdbPMwP1zVStm8FybmkO	X (feat. Future)	21 Savage	5053189	84	4	79	5
80	04CttTezSnv71USiiG9mIo	Lighthouse - Andrelli Remix	Hearts & Colors	5050329	76	4	76	-4
81	1Slwb6dOYkBlWal1PGtnNg	Thinking out Loud	Ed Sheeran	5032481	74	4	58	-7
82	3CRDbSIZ4r5MsZ0YwxuEkn	Stressed Out	Twenty One Pilots	5003695	78	4	63	-4
83	5uDASfU19gDxSjW8cnCaBp	Chill Bill (feat. J. Davi$ & Spooks)	Rob $tone	4994590	79	4	75	-4
84	7gHs73wELdeycvS48JfIos	Faded	Alan Walker	4993747	80	4	64	-4
85	4tCtwWceOPWzenK2HAIJSb	Work from Home (feat. Ty Dolla $ign)	Fifth Harmony	4930559	85	4	48	0
86	7vRriwrloYVaoAe3a9wJHe	i hate u, i love u (feat. olivia o'brien)	gnash	4894401	82	4	67	-4
87	5OOkp4U9P9oL23maHFHL1h	Panda	Desiigner	4875626	83	4	66	-4
88	0kN8xEmgMW9mh7UmDYHlJP	Versace on the Floor	Bruno Mars	4867526	89	4	82	1
89	00lNx0OcTJrS3MKHcB80HY	You Don't Know Me - Radio Edit	Jax Jones	4852048	134	3	89	45
90	11KJSRSgaDxqydKYiD2Jew	Too Good	Drake	4836532	75	4	60	-15
91	3cFsmM51N5zMAuu1nNY4Tw	No Lie	Sean Paul	4766396	94	4	91	3
92	1Bqxj0aH5KewYHKUg1IdrF	Some Kind Of Drug	G-Eazy	4734993	88	4	88	-4
93	40UroIGvsMPLPBYwH8rMNA	Steady 1234 (feat. Jasmine Thompson & Skizzy Mars)	Vice	4720230	86	4	86	-7
94	0B8B8cVRFIG1yznoQe7c9s	Setting Fires	The Chainsmokers	4654371	70	4	70	-24
95	3hB5DgAiMAQ4DzYbsMq1IT	Love Yourself	Justin Bieber	4632741	87	4	62	-8
96	6stYbAJgTszHAHZMPxWWCY	Ay Mi Dios (feat. Pitbull, Yandel & Chacal)	IAmChino	4597041	105	4	96	9
97	4dASQiO1Eoo3RJvt74FtXB	Sucker For Pain (with Wiz Khalifa, Imagine Dragons, Logic & Ty Dolla $ign feat. X Ambassadors)	Lil Wayne	4586490	90	4	75	-7
98	69bp2EbF7Q2rqc5N3ylezZ	Sorry	Justin Bieber	4574226	91	4	65	-7
99	0FuTx2s3YH1ppmtiM6l0zI	September Song	JP Cooper	4556972	115	4	99	16
100	2wDjpPW3HZdA9quPPmZAMu	Trust Nobody (feat. Selena Gomez & Tory Lanez)	Cashmere Cat	4556449	77	4	76	-23
101	0YHUITU3w6ws1v8ehT264g	Shout Out to My Ex	Little Mix	4502754	97	4	81	-4
102	3dQDid3IUNhZy1OehIfYfE	Vacaciones	Wisin	4456448	121	4	102	19
103	4gmmRb6bZJffOOiww1JGTO	No Heart	21 Savage	4432037	93	4	93	-10
104	4ckuS4Nj4FZ7i3Def3Br8W	Sneakin’	Drake	4426212	98	4	91	-6
105	5J1c3M4EldCfNxXwrwt8mT	Traicionera	Sebastian Yatra	4388565	99	4	84	-6
106	1OAiWI2oPmglaOiv9fdioU	Hymn for the Weekend - Seeb Remix	Coldplay	4340849	92	4	72	-14
107	0sXvAOmXgjR2QUqLK1MltU	La Bicicleta	Carlos Vives	4336275	102	4	80	-5
108	042x9bsUBWW2fJgJ6fUh61	Not Going Home	DVBBS	4265602	104	4	104	-4
109	2CPqh63wRVscbceKcPxwvv	The Ocean (feat. Shy Martin)	Mike Perry	4257683	96	4	73	-13
110	20ZAJdsKB5IGbGj4ilRt2o	Dile Que Tu Me Quieres	Ozuna	4218021	113	4	108	3
111	5hEM0JchdVzQ5PwvSfITeX	Me Llamas (feat. Maluma) - Remix	Piso 21	4197791	123	4	111	12
112	14WWzenpaEgQZlqPq2nk4v	Work	Rihanna	4188847	95	4	59	-17
113	4nMlau89VAjmV7agkl7OY3	Fresh Eyes	Andy Grammer	4178854	111	4	103	-2
114	1Tt4sE4pXi57mTD1GCzsqm	Needed Me	Rihanna	4147978	110	4	88	-4
115	6F609ICg9Spjrw1epsAnpa	Controlla	Drake	4146487	101	4	78	-14
116	4mU5iXHeLgbR94siF7p1sY	Six Feet Under	The Weeknd	4118498	107	4	104	-9
117	7zTx8ePYAmPFQuxP3xlXZn	Light	San Holo	4105395	112	4	112	-5
118	2XMTqoHHSH0lvuXrvIEdco	Capsize	FRENSHIP	4086174	108	4	92	-10
119	6t2ubAB4iSYOuIpRAOGd4t	Cake - Challenge Version	Flo Rida	4019442	119	3	119	0
120	2aksifNn5ph8igDOkPBA02	Love On The Brain	Rihanna	4010342	117	4	117	-3
121	4h90qkbnW1Qq6pBhoPvwko	Sidewalks	The Weeknd	3931895	106	4	97	-15
122	6mapJIPnQ23RTAevUoE0DL	Swang	Rae Sremmurd	3921221	129	4	122	7
123	7129iqBafaphfc3WPCGC0L	7 Years	Lukas Graham	3918978	114	4	89	-9
124	0L7loeTIg6akW84aEQZpCT	Light It Up (feat. Nyla & Fuse ODG) - Remix	Major Lazer	3917356	109	4	76	-15
125	5nA67Y0XX9JipZwYxX7Gl7	This Town	Niall Horan	3894533	116	4	107	-9
126	6A8dnC0xkiuWN4BshmTB2I	Oceans Away	A R I Z O N A	3868357	141	2	126	15
127	2aFiaMXmWsM3Vj72F9ksBl	Cake By The Ocean	DNCE	3864011	118	4	70	-9
128	2ANLarE8yHVsLWW21nj79M	You Was Right	Lil Uzi Vert	3844995	122	4	120	-6
129	0tICYNayWWhH9GPeFrfjfD	This Girl (Kungs Vs. Cookin' On 3 Burners)	Kungs	3786260	132	4	97	3
130	0WCEaydwN65cvwaW8aqptF	History	Olivia Holt	3742413	153	2	130	23
131	4OZEu0Vwq0RB2LAq14v99n	Middle	DJ Snake	3738423	126	4	102	-5
132	0KKkJNfGyhkQ5aFogxQAPU	That's What I Like	Bruno Mars	3697638	152	4	132	20
133	7yHEDfrJNd0zWOfXwydNH0	Into You	Ariana Grande	3693664	124	4	82	-9
134	02WacdrRpm4zlP8H7X6bnQ	Dancing On My Own	Calum Scott	3663215	125	4	115	-9
135	58IL315gMSTD37DOZPJ2hf	Shaky Shaky	Daddy Yankee	3661603	127	4	98	-8
136	3SGWp9fJCzgK0WcpcKSQdy	Romantic - NOTD Remix	Stanaj	3650171	170	2	136	34
137	4qqArAiTPueDxIp7cf87h7	Final Song	MØ	3614285	139	4	105	2
138	2MHCiOohBZEQuLgDTPvSzF	Love on Me	Galantis	3597378	131	4	115	-7
139	1crSsvtU9wZB15dIQXV2QH	Moving On and Getting Over	John Mayer	3596116	nan	1	139	new
140	4BHzQ9C00ceJxfG16AlNWb	Send My Love (To Your New Lover)	Adele	3520951	133	4	93	-7
141	20dP2DaMHIAmwWAbp7peSr	pick up the phone	Young Thug	3413370	145	4	130	4
142	0v9Wz8o0BT8DU38R4ddjeH	No Problem (feat. Lil Wayne & 2 Chainz)	Chance the Rapper	3397378	136	4	126	-6
143	6OZh916QF8XNunWaP97WEZ	Fast Car	Jonas Blue	3385739	137	4	94	-6
144	5mey7CLLuFToM2P68Qu1gF	Andas En Mi Cabeza	Chino & Nacho	3381923	149	4	139	5
145	4WjH9Bzt3kx7z8kl0awxh4	Lean On (feat. MØ & DJ Snake)	Major Lazer	3341301	135	4	113	-10
146	1lntL1cI2UIWlxjL5QiN8g	The Other	Lauv	3308598	176	2	146	30
147	4sPmO7WMQUAf45kwMOtONw	Hello	Adele	3278897	148	4	127	1
148	6YZdkObH88npeKrrkb8Ggf	DUELE EL CORAZON	Enrique Iglesias	3278063	143	4	99	-5
149	6O6M7pJLABmfBRoGZMu76Y	Roses	The Chainsmokers	3253191	146	4	129	-3
150	5Z01UMMf7V1o0MzF86s6WJ	"Lose Yourself - From ""8 Mile"" Soundtrack"	Eminem	3247694	151	4	150	1
151	1lItf5ZXJc1by9SbPeljFd	Juju On That Beat (TZ Anthem)	Zay Hilfigerrr	3241682	130	4	90	-21
152	26hcyzSE154xMZCbFdtInA	Taped up Heart (feat. Clara Mae)	KREAM	3238263	140	4	140	-12
153	0Fv5N0cHBsl4bzCbollCAS	Moves	Big Sean	3233380	172	3	153	19
154	40YcuQysJ0KlGQTeGUosTC	Me, Myself & I	G-Eazy	3230242	147	4	107	-7
155	0LtVx5vsq9nfpGsWgjUin6	"City Of Stars - From ""La La Land"" Soundtrack"	Ryan Gosling	3227527	nan	1	155	new
156	13HVjjWUZFaWilh2QUJKsP	Let It Go	James Bay	3168682	156	4	150	0
157	5DA77EqppDmCTWGovd4oTP	Sex	Cheat Codes	3155241	155	4	104	-2
158	6gBFPUFcJLzWGx4lenP6h2	goosebumps	Travis Scott	3149298	179	4	158	21
159	1WP1r7fuvRqZRnUaTi2I1Q	Stitches	Shawn Mendes	3148885	154	4	137	-5
160	1AkTW13ysu0AJrwuM6UY0I	Gyal You A Party Animal - Remix	Charly Black	3130383	174	4	160	14
161	5v9N8Rx3QsFvr50cxyQcA3	Love$ick	Mura Masa	3124888	160	4	160	-1
162	1rIKgCH4H52lrvDcz50hS8	Lush Life	Zara Larsson	3100133	157	4	124	-5
163	5tFep7dXGd7vEJ668wTPux	Both (feat. Drake)	Gucci Mane	3091348	nan	1	163	new
164	0oiCeOPwm4zhwfyIpAE37y	Love on the Weekend	John Mayer	3079976	nan	1	164	new
165	1sTUEdVO85YU8Ymk2jeAls	Oh Lord	MiC LOWRY	3068806	142	4	142	-23
166	0L87MffumRNWrY2SNUFcvs	Cocoon	Milky Chance	3045690	167	4	166	1
167	3pzjHKrQSvXGHQ98dx18HI	What Do You Mean?	Justin Bieber	3034432	164	4	136	-3
168	0JoHqmlqE0W0i9prt6kcHR	Cuatro Babys (feat. Trap Capos, Noriel, Bryant Myers & Juhn)	Maluma	3034188	161	4	161	-7
169	25khomWgBVamSdKw7hzm3l	The Hills	The Weeknd	3009459	163	4	157	-6
170	2xbI8Vmyv3TkpTdywpPyNw	Selfish	PnB Rock	2958265	nan	1	170	new
171	6DUdDIRgLqCGq1DwkNWQTN	Borro Cassette	Maluma	2957327	166	4	133	-5
172	62vpWI1CHwFy7tMIcSStl8	No Role Modelz	J. Cole	2949958	180	4	172	8
173	0PDUDa38GO8lMxLCRc4lL1	PILLOWTALK	ZAYN	2940777	168	4	122	-5
174	3BY2mafsbsoKGqS380Xnuz	Te Quiero Pa´Mi	Don Omar	2931405	195	2	174	21
175	37F0uwRSrdzkBiuj0D5UHI	Reminder	The Weeknd	2924371	158	4	146	-17
176	78sr3ogs4UzITcCNbXM9cM	Used to This (feat. Drake)	Future	2921209	175	4	175	-1
177	6yr8GiTHWvFfi4o6Q5ebdT	'Till I Collapse	Eminem	2911173	186	3	177	9
178	7EiZI6JVHllARrX9PUvAdX	Low Life (feat. The Weeknd)	Future	2909239	178	4	166	0
179	5CPqOpKSk0QcJ3dGdaWcRB	On Hold	The xx	2907917	103	2	103	-76
180	05Z7jet4VDNVgNQWcYHnrk	Party	Chris Brown	2894718	185	3	180	5
181	1lxswgIpzV6HhENRvkflES	Chillax (feat. Ky-Mani Marley)	Farruko	2890431	194	4	181	13
182	27GmP9AWRs744SzKcpJsTZ	Jumpman	Drake	2888190	181	4	150	-1
183	2FBUoWkIuQXwayw2RNo5l6	Hotline Bling	Drake	2883636	177	4	147	-6
184	2jyjhRf6DVbMPU5zxagN2h	Let Her Go	Passenger	2880251	190	4	184	6
185	0ADG9OgdVTL7fgREP75BrZ	Ain't My Fault	Zara Larsson	2876277	169	4	125	-16
186	6bLopGnirdrilrpdVB6Um1	The Greatest	Sia	2841765	150	4	71	-36
187	50PWlIBU7PlGGwzgN8TiFJ	Million Reasons	Lady Gaga	2835700	184	4	170	-3
188	2LBqCSwhJGcFQeTHMVGwy3	Die For You	The Weeknd	2801665	173	4	167	-15
189	2q6tgiA9tpb6DMguABwCWE	All of Me	John Legend	2800126	193	4	189	4
190	0zCfmceT1YvtZXGbR6Roht	"Another Day Of Sun - From ""La La Land"" Soundtrack"	La La Land Cast	2777451	nan	1	190	new
191	6eT7xZZlB2mwyzJ2sUKG6w	White Iverson	Post Malone	2767030	nan	3	191	re-enter
192	0lmdsH1MIoLsMymnNpd6HU	Let Me Hold You (Turn Me On)	Dante Klein	2761850	171	4	148	-21
193	0utlOiJy2weVl9WTkcEWHy	Neighbors	J. Cole	2741100	165	4	138	-28
194	3B7udSGy2PfgoCniMSb523	"I See Fire - From ""The Hobbit - The Desolation Of Smaug"""	Ed Sheeran	2727789	182	3	135	-12
195	12REd1n8PeiHHWOh066tpr	Never Be Like You	Flume	2720855	191	4	128	-4
196	3a1lNhkSLSkpJE4MSHpDu9	Congratulations	Post Malone	2695783	nan	1	196	new
197	7JYsArznYOjX2jsrT3UEnL	OOOUUU	Young M.A	2670611	159	4	116	-38
198	5Db9VIdDsN5yu3Eu7CT0i4	Stay With Me	Sam Smith	2652008	nan	1	198	new
199	0IqKeD8ZSP72KbGYyzEcAs	Take Me To Church	Hozier	2635814	nan	1	199	new
200	75JFxkI2RXiU7L9VXzMkle	The Scientist	Coldplay	2632233	nan	1	200	new
