position	song_id	song_name	artist	streams	last_week_position	weeks_on_chart	peak_position	position_status
1	7wGoVu4Dady5GV0Sv4UIsx	rockstar	Post Malone	40508703	1	5	1	0
2	0ofbQMrRDsUaVKq2mGLEAb	Havana	Camila Cabello	32640848	2	14	2	0
3	1mXVgsBdtIVeCLJnSnmtdV	Too Good At Goodbyes	Sam Smith	28527847	nan	1	3	new
4	2ekn2ttSfGqwhhate0LSR0	New Rules	Dua Lipa	25708980	3	18	2	-1
5	3hBBKuWJfxlIlnd9QFoC8k	What Lovers Do (feat. SZA)	Maroon 5	23951075	nan	1	5	new
6	7EmGUiUaOSGDnUUQUDrOXC	Wolves	Selena Gomez	22650169	4	3	4	-2
7	0tgVpDi06FyKpA1z0VMD4v	Perfect	Ed Sheeran	21203902	7	34	7	0
8	1j4kHkkpqZRBwE0A4CN4Yv	Dusk Till Dawn - Radio Edit	ZAYN	20876331	6	9	4	-2
9	7vGuf3Y35N4wmASOKLUVVU	Silence	Marshmello	19663089	9	13	8	0
10	43ZyHQITOjhciSUUNPVRHc	Gucci Gang	Lil Pump	19437618	12	5	10	2
11	6mrKP2jyIQmM0rw6fQryjr	Let You Down	NF	18888486	11	4	11	0
12	5tz69p7tJuGPeMGwNTxYuV	1-800-273-8255	Logic	17357816	10	26	5	-2
13	75ZvA4QfFiZvzhj2xkaWAh	I Fall Apart	Post Malone	16962991	13	7	10	0
14	5Z3GHaZ6ec9bsiI5BenrbY	Young Dumb & Broke	Khalid	15131223	14	20	12	0
15	0Zbbxnx4SGGHoIow4PpISP	Stargazing	Kygo	14648618	22	7	15	7
16	32DGGj6KlNuBr6WaqRxpxi	How Long	Charlie Puth	14554590	19	5	16	3
17	7qiZfU4dY1lWllzX7mPBI3	Shape of You	Ed Sheeran	13619554	17	42	1	0
18	6QgjcU0zLnzq5OrUoSZ3OK	Feel It Still	Portugal. The Man	13537718	18	17	18	0
19	3m660poUr1chesgkkjQM7P	Sorry Not Sorry	Demi Lovato	13525103	15	6	10	-4
20	2rb5MvYT7ZIxbKW5hfcHx8	Mi Gente	J Balvin	12976982	16	19	1	-4
21	3B54sVLJ402zGa6Xm4YGNe	Unforgettable	French Montana	12853980	21	18	3	0
22	5AEtlRudpgdT5FtNiuly6Y	Let Me Go (with Alesso, Florida Georgia Line & watt)	Hailee Steinfeld	12547566	28	8	22	6
23	2OALaHcDdKkjYEpAr0Qzab	Lonely Together (feat. Rita Ora)	Avicii	12520151	26	13	23	3
24	7GX5flRQZVHRAGd6B4TmDO	XO Tour Llif3	Lil Uzi Vert	12492537	23	11	10	-1
25	0tKcYR2II1VCQWT79i5NrW	Thunder	Imagine Dragons	12283875	24	25	8	-1
26	0CokSRCu5hZgPxcZBaEzVE	Glorious (feat. Skylar Grey)	Macklemore	11991887	20	7	14	-6
27	2fQrGHiQOvpL9UgPvtYy6G	Bank Account	21 Savage	11951063	25	7	23	-2
28	7DsX5K72fewVGb47qj7Tbg	Pray	Sam Smith	11500141	nan	1	28	new
29	3a1lNhkSLSkpJE4MSHpDu9	Congratulations	Post Malone	11463713	29	40	20	0
30	2SmgFAhQkQCQPyBiBxR6Te	Criminal	Natti Natasha	11279879	33	8	30	3
31	7nZmah2llfvLDiUjm0kiyz	Friends (with BloodPop®)	Justin Bieber	10623984	27	12	2	-4
32	1YqcGlCHNquxBhlUZsjhMT			10597738	nan	1	32	new
33	0Qh38w01QRXK6KHIv0e3hb	What About Us	P!nk	10580404	31	4	18	-2
34	1YZfcVLbbJwfizR5cDOp3q	MotorSport	Migos	10535180	45	2	34	11
35	7fwXWKdDNI5IutOMc5OKYw	Mi Gente (feat. Beyoncé)	J Balvin	10508429	30	6	15	-5
36	5u6vkDnOyaf8LsteDAj2ub	Ghostface Killers	21 Savage	10486087	86	2	36	50
37	6De0lHrwBfPfrhorm9q1Xl	Me Rehúso	Danny Ocean	10312797	36	36	20	-1
38	4iLqG9SeJSnt0cSPICSjxv	Attention	Charlie Puth	10303047	34	27	6	-4
39	2771LMNxwf62FTAdpJMQfM	Bodak Yellow	Cardi B	10302449	32	15	21	-7
40	7JNh1cfm0eXjqFVOzKLyau	Mayores	Becky G	9844788	39	15	39	-1
41	7m9OqQk4RVRkw9JJdeAw96	Jocelyn Flores	XXXTENTACION	9815267	38	11	15	-3
42	1wjzFQodRWrPcQ0AnYnvQ9	I Like Me Better	Lauv	9370478	41	22	29	-1
43	3PEgB3fkiojxms35ntsTgs	More Than You Know	Axwell /\ Ingrosso	9306123	40	15	15	-3
44	4v094LQ9eF10k2O2Te2ngK	Too Much To Ask	Niall Horan	9214291	44	3	37	0
45	7KXjTSCq5nL1LoYtL7XAwS	HUMBLE.	Kendrick Lamar	9189078	42	30	1	-3
46	5bcTCxgc7xVfSaMV3RuVke	Feels (feat. Pharrell Williams, Katy Perry & Big Sean)	Calvin Harris	8864734	43	20	5	-3
47	0tDfp0vFR95Gg6Mrhza3lX	Call It What You Want	Taylor Swift	8832057	nan	1	47	new
48	7sO5G9EABYOXQKNPNiE9NR	Ric Flair Drip (& Metro Boomin)	Offset	8551080	148	2	48	100
49	6uFsE1JgZ20EXyU0JQZbUR	Look What You Made Me Do	Taylor Swift	8546922	37	11	1	-12
50	2Xqd0wUttjueBfdcltADOv	No Limit	G-Eazy	8473284	88	6	50	38
51	70lnL3QaSOIIyMa2X9aVRL	Perro Fiel (feat. Nicky Jam)	Shakira	8377408	52	5	51	1
52	6WbADFqMvR8N5u0BvtsWQE	Without You (feat. Sandro Cavazza)	Avicii	8274760	46	13	21	-6
53	7iDa6hUg2VgEL1o1HjmfBn	Meant to Be (feat. Florida Georgia Line)	Bebe Rexha	7817895	55	8	53	2
54	1XRgIKC5TPwo7nWGyKqgG0	I Get the Bag (feat. Migos)	Gucci Mane	7756436	49	4	45	-5
55	2xmrfQpmS2iJExTlklLoAL	I Miss You (feat. Julia Michaels)	Clean Bandit	7674490	74	2	55	19
56	4dVpf9jZjcORqGTLUaeYj9	Plain Jane	A$AP Ferg	7600929	59	8	56	3
57	5CtI0qwDJkDQGwXD1H1cLb	Despacito - Remix	Luis Fonsi	7578703	48	28	1	-9
58	42CeaId2XNlxugDvyqHfDf	Candy Paint	Post Malone	7491998	87	3	58	29
59	7ofxPmTNMj2GP07g1VZa0O	Que Va	Alex Sensation	7481992	61	11	59	2
60	693iqPOQvhI7PobtR8CC8v	Bonita	J Balvin	7458644	53	22	42	-7
61	2nUJvBO87SkxCViQsLc9Zr	Man's Not Hot	Big Shaq	7456409	92	5	61	31
62	2mb6YdoavL6db22p7XKJQZ	Burning	Sam Smith	7370127	nan	1	62	new
63	79cuOz3SPQTuFrp8WgftAu	There's Nothing Holdin' Me Back	Shawn Mendes	7288942	50	27	5	-13
64	0qYTZCo5Bwh1nsUFGZP3zn	Felices los 4	Maluma	7288746	58	27	17	-6
65	0CcQNd8CINkwQfe1RDtGV6	Believer	Imagine Dragons	7267577	62	37	16	-3
66	6RUKPb4LETWmmr3iAEQktW	Something Just Like This	The Chainsmokers	7247533	64	36	2	-2
67	3VClLWqNn80Llv0PJOsKgr	Báilame - Remix	Nacho	7175973	65	12	58	-2
68	3zoYkqS4y2BsGVShPL2nTE	Reggaetón Lento (Remix)	CNCO	7076974	60	12	56	-8
69	2Za1AlJNvksouPPWbXpR2X	Good Old Days (feat. Kesha)	Macklemore	7030049	56	7	56	-13
70	3ojTJaonfkL96iIWa47SU3	Questions	Chris Brown	6940166	72	2	70	2
71	1yxgsra98r3qAtxqiGZPiX	BUTTERFLY EFFECT	Travis Scott	6908799	67	23	40	-4
72	7y9iMe8SOB6z3NoHE2OfXl	Bad At Love	Halsey	6902743	68	10	68	-4
73	01uk7IzZyFNfQTDBXxx6NB	One Last Song	Sam Smith	6829965	nan	1	73	new
74	4lUnFLtn8w3W76FiYDRzmO	Wait	Maroon 5	6797740	nan	1	74	new
75	2cnKEkpVUSV4wnjQiTWfH6	Escápate Conmigo	Wisin	6692975	70	29	38	-5
76	5TysCiZtv1HnSWcTcUFusI	Suena El Dembow	Joey Montana	6563325	77	8	76	1
77	1OAh8uOEOvTDqkKFsKksCi	Wild Thoughts (feat. Rihanna & Bryson Tiller)	DJ Khaled	6516503	51	21	2	-26
78	0Wv5wuenRLI3BcwgT3HPIP	A Different Way (with Lauv)	DJ Snake	6400344	66	7	66	-12
79	6gBFPUFcJLzWGx4lenP6h2	goosebumps	Travis Scott	6390341	73	43	61	-6
80	152lZdxL1OR0ZMW6KquMif	Location	Khalid	6360103	78	38	34	-2
81	4K1vOdIFqskQv3zoI0FdAk	Say It First	Sam Smith	6347582	nan	1	81	new
82	0NiXXAI876aGImAd6rTj8w	Mama	Jonas Blue	6311804	71	18	12	-11
83	69Naniu2KjKjaQOBUagE8U	Homemade Dynamite (Feat. Khalid, Post Malone & SZA) - REMIX	Lorde	6304996	54	6	54	-29
84	6EpRaXYhGOB3fj4V2uDkMJ	Strip That Down	Liam Payne	6301808	69	23	9	-15
85	4z3GJkrtH97Bj6fRta983T	Robarte un Beso	Carlos Vives	6290255	76	14	61	-9
86	2eAZfqOm4EnOF9VvN50Tyc	The Way Life Goes (feat. Oh Wonder)	Lil Uzi Vert	6274721	57	11	44	-29
87	5yuShbu70mtHXY0yLzCQLQ	Go Flex	Post Malone	6216167	63	18	52	-24
88	0lJCqIx5BhZtf6QtYI2fbv	Vuelve	Daddy Yankee	6155898	85	5	85	-3
89	7F9vK8hNFMml4GtHsaXui6	Back to You (feat. Bebe Rexha & Digital Farm Animals)	Louis Tomlinson	6103404	75	16	15	-14
90	5uCax9HTNlzGybIStD3vDh	Say You Won't Let Go	James Arthur	6071895	82	43	7	-8
91	1pZdegOXTZ2ftINo3oUuRZ	Bedroom Floor	Liam Payne	6052934	80	3	71	-11
92	6tUgfsOa8PLkoede5nOR7D	Lemon	N.E.R.D	5984971	nan	1	92	new
93	5hcisvFMidkMJlElTO9Qmw	Sensualidad	Bad Bunny	5927372	nan	1	93	new
94	7EI6Iki24tBHAMxtb4xQN2	Anywhere	Rita Ora	5903622	103	3	94	9
95	38yBBH2jacvDxrznF7h08J	Slow Hands	Niall Horan	5863238	79	3	50	-16
96	3DXncPQOG4VBw3QHh3S817	I'm the One (feat. Justin Bieber, Quavo, Chance the Rapper & Lil Wayne)	DJ Khaled	5795250	81	24	2	-15
97	4aWmUDTfIPGksMNLV2rQP2	Despacito (Featuring Daddy Yankee)	Luis Fonsi	5744433	83	41	4	-14
98	7MHN1aCFtLXjownGhvEQlF	Una Lady Como Tú	Manuel Turizo	5722314	84	22	38	-14
99	5yFSF6qQA1rcLsQRnBsZgb	All Falls Down (feat. Juliander)	Alan Walker	5684836	106	2	99	7
100	7AQim7LbvFVZJE3O8TYgf2	Fuck Love (feat. Trippie Redd)	XXXTENTACION	5678656	94	11	41	-6
101	40oKW22ZNNkEdZLJTScaQI	Roll In Peace (feat. XXXTENTACION)	Kodak Black	5598783	91	12	79	-10
102	5Gd19NupVe5X8bAqxf9Iaz	Gorgeous	Taylor Swift	5558855	47	3	11	-55
103	19WjVVgXjdKXfLXoaDPwTM	...Ready For It?	Taylor Swift	5458804	93	9	13	-10
104	6kex4EBAj0WHXDKZMEJaaF	Swalla (feat. Nicki Minaj & Ty Dolla $ign)	Jason Derulo	5383004	89	35	8	-15
105	1A85fOmviQuGgkF6Lww6Nd	Midnight Train	Sam Smith	5370666	nan	1	105	new
106	6eUncuJutsFi9BGO1JaBHh	If I'm Lucky	Jason Derulo	5337447	90	10	82	-16
107	22eADXu8DfOAUEDw4vU8qy	Ahora Dice	Chris Jeday	5304873	98	29	46	-9
108	6p8NuHm8uCGnn2Dtbtf7zE	Slippery (feat. Gucci Mane)	Migos	5270558	101	30	71	-7
109	1x5sYLZiu9r5E43kMlt9f8	Symphony (feat. Zara Larsson)	Clean Bandit	5245422	99	32	11	-10
110	4hKWUzhQWsOkgT6LnDEASe	Was du Liebe nennst	Bausa	5230425	96	4	96	-14
111	5ZX1X9Rl4zbx1Wwyn3idVD	No Peace	Sam Smith	5228688	nan	1	111	new
112	5uu28fUesZMl89lf9CLrgN	Feels Great (feat. Fetty Wap & CVBZ)	Cheat Codes	5194784	111	4	110	-1
113	1Bxzw8ag71snOU9IbhXVD6	Kids in Love (feat. The Night Game)	Kygo	5189475	nan	1	113	new
114	3A7qX2QjDlPnazUsRk5y0M	2U (feat. Justin Bieber)	David Guetta	5152692	95	21	3	-19
115	5zSOVwaY3sVjnmLhuEfsuf	Tú Foto	Ozuna	5074662	102	11	73	-13
116	0VgkVdmE4gld66l8iyGjgx	Mask Off	Future	5037701	nan	1	116	new
117	3AFPGvRzeKeNJbIbLwcz4G	HIM	Sam Smith	5027866	nan	1	117	new
118	1p1SbqeipOd4ezKUpxqaz6	Baby, You Make Me Crazy	Sam Smith	5022196	nan	1	118	new
119	3eR23VReFzcdmS7TYCrhCe	It Ain't Me (with Selena Gomez)	Kygo	5000131	107	35	2	-12
120	4S2WtfT03YDIlXEwSX4Tjd	Nothing Left For You	Sam Smith	4953525	nan	1	120	new
121	0afhq8XCExXpqazXczTSve	Galway Girl	Ed Sheeran	4949190	108	34	2	-13
122	1LszjjoVwDDZcWUQbzeDLG	Explícale (feat. Bad Bunny)	Yandel	4928662	109	9	101	-13
123	6eT7xZZlB2mwyzJ2sUKG6w	White Iverson	Post Malone	4920296	110	36	100	-13
124	4c2W3VKsOFoIg2SFaO6DY5	Your Song	Rita Ora	4887554	104	22	29	-20
125	0KKkJNfGyhkQ5aFogxQAPU	That's What I Like	Bruno Mars	4860422	105	43	6	-20
126	0yyZN5ASdrYu0XYWFzfxUu	3 A.M.	Jesse & Joy	4793256	117	8	116	-9
127	7BKLCZ1jbUBVqRi2FVlTVw	Closer	The Chainsmokers	4780039	112	43	2	-15
128	3NdDpSvN911VPGivFlV5d0	"I Don’t Wanna Live Forever (Fifty Shades Darker) - From ""Fifty Shades Darker (Original Motion Picture Soundtrack)"""	ZAYN	4765402	123	43	2	-5
129	7y4JznkAv2W3IKw9T1o2VK	New	Daya	4689243	126	2	126	-3
130	0tdCy39PgWN8LFWu34ORn3	Rap Saved Me	21 Savage	4685789	192	2	130	62
131	1louJpMmzEicAn7lzDalPW	No Promises (feat. Demi Lovato)	Cheat Codes	4649803	114	30	24	-17
132	1f5cbQtDrykjarZVrShaDI	Drowning (feat. Kodak Black)	A Boogie Wit da Hoodie	4635621	115	6	90	-17
133	4lESS6vuruP6a79KWRaQou	Corazón	Maluma	4622052	nan	1	133	new
134	6jA8HL9i4QGzsj6fjoxp8Y	There for You	Martin Garrix	4599100	116	22	18	-18
135	0tPQPaOKM32WgMSbPCYyRH	Dirty Sexy Money (feat. Charli XCX & French Montana)	David Guetta	4584851	nan	1	135	new
136	4knL4iPxPOZjQzTUlELGSY	Rake It Up	Yo Gotti	4578543	113	2	113	-23
137	5EId1m4DNwTf3at31w8bPJ	El Farsante	Ozuna	4535915	122	11	105	-15
138	5YzA563GXTuwQaRq24z1k5	Como Antes (feat. Wisin)	Yandel	4535036	138	8	137	0
139	0ERbK7qVqveCaBWIiYCrl3	Bella y Sensual	Romeo Santos	4519859	125	15	106	-14
140	6fxVffaTuwjgEk5h9QyRjy	Photograph	Ed Sheeran	4516498	128	43	41	-12
141	3kxfsdsCpFgN412fpnW85Y	Redbone	Childish Gambino	4504310	127	43	35	-14
142	209gZgcfLq2aUuu51vOWBl	Hey DJ	CNCO	4488928	121	27	52	-21
143	0dA2Mk56wEzDgegdC6R17g	Stay (with Alessia Cara)	Zedd	4479343	124	35	7	-19
144	1NDxZ7cFAo481dtYWdrUnR	Pretty Girl - Cheat Codes X CADE Remix	Maggie Lindemann	4412540	118	30	25	-26
145	1Slwb6dOYkBlWal1PGtnNg	Thinking out Loud	Ed Sheeran	4411110	131	43	58	-14
146	5aAx2yezTd8zXrkmtKl66Z	Starboy	The Weeknd	4304342	130	43	1	-16
147	3GVkPk8mqxz0itaAriG1L7	Everybody Dies In Their Nightmares	XXXTENTACION	4301091	129	11	52	-18
148	1xznGGDReH1oQq0xzbwXa3	One Dance	Drake	4255403	120	43	12	-28
149	5TmZYdHW6HJ9gt7Aokuql5	SUTRA	Sebastian Yatra	4227043	167	2	149	18
150	2D2w9943rsnJOGCrI4aMQp	My Choppa Hate Niggas	21 Savage	4219006	nan	1	150	new
151	6HZILIRieu8S0iqY8kIKhj	DNA.	Kendrick Lamar	4202427	133	28	3	-18
152	5Db9VIdDsN5yu3Eu7CT0i4	Stay With Me	Sam Smith	4183599	187	14	148	35
153	4IWAyPf1KMq7JCyGeCjTeH	Whatever It Takes	Imagine Dragons	4139869	157	10	51	4
154	3zesxb7sOGbeSwUrzLUP0f	Palace	Sam Smith	4062450	nan	1	154	new
155	6D0b04NJIKfEMg040WioJQ	Issues	Julia Michaels	4052273	134	6	74	-21
156	4N1c5rmWOzRmB9SMacr5wB	Loco Enamorado	Abraham Mateo	4024605	135	14	132	-21
157	7floNISpH8VF4z4459Qo18	Look At Me!	XXXTENTACION	4015815	136	6	127	-21
158	6t4rYZeShwJai1YSs0tWOQ	Scars	Sam Smith	4000891	nan	1	158	new
159	6TwcRSQgztJFw8tQDrs35D	The Thrill Of It All	Sam Smith	3991190	nan	1	159	new
160	6PGoSes0D9eUDeeAafB2As	LOVE. FEAT. ZACARI.	Kendrick Lamar	3989144	153	28	14	-7
161	3ebXMykcMXOcLeJ9xZ17XH	Scared to Be Lonely	Martin Garrix	3974968	140	39	5	-21
162	0XLOf9LhyazPX9Ld8jPiUq	Fetish (feat. Gucci Mane)	Selena Gomez	3960141	147	16	16	-15
163	6NWl2m8asvH83xjuXVNsuG	Betrayed	Lil Xan	3935195	nan	1	163	new
164	0fioLzGM8ngbD1w6fMmm45	I'm Not The Only One	Sam Smith	3891702	nan	3	164	re-enter
165	5RCfvwDewu6p2x1mEI6smX	The Race	Tay-K	3888633	137	10	114	-28
166	5GXAXm5YOmYT0kL5jHvYBt	I Feel It Coming	The Weeknd	3884719	151	43	9	-15
167	7hDc8b7IXETo14hHIHdnhd	Passionfruit	Drake	3881698	146	32	2	-21
168	7FfpP3YZ6fOWMdxkIAtud9	Krippy Kush	Farruko	3843008	141	8	97	-27
169	4yN6xPLopmTLvc27pO9LIE	Si Tú La Ves (feat. Wisin)	Nicky Jam	3838835	156	26	117	-13
170	3bWAqKDWg6u1davspr5IkS	OK	Robin Schulz	3832845	139	23	55	-31
171	2RttW7RAu5nOAfq6YFvApB	Happier	Ed Sheeran	3752286	160	34	10	-11
172	1uL78kFWxhz3umTMWJu8n5	Sauce It Up	Lil Uzi Vert	3744898	142	11	83	-30
173	5knuzwU65gJK7IF5yJsuaW	Rockabye (feat. Sean Paul & Anne-Marie)	Clean Bandit	3739729	155	43	3	-18
174	1e1JKLEDKP7hEQzJfNAgPl	Magnolia	Playboi Carti	3725651	152	25	59	-22
175	5gx2E5aIXMRBellPZW1up5	Pills & Automobiles (feat. Yo Gotti, A Boogie Wit Da Hoodie & Kodak Black)	Chris Brown	3725161	173	2	173	-2
176	5Ohxk2dO5COHF1krpoPigN	Sign of the Times	Harry Styles	3721598	171	29	14	-5
177	0jdny0dhgjUwoIp5GkqEaA	Praying	Kesha	3677914	162	13	37	-15
178	1WIZiOuNO3woKfdlSK2gNn	Transportin'	Kodak Black	3672083	145	9	110	-33
179	7aF09WaavZAmAWuUeYxlYD	Rich Love (with Seeb)	OneRepublic	3667366	150	17	49	-29
180	5q2JbCNi4FcnglgPfxcV65	Sola (Remix) [feat. Daddy Yankee, Wisin, Farruko, Zion & Lennox]	Anuel AA	3666263	158	39	91	-22
181	68EMU2RD1ECNeOeJ5qAXCV	We Don't Talk Anymore	Charlie Puth	3633353	163	43	41	-18
182	53mrVsi49rLHIaKBiSvElG	do re mi (feat. Gucci Mane)	blackbear	3619087	149	14	131	-33
183	33bnxcjePIkcmNjEFTJX0l	Déjala Que Vuelva (feat. Manuel Turizo)	Piso 21	3604364	nan	1	183	new
184	6AUuRg513AfT50d52O60fS	One Day At A Time	Sam Smith	3575404	nan	1	184	new
185	7mldq42yDuxiUNn08nvzHO	Body Like A Back Road	Sam Hunt	3566056	172	38	62	-13
186	2mfUa8bLs2s5N4VaqJZ4lZ	Most Girls	Hailee Steinfeld	3550236	159	26	54	-27
187	0q75NwOoFiARAVp4EXU4Bs	Love Galore (feat. Travis Scott)	SZA	3546900	165	21	73	-22
188	6PCUP3dWmTjcTtXY02oFdT	Castle on the Hill	Ed Sheeran	3530715	164	42	2	-24
189	4Km5HrUvYTaSUfiSGPJeQR	Bad and Boujee (feat. Lil Uzi Vert)	Migos	3514266	168	43	9	-21
190	7w9bgPAmPTtrkt2v16QWvQ	"Lose Yourself - From ""8 Mile"" Soundtrack"	Eminem	3499513	170	4	151	-20
191	1UZOjK1BwmwWU14Erba9CZ	Malibu	Miley Cyrus	3493712	178	6	93	-13
192	7oK9VyNzrYvRFo7nQEYkWN	Mr. Brightside	The Killers	3480363	161	11	148	-31
193	75JFxkI2RXiU7L9VXzMkle	The Scientist	Coldplay	3470486	193	20	160	0
194	25oOaleife6E2MIKmFkPvg	Relationship (feat. Future)	Young Thug	3464089	169	11	142	-25
195	5qqabIl2vWzo9ApSC317sa	Wonderwall - Remastered	Oasis	3457370	180	15	152	-15
196	5gIRPQWULwrvIt0F6pY7ph	Stranger Things (feat. OneRepublic)	Kygo	3429228	nan	1	196	new
197	0Gux2yTMWYOlcBUNjGJu5p	Pull Up N Wreck (With Metro Boomin)	Big Sean	3416819	nan	1	197	new
198	6H0AwSQ20mo62jGlPGB8S6	It's A Vibe	2 Chainz	3404524	176	21	106	-22
199	2EEeOnHehOozLq4aS0n6SL	iSpy (feat. Lil Yachty)	KYLE	3384421	179	43	21	-20
200	3hB5DgAiMAQ4DzYbsMq1IT	Love Yourself	Justin Bieber	3374997	200	43	62	0
