position	song_id	song_name	artist	streams	last_week_position	weeks_on_chart	peak_position	position_status
1	5gvrBqNFFEWcxYPt3mamvJ	quando a bad bater - ao vivo	Luan Santana	3869313	nan	1	1	new
2	6QwFUcPc5nhsqZuhXUYtV7	Tijolão - Ao Vivo	Jorge & Mateus	3407621	1	14	1	-1
3	72xB2J9ZeBl0Rzxq2XmzdY	Lençol Dobrado	João Gustavo e Murilo	3257904	3	2	3	0
4	5dKesZwp6deuhEeW8F1UEi	Hit Contagiante	Felipe Original	3225684	6	5	4	2
5	6V43u5SCjkfMpxMAXRPifr	Sentou e Gostou	MC JottaPê	3196144	5	8	5	0
6	3GmJxfnUDrIs1iCfKUELFz	Supera - Ao Vivo	Marília Mendonça	3183607	10	2	6	4
7	4E6RdcCWMiHTu7zy1VTNDo	Todo Mundo Vai Sofrer - Ao Vivo	Marília Mendonça	2912128	2	15	1	-5
8	4mkagJJ8AM1hzeyrgAJc3x	Te Amo Sem Compromisso	MC Doni	2839730	21	2	8	13
9	1U3tv41tFRgOfbytpuYQrR	Ferida Curada	Zé Neto & Cristiano	2797584	7	6	7	-2
10	26WpOBpHiIMoBuMEIwtOCH	Quando a vontade bater (Participação especial de PK Delas)	Pk	2674937	8	24	8	-2
11	1nqaSoiLuqevDes4S18sO7	Milu	Gusttavo Lima	2537317	9	9	8	-2
12	5q0NlM6Pm8Pp3orq7zGiRn	Quarta Cadeira - Ao Vivo	Matheus & Kauan	2531452	11	23	11	-1
13	2bbFhnxYjeb9jYEX2MDKLQ	Uma nora pra cada dia	MC Kevinho	2349141	12	9	5	-1
14	6sRLrSetyIwIKhW1eMlUNP	Vou Ter Que Superar - Ao Vivo	Matheus & Kauan	2339689	15	23	2	1
15	1xyVMQx51Kab6eLVtE6twx	Cobaia	Lauana Prado	2329102	14	55	6	-1
16	0WhDotK0QXigmsrlw0DxKK	Evoluiu	MC Kevin o Chris	2288133	13	19	2	-3
17	6v3KW9xbzN5yKLt9YKDYA2	Señorita	Shawn Mendes	2228621	16	5	12	-1
18	3Uq45ipGutypFPmETfaoaH	Gaiola É o Troco	MC Du Black	2196266	23	5	18	5
19	4k20Ie47EcWtS4wMBn8w8S	Invocada (Participação especial de Léo Santana) - Ao vivo	Ludmilla	2148323	27	5	19	8
20	7Gk5OrMYaMRtT2JmgJVAfk	Pupila	ANAVITÓRIA	2067332	18	8	18	-2
21	4lEw9Id7kLDSJ6KRdaenM9	Espaçosa Demais - Ao Vivo	Felipe Araújo	2063886	17	47	13	-4
22	4gDvg62vG96w0qJaF6wzcd	A Culpa é do Meu Grau (feat. Zé Neto & Cristiano) - Ao Vivo em Brasília	Diego & Victor Hugo	1953883	22	23	17	0
23	4jGzR5Vri06Y5T9SxM7m5P	Algo Mais (Amante) - Ao Vivo	Xand Avião	1858720	20	15	14	-3
24	2KyXyTrp3kp1Fsg7B1osYD	Para, Pensa e Volta - Ao Vivo	Yasmin Santos	1797080	24	9	24	0
25	3RbXsVQr4jeTxvT35Hssq3	Bebi Liguei - Ao Vivo	Marília Mendonça	1763804	19	27	4	-6
26	5fY9bVl1Wj4PIM3wnduWop	Serenata - Ao Vivo	Marília Mendonça	1747764	25	15	25	-1
27	2YpeDb67231RjR0MgVLzsG	Old Town Road - Remix	Lil Nas X	1699189	26	5	22	-1
28	2qiqXQ2Suc253bR7k9AKVD	Baile da Colômbia (Brega Funk) - Remix	MC Ysa	1643072	32	4	28	4
29	3tU3UAasaDA9OixXGC3O33	Fingindo Maturidade - Ao Vivo	Mano Walter	1612895	30	16	19	1
30	5rwdmpN5eMWIIwK4R96vv1	Malemolência	Dynho Alves	1571212	45	27	30	15
31	6l1PdE7lQbodewVQh16GCM	Sei Lá	Projota	1549021	33	18	29	2
32	3L2uyIJoJPjYkSETVNSPBQ	Não Abro Mão - Ao Vivo	Maiara & Maraisa	1520335	29	30	13	-3
33	7oEr56KG6odStlQH0nvdyr	Solteiro Não Trai - Ao Vivo	Gustavo Mioto	1489798	31	38	8	-2
34	6YjyT6MEMsMc41NNWk2dYg	Bebaça - Ao Vivo	Marília Mendonça	1461938	28	27	6	-6
35	5MMrkwK6AgNAsgHVdC7daZ	Péssimo Negócio (Ao Vivo)	Dilsinho	1449898	36	30	18	1
36	4eB8rsNNm5791m3uvEBNLR	Estado Decadente - Acústico	Zé Neto & Cristiano	1434361	35	33	10	-1
37	3CgZi8DMUftJHK6WL2gKc1	Um Pedido	Hungria Hip Hop	1428241	37	12	25	0
38	2FGhB10Gon36GgFcOTMQEW	Poesia Acústica #7: Céu Azul	Pineapple StormTv	1395557	34	8	24	-4
39	1oQppEGTHYN53xfEaTz4ua	Vai menina	Pedro Sampaio	1377411	43	24	30	4
40	49pu85144Xir6PgWjeyJhG	Flor Que Se Cheira - Ao Vivo	Guilherme & Benuto	1369223	40	16	40	0
41	2x8TNY9KwNvD19gVGs4WOP	Ela É do Tipo	MC Kevin o Chris	1359321	39	24	1	-2
42	3tA0vALUwrzkTgHcm9j6oJ	Notificação Preferida - Ao Vivo	Zé Neto & Cristiano	1349060	38	16	17	-4
43	31yFXM26dazFnWI2eoOM5R	Ela Vem	MC G15	1335501	53	10	43	10
44	5rNNZ6fVYxkhwqUfImVhU1	Brisa	IZA	1320198	48	19	39	4
45	2SgVsDXzET5EU8VngMh9dv	Senta braba	MC WM	1315865	44	17	23	-1
46	2H8ETIUEoN9YMf56X66bxd	Onda diferente (feat. Papatinho)	Anitta	1308241	41	21	4	-5
47	33g4LmRrWddOvMLnynSktj	Bagunça Minha Vida - Ao Vivo Em Goiânia / 2019	George Henrique & Rodrigo	1272569	52	18	31	5
48	5eMmT4Ava5BGThju0AD8vQ	Cem Mil - Ao Vivo	Gusttavo Lima	1269974	46	44	1	-2
49	3tu0GkIZwwkmILoD4HemBq	Bebe e Vem Me Procurar	Raí Saia Rodada	1253211	49	11	41	0
50	1lTsRXDMWFbsFjQGkbL5TX	Outro Dia	A Banca Records	1226648	54	8	46	4
51	1dGr1c8CrMLDpV6mPbImSI	Lover	Taylor Swift	1224519	nan	1	51	new
52	5cN5ZOVcYBl4Lnq50Zeqsx	Mágica - Ao Vivo	Matheus & Kauan	1212367	47	23	42	-5
53	2PqPSf3gtTED79rWGwVtYg	Áudio - Ao Vivo em Brasília	Diego & Victor Hugo	1200882	56	7	51	3
54	0hVXuCcriWRGvwMV1r5Yn9	I Don't Care (with Justin Bieber)	Ed Sheeran	1156308	50	7	29	-4
55	5U28PY9MekLyCBYtLHGQpe	Meu Abrigo	Melim	1147252	55	64	3	0
56	0nkDm27DGppCSk8dnGtvPa	Não sou obrigada	POCAH	1144097	57	21	16	1
57	13Rf6RaZT13TW4xLQR3MQr	Poesia Acústica #6: Era uma Vez	Pineapple StormTv	1134989	58	35	18	1
58	6i9ToXS6CAfjpp8veBklg1	Café	Vitão	1127150	59	24	51	1
59	72N0CRIAqjETbhghrkCUW2	Dois Enganados	Murilo Huff	1106292	60	13	49	1
60	0rUL7vUZmCKxB0gS83W3aM	Apaixonadinha - Ao Vivo	Marília Mendonça	1086451	61	15	54	1
61	01wavOnjFBNgdMWBFYIAP4	50 Vezes - Ao Vivo	Sorriso Maroto	1076996	66	14	55	5
62	1DFD5Fotzgn6yYXkYsKiGs	Piece Of Your Heart	MEDUZA	1065985	64	14	61	2
63	3vSXPjfcebTt5mB8DXHWM6	Dois Lados	Wesley Safadão	1060300	120	3	63	57
64	2kOmW169C7UV4SZDN9u0YO	Vidrado Em Você	Dj Guuga	1034548	76	8	64	12
65	1qCLx3nX25NuhfPjM5E1qV	Ouvi Dizer	Melim	1029971	63	58	13	-2
66	7sl95MXCpM8WWsaH1BqvR3	Do Copo Eu Vim (feat. Marília Mendonça) - Ao Vivo em Brasília	Diego & Victor Hugo	1025730	67	7	44	1
67	2Fxmhks0bxGSBdJ92vM42m	bad guy	Billie Eilish	1022809	72	22	30	5
68	3mNmUjoDHYDYj08IaRPtg0	Posto 24h (feat. Wesley Safadão) - Ao Vivo	Lucas Lucco	1021083	68	45	12	0
69	159ntSAEWJ9zIMOSXmQ530	choque térmico - ao vivo	Luan Santana	996078	nan	1	69	new
70	6hrV6KYL9zM8vFAbOSxFHY	Também Sei Fazer Falta - Ao Vivo	Israel & Rodolffo	994671	65	6	65	-5
71	3RauEVgRgj1IuWdJ9fDs70	The Man	Taylor Swift	991633	nan	1	71	new
72	0EZuXcsnjEmGuRYdFdcctX	Sem Sal - Ao Vivo	Marília Mendonça	978753	42	27	20	-30
73	51Fjme0JiitpyXKuyQiCDo	Lalala	Y2K	978347	nan	1	73	new
74	6ocbgoVGwYJhOv1GgI9NsF	7 rings	Ariana Grande	970443	69	29	11	-5
75	3NnW2EqJxvHYrRy3upaznl	Resenha lá em casa	MC Kevin o Chris	969730	70	8	63	-5
76	41GMwa6sCB3iA2aS5T30iE	Trip do Boyzinho	Boyzinho o Rei da Bregadeira	967799	79	5	68	3
77	1HEr5uCRyuuLlVCOB1RiTE	Garupa	Luísa Sonza	965006	71	11	5	-6
78	1qy7aOHnfnOMJoT1fhoLYG	Intenção - Ao Vivo	Marília Mendonça	962814	62	2	62	-16
79	7D5F5BzIon5zhzQrOU2pdN	Ciumeira - Ao Vivo	Marília Mendonça	955098	73	27	22	-6
80	6b2RcmUt1g9N9mQ3CbjX2Y	How Do You Sleep?	Sam Smith	944510	74	6	37	-6
81	3fLqmaO4vvZpFZSZy52VMp	Deixa (feat. Ana Gabriela)	Lagum	940689	78	64	28	-3
82	4pnlRYoaaGu24SuC3et5Pv	Saudade em Gotas (feat. Wesley Safadão) - Ao Vivo	Yasmin Santos	926232	128	2	82	46
83	0rIAC4PXANcKmitJfoqmVm	Motivation	Normani	915707	51	2	51	-32
84	78kar2tZk7655xZMibzXO3	Oi	Lagum	906181	94	6	84	10
85	5EKHbW7mXcAR4hCyS3YXjb	Atrasadinha - Ao Vivo	Felipe Araújo	897709	77	49	1	-8
86	1zI3RU0boCVsAXChjCvESu	Até que enfim - Ao vivo	Ferrugem	896943	95	6	80	9
87	64ePZsgVWO1zRVpHxY2VYC	Maturidade (feat. Matheus & Kauan)	Avine Vinny	873942	88	18	87	1
88	34D0w6kVzuQ35vyHIFrWTC	Do jeito que tu gosta	Pk	865922	87	2	87	-1
89	6vBdBCoOhKHiYDDOcorfNo	Goodbyes (Feat. Young Thug)	Post Malone	865041	84	8	51	-5
90	704li4NOyKCQY6qNdoEW5n	Melhor Saída - Ao Vivo	Lauana Prado	864043	81	17	53	-9
91	4Lxv5hGnHOUYBVeDgWgcaP	Long Neck - Acústico	Zé Neto & Cristiano	863018	90	33	36	-1
92	1FIaoiLn0E5ilfE5T0P9xx	Então Vem Cá - Ao Vivo	Mano Walter	851608	83	16	48	-9
93	6pgoGpBkKUvXrrU95j0khl	Cidade Vizinha - Ao Vivo	Henrique & Juliano	850162	91	47	6	-2
94	4a5GPCo8oX4vvaRkciKlih	Obrigado por Estragar Tudo - Ao Vivo	Marília Mendonça	841688	82	21	59	-12
95	1BxfuPKGuaTgP7aM0Bbdwr	Cruel Summer	Taylor Swift	841638	nan	1	95	new
96	2VxeLyX666F8uXCJ0dZF8B	Shallow	Lady Gaga	832201	89	47	3	-7
97	1OUPXna2MCgAt3VNmXJBtg	Bola Rebola	Tropkillaz	830435	92	27	1	-5
98	0J6cINt02c8UQqDG7vLShY	Gelo	Melim	827575	nan	1	98	new
99	4mtHXZBOBMrZSI6jp3X9WJ	Espelho Meu - Ao Vivo	Henrique & Diego	824790	97	30	46	-2
100	0IQCOAw9ZAI6WnXIrl481F	Hoje Eu Vou Parar Na Gaiola	Mc Livinho	821144	99	42	5	-1
101	1xg3EbmhAr1cfNOA55pvKH	Pesquisa no Google (feat. Henrique & Diego) - Ao Vivo	Turma do Pagode	820099	108	23	66	7
102	1ekX8JX7LF3AyxI0nyOzvB	Santo Forte (Ao Vivo) (feat. Luan Santana)	Dilsinho	817351	102	30	52	0
103	0XEJ7eph2IWFYZc73Jm3n2	Infarto	Diego & Victor Hugo	811060	96	42	9	-7
104	0Ryd8975WihbObpp5cPW1t	boyfriend (with Social House)	Ariana Grande	807835	86	4	32	-18
105	4xwPOyN9VgaTPehdsLiYul	Dois Corações	Melim	806125	101	20	101	-4
106	1G60NjxeOS7veR1EXuKPaW	Fake News - Ao Vivo	Gustavo Mioto	801342	104	16	104	-2
107	6PrHpASrdyqydEKc8JFmEX	Tiro Certo - Ao Vivo	Zé Felipe	800204	100	11	76	-7
108	6d9GEfxIyQiEtuG1EVBF5m	Garupa, Pt. 2	Dj Henrique de Ferraz	796726	106	18	63	-2
109	5iwz1NiezX7WWjnCgY5TH4	Calma - Remix	Pedro Capó	793302	105	19	64	-4
110	235BOGYon3gz23rKrtNwle	Morena	Vitor Kley	792963	nan	1	110	new
111	23GNCotvXa7WPvgYuruJjE	Para não	MC WM	792945	144	2	111	33
112	0wryAFpQqHTvhteQx7ZNp2	Edredom	Vitão	790659	109	9	89	-3
113	7E5cJjrgYLHo13pI0hpmWw	Não Atende Não	Wesley Safadão	787218	107	37	40	-6
114	0H8CBal2Dcu5Yc001VotZN	Dona de mim	IZA	785169	93	48	26	-21
115	2SC14LGDbRWRlyLg9Wupa0	Faz Gostoso (feat. Anitta)	Madonna	781140	98	11	8	-17
116	7FiIQXpIeLo3ITfGGpb8PB	Vamos pra Gaiola	MC Kevin o Chris	776032	110	33	2	-6
117	0h1mVA8gOPR71lxSeY67uT	Fica à vontade	Pedro Sampaio	769345	126	2	117	9
118	4iANxSIDT3kGekiquMSAgT	Embrasa	Vitão	765711	115	24	115	-3
119	0F7FA14euOIX8KcbEturGH	Old Town Road	Lil Nas X	761874	114	5	98	-5
120	4UANYptjv2kpV6IY7IjXoJ	Bem Pior Que Eu - Ao Vivo	Marília Mendonça	759275	103	27	50	-17
121	3wB81eGupHVv9W4mF9IsHh	Facilita	MC Kevinho	749253	121	23	34	0
122	5JZufG8AcnMvCOeFoMFExv	Pro Nosso Bem - Ao Vivo	Gustavo Mioto	745703	116	23	66	-6
123	2dpaYNEQHiRxtZbfNsse99	Happier	Marshmello	745501	111	54	43	-12
124	6iW38RGqdDGOofmz2HeXLW	Piece Of Your Heart - Alok Remix	MEDUZA	741690	119	10	108	-5
125	4oRI9c4EmcKo9kbgVM8zWP	Nem Tchum - Ao Vivo	Maiara & Maraisa	737140	118	7	118	-7
126	0BNGeZfk8vEB5uXM6z8MBy	Abandono de Incapaz - Ao Vivo	Marília Mendonça	732397	80	2	80	-46
127	5M8qHiAV6b0jo3phlyhxcR	Aperte O Play - Ao Vivo	Simone & Simaria	730604	113	20	80	-14
128	3NpRkAnxexTh4TklAZNjag	Bye Bye	Mc Don Juan	719828	122	24	28	-6
129	4aC48Yffpsw01b7sBJxase	Rabetão no Chão	Mc Th	718319	125	33	62	-4
130	7KqeDL2CLfxSKSxtofrWOI	Cara Feio - Ao Vivo	Fernando & Sorocaba	717608	152	6	55	22
131	6RRNNciQGZEXnqk8SQ9yv5	You Need To Calm Down	Taylor Swift	705493	nan	1	131	new
132	3KkXRkHbMCARz0aVfEt68P	Sunflower - Spider-Man: Into the Spider-Verse	Post Malone	700684	123	34	56	-9
133	5GHA824FwkHeBl5u1T6kLj	Namorada Reserva - Ao Vivo	Hugo & Guilherme	693801	127	5	123	-6
134	4H9vyrlKZpzd1FW3oupnzD	Credo que delícia	MC Kevinho	690076	nan	1	134	new
135	5aayWOEE7u7bxZ3r7dwIrX	Meu talismã	IZA	668783	nan	1	135	new
136	0pqnGHJpmpxLKifKRmU6WP	Believer	Imagine Dragons	668381	129	58	71	-7
137	43rA71bccXFGD4C8GOpIlN	I Forgot That You Existed	Taylor Swift	668340	nan	1	137	new
138	2dEkETSUpO8oZoCOcKT1yN	Tonelada de Solidão (feat. Ferrugem) - Ao Vivo	Marcos & Belutti	665901	131	29	38	-7
139	0h9xMQP3ctuibd4Ce2037O	Supera - Ao Vivo	Péricles	660876	147	10	129	8
140	2lm3Ric7MeBk8hLfsiVokr	Pouco a Pouco (Ao Vivo) (feat. Sorriso Maroto)	Dilsinho	659798	146	30	138	6
141	59WWulo1LM0njpIkcduCMn	Tão Linda	Atitude 67	659115	142	4	141	1
142	5lYKob6hewwt3dcy5kWMfF	Praia do Rosa - Acústico	Oriente	657782	135	39	61	-7
143	6osaMSJh9NguagEDQcZaKx	Loco Contigo (feat. J. Balvin & Tyga)	DJ Snake	654832	141	5	141	-2
144	0aUGXSCmdJz9I9kdY9e9kk	Love À Queima Roupa - Ao Vivo	Marília Mendonça	654572	132	24	81	-12
145	70eFcWOvlMObDhURTqT4Fv	Beautiful People (feat. Khalid)	Ed Sheeran	649454	130	7	53	-15
146	7KdcbYcVF8LkQeQcTYOixJ	Vingança - Ao Vivo	Luan Santana	647649	139	50	4	-7
147	3X4vxzjSiCtmZY2QRumOKW	Favela chegou - Ao vivo	Ludmilla	643828	137	13	45	-10
148	214nt20w5wOxJnY462klLw	Miss Americana & The Heartbreak Prince	Taylor Swift	641717	nan	1	148	new
149	6Diq6oBnDVzsrNcRllXRbM	Maldita de Ex	Mc Leozin	634789	158	2	149	9
150	3h3fui1QXImL2zRcs9v2Lc	A Casa É Sua	Casa Worship	634639	145	10	136	-5
151	6XGhqvxCMCcBy5XiqG7SWV	Igual Ela Só Uma	Wesley Safadão	632808	136	20	3	-15
152	4vKxWENeZqTDREw1ij7Oen	Medalha de Prata (feat. Maiara & Maraisa) - Ao Vivo	Zé Felipe	622513	187	3	126	35
153	1EQ8sBQ7Abv9DvNBzhXAcv	Pra Você Guardei O Amor	Nando Reis	619271	140	53	121	-13
154	7Cpd4UGXnTrloIgZpSs46e	Passa Mal - Ao Vivo	Marília Mendonça	616161	133	27	64	-21
155	30AgVEbyzQzDofQgikkD99	sofrendo feito um louco - ao vivo	Luan Santana	614772	nan	1	155	new
156	2Rk4JlNc2TPmZe2af99d45	ME! (feat. Brendon Urie of Panic! At The Disco)	Taylor Swift	606966	nan	1	156	new
157	2lAyctg5FocS67eksHoyIg	Quem Me Dera	Márcia Fellipe	606032	138	38	4	-19
158	76A0QqpRJQwn3NCqqlNlqi	Volta Vai (feat. Simone & Simaria) - Ao Vivo	Avine Vinny	603612	148	4	56	-10
159	3Vc8vnid3noqupe9PvUKxP	Dizeres	Lourena	602649	151	31	65	-8
160	3TvRRQj7qg8GOD612X9hKT	Namorar Não Dá	MC Kevin o Chris	601769	154	8	146	-6
161	2Xr33epIjw1fbwOhrng4Pd	Sofro Onde Eu Quiser	Yasmin Santos	594822	155	16	92	-6
162	1idjI8gtxgHjy8KyZamY6o	Então Vou Avisar - Ao Vivo	Yasmin Santos	594445	85	14	43	-77
163	4NLfKIsRhP1cve1kcrYg40	Online	Gusttavo Lima	593722	198	7	135	35
164	1qDZnViQgUItsMpWLVwfGb	Fica - Bonus Track	ANAVITÓRIA	589971	156	96	24	-8
165	3bR8wBqLky6b61ROJlaBEF	Ai, Amor	ANAVITÓRIA	584959	170	56	32	5
166	6MhQepBa5fq6GAeOKBlUd2	O Sol	Vitor Kley	583238	nan	1	166	new
167	2vHshN6rsDYqoiZlMhfRpo	Balão	Orochi	581496	153	2	153	-14
168	2srL4DYBekshpbprS6H0mO	Deixe Me Ir - Acústico	1Kilo	581175	162	119	1	-6
169	660eekzsNZ7sdATvfIsAkR	Fuego (with Sean Paul & Anitta, feat. Tainy)	DJ Snake	579961	134	5	96	-35
170	3Hb9kUdm4yf839Fle4RIdT	Parado no Bailão	MC L da Vinte	570847	168	48	1	-2
171	2ksOAxtIxY8yElEWw8RhgK	China	Anuel AA	570307	179	4	171	8
172	4ABwmZSNZPHqH2cXPhKgfH	Enchendo e Derramando	Zé Neto & Cristiano	565052	150	16	101	-22
173	4y5bvROuBDPr5fuwXbIBZR	Paper Rings	Taylor Swift	564236	nan	1	173	new
174	11DkUDkBt9kaha1QRnuCMU	Regras - Ao Vivo	Diego & Arnaldo	562916	164	24	67	-10
175	0R4dwzW253KTxchGryT1H6	Mandona - Acústico	Oriente	561967	169	15	153	-6
176	1F46LaY3gYpvL2r534FeWs	Respeita o Nosso Fim - Ao Vivo	Gusttavo Lima	561547	180	44	112	4
177	055TcJ0BdCrW7qE8Yq5KRM	Bye Bye - Ao Vivo	Marília Mendonça	561149	160	27	78	-17
178	3pHkh7d0lzM2AldUtz2x37	The Archer	Taylor Swift	560180	nan	1	178	new
179	5e0CF6LhfPARWyiu4eFohr	Você Não Ama Ninguém	Pineapple StormTv	558097	171	18	97	-8
180	6YNCE5qtrTa7YcnAOAEsDQ	Apenas Mais uma de Amor	Lulu Santos	555460	172	72	111	-8
181	5mFn4teAi2HMi7kRHliyFL	Surto De Amor - Ao Vivo Em Uberlândia / 2018	Bruno & Marrone	552815	165	24	23	-16
182	5G3NKZf1Gqs7dQnY4Miliy	Olha Pro Oclin	Sidoka	551622	189	2	182	7
183	5yH8pYxNckOU1cxfPsMIaz	Agora é Tudo Meu	Dennis DJ	550397	167	38	3	-16
184	709F4UQ2uKplKvcD88xffa	Nave Espacial - Radio Edit	Liu	545332	196	5	184	12
185	6Qs4SXO9dwPj5GKvVOv8Ki	Dancing With A Stranger (with Normani)	Sam Smith	543789	166	33	60	-19
186	2odzriVVZBwYOiYJEj30tm	Pouca Pausa	Clau	541610	161	63	8	-25
187	2vRBYKWOyHtFMtiK60qRz7	Trevo (Tu)	ANAVITÓRIA	541248	186	61	99	-1
188	2X8sssaxS5GReg6945B6RW	Só Pra Castigar	Wesley Safadão	538959	177	50	4	-11
189	3yNZ5r3LKfdmjoS3gkhUCT	bad guy (with Justin Bieber)	Billie Eilish	538333	143	7	71	-46
190	0wshnPflQAjMVaCDIraSWk	Teste da Mãozinha - Ao Vivo	Hugo & Guilherme	537246	183	7	128	-7
191	0EyxB6uQOUC4ex2tbJuu6m	Deixa Eu Te Chamar de Meu Amor	Breno & Caio Cesar	537241	176	30	95	-15
192	7rLegaz7zKB6EtDNzcslKE	Medley da Gaiola - Dennis DJ Remix	MC Kevin o Chris	536883	184	52	4	-8
193	7qiZfU4dY1lWllzX7mPBI3	Shape of You	Ed Sheeran	535663	163	138	1	-30
194	6PqUdUGS4h5aGY7YyEGXr8	All The Lies	Alok	535373	157	23	14	-37
195	1uryupl9hqVZYurJwH4G9k	3 Batidas - Ao Vivo	Guilherme & Benuto	535332	173	2	173	-22
196	2JVbZEpewmqNlSzmXJTx2E	Favela	Alok	533516	159	54	4	-37
197	09Q3su74ehVmR87tA3msB9	Eu Não Iria - Ao Vivo	Gusttavo Lima	531360	192	30	141	-5
198	37Xnka0c1qea5wagV91UIl	Casal Raiz - Ao Vivo	Xand Avião	529774	178	17	29	-20
199	11Y1IGMIThaxu4ijcXRNYs	Nem de Graça	Pixote	528439	191	4	182	-8
200	6HaTYIUKd8SzdvGOfutBRD	Poesia Acústica #2: Sobre Nós	Delacruz	526886	195	84	91	-5
