position	song_id	song_name	artist	streams	last_week_position	weeks_on_chart	peak_position	position_status
1	6pSYjx66rlqRmGGTHhnjCo	Fazer Falta	Mc Livinho	2613101	2	7	1	1
2	05rJdH2MRLJ3sQoEUO78qs	Paradinha	Anitta	2522500	1	8	1	-1
3	5gUFvcHTgDNthj7DmZl2L7	Sua Cara (feat. Anitta & Pabllo Vittar)	Major Lazer	2446131	4	6	2	1
4	1J0iYsJuVhqfDhBoSLuO9A	K.O.	Pabllo Vittar	2420975	3	13	3	-1
5	7qiZfU4dY1lWllzX7mPBI3	Shape of You	Ed Sheeran	1881399	5	28	1	0
6	1a5Yu5L18qNxVhXx38njON	Hear Me Now	Alok	1737914	7	29	1	1
7	5CtI0qwDJkDQGwXD1H1cLb	Despacito - Remix	Luis Fonsi	1737362	6	14	1	-1
8	25C5CowdsfXld2jJanbiex	Sorry Not Sorry	Demi Lovato	1699337	36	2	8	28
9	06ZpMjkNdIDKVf3mK29UiC	Never Let Me Go	Alok	1643942	8	11	5	-1
10	4JAyIDXOqNM6qHuZML01uX			1609721	nan	1	10	new
11	4FHw39Ke6pVt5tNKvLr4r3	Vidinha de Balada - Ao Vivo	Henrique & Juliano	1580093	9	24	5	-2
12	6gquljDBW7rE6mCBzmTRxo	Raspão - Ao Vivo	Henrique & Diego	1557718	10	29	10	-2
13	4YV827A7aWVswtyt0eWoWM	Sorte Que Cê Beija Bem - Ao Vivo	Maiara & Maraisa	1439947	11	25	11	-2
14	4BjPsq3MXBNo4Qxg40igEr	Cara Bacana	MC G15	1414602	23	6	14	9
15	1zhfU6YXa2pXUAQdG1NvBZ	Vai Embrazando	Mc Zaac	1411429	12	18	2	-3
16	2srL4DYBekshpbprS6H0mO	Deixe Me Ir - Acústico	1Kilo	1405340	19	9	16	3
17	7KBfjlQ85Fqs2MCCvXSW0c	Bum Bum Tam Tam	MC Fioti	1378645	15	18	6	-2
18	2d3TbSkAscvT3QRQalq6uT	Te Assumi Pro Brasil - Ao Vivo	Matheus & Kauan	1357718	13	29	6	-5
19	2evRcqkyzWqaD9DJtP2oaU	Rabetão	MC Lan	1348503	14	15	9	-5
20	4F6wWmmWUG7MxMp0Yva7Qk	Tô Apaixonado Nessa Mina	MC Kevinho	1323279	16	6	16	-4
21	1e315r3zQjsng2z952ePQ1	Ninguém É de Ferro	Wesley Safadão	1308598	18	23	13	-3
22	0u8aj0c4IxeVSLTUuuq9V5	Você Partiu Meu Coração	Nego do Borel	1294289	17	27	1	-5
23	6UZJOc2HBrTp9DYfir9N8n	Regime Fechado - Ao Vivo	Simone & Simaria	1250534	21	29	21	-2
24	1bUazU9SSOh02AdlOPeTvm	O Grave Bater	MC Kevinho	1235745	20	17	4	-4
25	44mr3ypWNHa0inr3heiOb2	Medida Certa	Jorge & Mateus	1208965	22	12	22	-3
26	7l4DyFrK2CpW9Fdpzaio8r	Ar Condicionado no 15 - Ao Vivo	Wesley Safadão	1199387	25	9	25	-1
27	1OAh8uOEOvTDqkKFsKksCi	Wild Thoughts (feat. Rihanna & Bryson Tiller)	DJ Khaled	1198853	30	5	27	3
28	6zZw7RPIs3IxDghP4UvWcY	Esqueci Como Namora	Nego do Borel	1197982	45	6	28	17
29	2x67AU9q3lf7cfPSzxCDsL	De Trás Pra Frente - Ao Vivo	Henrique & Juliano	1167888	38	2	29	9
30	40bK2uosUmAS92c17n98xd	Acordando o Prédio	Luan Santana	1152732	24	24	8	-6
31	257tme6AhneIKAqVF1HTH4	Loka	Simone & Simaria	1133545	28	28	4	-3
32	4aWmUDTfIPGksMNLV2rQP2	Despacito (Featuring Daddy Yankee)	Luis Fonsi	1126807	26	25	3	-6
33	6cbZb9mVAc5s8HtwklLoI0	Cheguei	Ludmilla	1124028	27	15	21	-6
34	2rb5MvYT7ZIxbKW5hfcHx8	Mi Gente	J Balvin	1092160	56	3	34	22
35	3DXncPQOG4VBw3QHh3S817	I'm the One (feat. Justin Bieber, Quavo, Chance the Rapper & Lil Wayne)	DJ Khaled	1085328	31	8	10	-4
36	2Q4zHSJgtlc9mWoWQXpSJX	Sua Amiga Vou Pegar	MC WM	1085010	29	11	27	-7
37	4sVkydp30HWLjOvF2ILbGy	Cê Acredita	João Neto & Frederico	1083083	33	8	33	-4
38	6RUKPb4LETWmmr3iAEQktW	Something Just Like This	The Chainsmokers	1073743	34	21	10	-4
39	3RXkboS74UYzN14xTqzPyY			1059213	nan	1	39	new
40	1Bq86AS6wf5a5cEB8CM6dZ	Exclusividade - Ao Vivo	Matheus & Kauan	1036855	32	20	29	-8
41	0lwrkYbCwtAWTI0OIWEnd6	Fica	ANAVITÓRIA	1011291	40	13	26	-1
42	0tKcYR2II1VCQWT79i5NrW	Thunder	Imagine Dragons	1010000	41	9	29	-1
43	6bgQIw80xWC3MPZX4kVYGw	Trevo (Tu)	ANAVITÓRIA	989519	39	25	25	-4
44	0qYTZCo5Bwh1nsUFGZP3zn	Felices los 4	Maluma	986842	50	12	44	6
45	2GfxgssRHvY1azHtaRqKoK	Paredes - Ao Vivo	Jorge & Mateus	986188	37	29	16	-8
46	4eZg3l8x5aMvgwsRHcZuIC	Qual Bumbum Mais Bate, Qual Bumbum Mais Pula	MC WM	943411	44	19	11	-2
47	5hkjlU7sUcZb9wOYd1eRBE	Eu Era	Marcos & Belutti	940809	46	14	41	-1
48	5SnQDj5REQVvAdSlhqkEcE	Malbec (Part. Dennis Dj) - Ao Vivo	Henrique & Diego	940063	42	29	9	-6
49	6m2LNopVJKsvBB9l7Z1rwn	Olha a Explosão	MC Kevinho	936784	43	29	3	-6
50	4iLqG9SeJSnt0cSPICSjxv	Attention	Charlie Puth	865615	54	12	38	4
51	6AaoEX192rJ6o3UFwG43sV	Automaticamente	Dennis DJ	845740	53	21	36	2
52	3eFJqPe8VUYrABbFjSauuj			838619	nan	1	52	new
53	6vve9WKW5I7fQzkU8dNsUE	E Essa Boca Aí? - Ao Vivo	Bruninho & Davi	798058	49	28	10	-4
54	6kex4EBAj0WHXDKZMEJaaF	Swalla (feat. Nicki Minaj & Ty Dolla $ign)	Jason Derulo	793367	55	18	26	1
55	4sFVdIwmVj2y87qqOWwSU3	Se o Amor Tiver Lugar	Jorge & Mateus	790694	47	25	26	-8
56	79cuOz3SPQTuFrp8WgftAu	There's Nothing Holdin' Me Back	Shawn Mendes	779525	51	13	39	-5
57	2kVHAQKVtczchKctctzbtK	Swish Swish	Katy Perry	777798	48	7	16	-9
58	5bcTCxgc7xVfSaMV3RuVke	Feels (feat. Pharrell Williams, Katy Perry & Big Sean)	Calvin Harris	772256	65	4	58	7
59	2Gvn46nwyQhUnQiFhlP7WX	Como Faz Com Ela - Ao Vivo	Marília Mendonça	765154	52	29	22	-7
60	3iDY4SzUHPkC3WTXpfxXJG	Todo Dia	Pabllo Vittar	762782	60	26	41	0
61	2KGv51jgAz8OTjNPyRryfq	Pra Sempre Com Você - Ao Vivo	Jorge & Mateus	745940	57	29	35	-4
62	0jIitZeIQRTaZgFQf2WpGK	Decide Aí - Na Praia / Ao Vivo	Matheus & Kauan	745173	58	29	13	-4
63	3LFG5DqNQRK0yL6WNMw99P	Ciumento Eu - Ao Vivo	Henrique & Diego	729639	63	27	34	0
64	61GiOLLEn0LcavpVu1my6Q	Fuego	Alok	724173	61	20	21	-3
65	0KKkJNfGyhkQ5aFogxQAPU	That's What I Like	Bruno Mars	696656	62	22	21	-3
66	4YhPcVIxIAJrLhFVPGbJkE	De Quem É a Culpa? - Ao Vivo	Marília Mendonça	687828	66	27	24	0
67	6P8v1a8jyfwG5kc7Si1kUp	Amante Não Tem Lar - Ao Vivo	Marília Mendonça	686755	nan	11	67	re-enter
68	6zCqeUUqLb2CapBmVwAHll	Meu Coração Deu PT - Ao Vivo	Wesley Safadão	683893	67	29	7	-1
69	0afhq8XCExXpqazXczTSve	Galway Girl	Ed Sheeran	679442	69	20	25	0
70	2wFnRPjuqwNySFiK0Qfg8L	10% - Ao Vivo	Maiara & Maraisa	675386	64	29	6	-6
71	1SJtlNRJDeYHioymcvsqev	Crying in the Club	Camila Cabello	670622	68	9	7	-3
72	77TElJdpImw8cSv6t4mCIr	Open The Tcheka	MC Lan	640691	70	14	24	-2
73	6EpRaXYhGOB3fj4V2uDkMJ	Strip That Down	Liam Payne	639875	75	9	66	2
74	3B54sVLJ402zGa6Xm4YGNe	Unforgettable	French Montana	626940	82	2	74	8
75	2wc8HF4fqX4oPBuZnadO8t	Lei do Retorno	Mc Don Juan	621819	76	5	75	1
76	1bEtvMQ0iUiwxI8Q909WJZ	Ressaca de Saudade	Wesley Safadão	617951	74	7	74	-2
77	0dA2Mk56wEzDgegdC6R17g	Stay (with Alessia Cara)	Zedd	607162	73	21	32	-4
78	0CcQNd8CINkwQfe1RDtGV6	Believer	Imagine Dragons	606505	71	21	38	-7
79	6ALXhCtReKYxst5J0hWE2z	Linda	Projota	604961	nan	1	79	new
80	3ao5U0ksMLvgSoJqOpsgmv	Oh Nanana	Bonde R300	588284	78	5	78	-2
81	6jA8HL9i4QGzsj6fjoxp8Y	There for You	Martin Garrix	575135	79	8	71	-2
82	02LZ1fGJE8fB56yTlCVMEV	Switch	Iggy Azalea	563691	77	9	3	-5
83	1louJpMmzEicAn7lzDalPW	No Promises (feat. Demi Lovato)	Cheat Codes	534357	85	16	64	2
84	0YK4RDyccDYO5aWQGKMZ2h	Chave Cópia - Ao Vivo	Felipe Araújo	533116	81	16	81	-3
85	0tnkjhlQ1mBg8s5guCo9fs	Grave Faz Bum	MC WM	532297	72	13	63	-13
86	2habSXqcJGExM6JJyskY7O	Malibu	Miley Cyrus	522114	88	10	17	2
87	6arll1Y1aPC7FZqZsHnSsP	Avisa Que Eu Cheguei	Naiara Azevedo	507725	83	10	83	-4
88	5NNlUMcOEOdoOIwwaWXv0k	Cold	Maroon 5	506653	90	22	31	2
89	3bVbQvGVIe4n24AzyXovXh			502670	nan	1	89	new
90	2lLOaRPi8yQxQ8BlFZBLOl	Papel Amassado - Ao Vivo	Matheus & Kauan	500708	84	21	54	-6
91	2PS6YQ9jMpm0uCg4sQ1ygm	Oh Novinha	Mc Don Juan	494795	97	26	20	6
92	5knrAEjUMh6T2kDCN7YD2b	Sun Goes Down	Bruno Martini	491579	105	4	92	13
93	6mICuAdrwEjh6Y6lroV2Kg	Chantaje (feat. Maluma)	Shakira	486269	89	29	13	-4
94	2mL3B5GilTm4dUT6P8LVpd	Pode Se Soltar	Jerry Smith	479018	101	6	94	7
95	4SjkLzyFBVXaxuB6SbJyJN	Eu Sei de Cor - Ao Vivo	Marília Mendonça	472535	91	21	55	-4
96	3YSagrvQP9x32rAjEI48PL	Raplord	Haikaiss	471737	92	18	10	-4
97	2ekn2ttSfGqwhhate0LSR0	New Rules	Dua Lipa	471124	136	2	97	39
98	4pLwZjInHj3SimIyN9SnOz	Side To Side	Ariana Grande	470183	94	29	20	-4
99	6BPt2sVRvE41rUixcCAHY6	A Mala É Falsa - Ao Vivo	Felipe Araújo	467536	103	29	67	4
100	2CW04trIoYMbroZWDzPAjs	Medo Bobo - Ao Vivo	Maiara & Maraisa	464875	93	29	5	-7
101	7LEydI5NfjY6mZfKwYIptZ	Down	Fifth Harmony	460207	114	7	27	13
102	7wsm2QsZansrVnWmDsWs1w	Menina Pipoco	Fernando & Sorocaba	457565	nan	1	102	new
103	4FxumkF81ICxITeqxx4nK9	Sim ou não (participação especial Maluma)	Anitta	456512	95	29	10	-8
104	7BKLCZ1jbUBVqRi2FVlTVw	Closer	The Chainsmokers	455387	96	29	3	-8
105	5aAx2yezTd8zXrkmtKl66Z	Starboy	The Weeknd	452197	100	29	6	-5
106	2eMwDehkIC1j68U6FA3Eiq	XO TOUR Llif3	Lil Uzi Vert	451182	106	10	106	0
107	0GR7ZABhVF9GbxghIx2RRv	Nada Nada - Ao Vivo	Henrique & Juliano	445263	99	29	44	-8
108	45wqPwIH4A5cr2IyyD4WKf	Eu Sei de Cor - Ao Vivo | Acústico	Marília Mendonça	443036	102	29	4	-6
109	0Zu7NVn4IvfYuEIrD11UVr	Na Hora da Raiva - Ao Vivo	Henrique & Juliano	440391	98	29	35	-11
110	56gpstNB96id9ngmImIkaH	Quem Mando Tu Terminar? (To Bonito To Né?)	MC Kekel	440108	112	23	21	2
111	3A1LphuJ5lQD6NjPtxtYFh	Aquela Pessoa - Ao Vivo	Henrique & Juliano	437546	118	2	111	7
112	3eGK0WFi6ISJ9UZA6Za4HX	Singular	ANAVITÓRIA	436053	107	29	52	-5
113	4BQMlG5VKApk9AdIsjxDqx	A Nossa Praia - Ao Vivo	Matheus & Kauan	419720	104	23	63	-9
114	6TmmyW0fR8mo3ACj07lGmO	Oh Meu Deus	Projota	418710	126	25	63	12
115	5Ohxk2dO5COHF1krpoPigN	Sign of the Times	Harry Styles	418593	109	15	18	-6
116	3twpVbHfTCpgHNlStxfpzx	Até Ex Duvida - Ao Vivo	Day e Lara	415054	108	29	90	-8
117	3NdDpSvN911VPGivFlV5d0	"I Don’t Wanna Live Forever (Fifty Shades Darker) - From ""Fifty Shades Darker (Original Motion Picture Soundtrack)"""	ZAYN	413898	111	29	10	-6
118	6fxVffaTuwjgEk5h9QyRjy	Photograph	Ed Sheeran	412008	130	29	65	12
119	0EPxmvsG1BY5td4aTOkWBF	Deu Onda	MC G15	410769	120	29	1	1
120	2RL74ODWD3YGcHIhNeJvNN	O Céu Explica Tudo - Ao Vivo	Henrique & Juliano	410297	121	2	120	1
121	4aAq1afusFG6jRiOSHQZvN	Tumbalatum	MC Kevinho	406158	125	29	16	4
122	5EnYT6F7wEcdege6mDHEfO	Signs	Drake	405884	117	2	117	-5
123	4c2W3VKsOFoIg2SFaO6DY5	Your Song	Rita Ora	403901	139	3	123	16
124	3a1lNhkSLSkpJE4MSHpDu9	Congratulations	Post Malone	403766	128	10	124	4
125	4gvePWCd0GfkC40QshflUy	Cheia de Marra	Mc Livinho	403539	135	29	79	10
126	5bm2GTEiU87Z95jX03y2Qk	Do Teto Ao Chão - Ao Vivo	Matheus & Kauan	397352	110	22	59	-16
127	1WCn5QBp0Kl9uHrR0J02GS	Vou Voando - Ao Vivo	Jorge & Mateus	394793	115	29	43	-12
128	7KXjTSCq5nL1LoYtL7XAwS	HUMBLE.	Kendrick Lamar	393257	127	16	49	-1
129	4PNi30UilK0CZi2z9wegMQ	Deixa a Gente Quieto - Ao Vivo	João Bosco & Vinicius	393147	113	29	103	-16
130	5xVJU6DJHnmHnbbKS56yCC	4 da manhã	UM44K	393127	133	7	126	3
131	5Bc53chGSf3AoJRbB5mzR6	Ficadinha - Ao Vivo	Henrique & Diego	391207	123	23	83	-8
132	6520aj0B4FSKGVuKNsOCOi	Chained To The Rhythm	Katy Perry	390424	116	21	4	-16
133	4pdPtRcBmOSQDlJ3Fk945m	Let Me Love You	DJ Snake	389333	131	29	11	-2
134	41mt7YrfLrIc4EQJZFCJtw	Como É Que a Gente Fica - Ao Vivo	Henrique & Juliano	385342	140	29	25	6
135	5knuzwU65gJK7IF5yJsuaW	Rockabye (feat. Sean Paul & Anne-Marie)	Clean Bandit	385304	124	29	25	-11
136	6A569zyv8nT8xyFYYGqC6C	Era uma Vez	Kell Smith	381179	153	3	136	17
137	12wiyBZqQ3mOU7AfygXJCw	Homem de Família - Ao Vivo	Gusttavo Lima	380786	86	29	28	-51
138	2TihKW8ShdEEhKN3PSDEIq	Mais Amor e Menos Drama - Ao Vivo	Henrique & Juliano	378787	150	2	138	12
139	3Ytr1SUCUi6J3L9dRFx5iH	Know No Better (feat. Travis Scott, Camila Cabello & Quavo)	Major Lazer	378640	152	7	105	13
140	41giJO7qvEwRzG2SV4FMOt	Modo Sofrimento - Ao Vivo	Henrique & Juliano	377616	137	2	137	-3
141	6zgtb7ZZMwljosb3TLoPdI	Não Passa Vontade - Ao Vivo	Henrique & Juliano	376348	141	2	141	0
142	1x5sYLZiu9r5E43kMlt9f8	Symphony (feat. Zara Larsson)	Clean Bandit	376147	142	17	101	0
143	4Hf7WnR761jpxPr5D46Bcd	Treat You Better	Shawn Mendes	375747	129	29	38	-14
144	68EMU2RD1ECNeOeJ5qAXCV	We Don't Talk Anymore	Charlie Puth	372289	138	29	66	-6
145	2yGnStdGP0V45lPXAJpmDb	Agora Eu Quero Ir	ANAVITÓRIA	371426	147	29	51	2
146	5LVWGCl4mjGFXDIvQbOGvr	Nessas Horas - Ao Vivo	Matheus & Kauan	368267	161	6	146	15
147	7i2DJ88J7jQ8K7zqFX2fW8	Now Or Never	Halsey	365707	143	4	73	-4
148	0NiXXAI876aGImAd6rTj8w	Mama	Jonas Blue	365472	160	2	148	12
149	5mR5GuercvLXgx4TPnGl9k	Mordida, Beijo e Tapa	Naiara Azevedo	362306	132	18	132	-17
150	4jswhbcaGqFe8v5uSHlqyb	O Verão Está Chegando	Mc Davi	360970	159	29	28	9
151	66O1SfDryBYk9i3RcV5AXq	Trem-Bala - Acústico	Ana Vilela	356795	146	10	95	-5
152	1LTxGBL6yKtfmW3K8EvbSY	Partiu	MC Kekel	354721	165	29	29	13
153	2jq2SaLa7BeUtU6Lx9bxGU	Cadeira de Aço - Ao Vivo	Zé Neto & Cristiano	352850	171	8	153	18
154	3X5zRkzlpTiajlkI9QXQUz	Meu Amor - Ao Vivo	Henrique & Juliano	352553	144	2	144	-10
155	0QsvXIfqM0zZoerQfsI9lm	Don't Let Me Down	The Chainsmokers	352205	151	29	44	-4
156	1n8MLpbFR0fuCjNnlyuHxS	Solteiro Apaixonado	Marcos & Belutti	350212	156	18	139	0
157	5NH1hgZbrQGXMMZKcBQV3l	O Mar Parou	Michel Teló	349112	134	17	116	-23
158	6DNtNfH8hXkqOX1sjqmI7p	Cold Water (feat. Justin Bieber & MØ)	Major Lazer	348031	154	29	12	-4
159	04DwTuZ2VBdJCCC5TROn7L	In the Name of Love	Martin Garrix	347870	148	29	41	-11
160	3mTUqLbtWm2DAEwvQTyu4d	Ela Só Quer Paz	Projota	343484	173	29	37	13
161	61WbtB6ujkpNAsAf5LjF4b	Bon appétit	Katy Perry	339964	162	10	32	1
162	5OZqnhkGUxuSuW2P7CzH7y	Estaca Zero	Luan Santana	335850	145	29	54	-17
163	0gbBzIqrECJOEPvQJIBFs5	Green Light	Lorde	334983	158	18	10	-5
164	3pM81OKNrV6d2zJb76nQ6M	Turutum	MC Kevinho	332544	177	29	59	13
165	4BcWcZoludxrNoPUw5napp	Corpo Sensual	Pabllo Vittar	331132	166	5	151	1
166	5kXgLlxHMv3aP7xLxMrjiV	Oitava Dose - Ao Vivo	Matheus & Kauan	330565	176	19	68	10
167	6SwI4OplF8m5NH8wHKIps8	O Nosso Santo Bateu - Na Praia / Ao Vivo	Matheus & Kauan	326705	169	29	23	2
168	4TZy1wLyHec06pwgFYDh1a	Mercy	Shawn Mendes	325994	167	29	39	-1
169	51PIvodunv6NmX5250zxAh	The Cure	Lady Gaga	324639	175	14	15	6
170	3j7FDNUqIMWKaji6PK5SyF	A Gente Brigou	Mc Don Juan	321707	182	4	170	12
171	5GXAXm5YOmYT0kL5jHvYBt	I Feel It Coming	The Weeknd	319398	178	29	46	7
172	3hjGB7hru53bL066kPSCro	5 Km - Ao Vivo	Henrique & Juliano	317804	179	2	172	7
173	4IWAyPf1KMq7JCyGeCjTeH	Whatever It Takes	Imagine Dragons	316048	174	6	82	1
174	3sumxZ7PZz77L4QLtbht6V	Bebida Com Saudade - Ao Vivo	Henrique & Juliano	314501	181	2	174	7
175	1xznGGDReH1oQq0xzbwXa3	One Dance	Drake	313433	180	29	17	5
176	7tr2za8SQg2CI8EDgrdtNl	Slide (feat. Frank Ocean & Migos)	Calvin Harris	313358	164	15	113	-12
177	24putRJqkmdXxfKq5OI4TC	Love Is A Temple	Alok	312983	157	7	90	-20
178	3HrvG1d9OZpg6eV4A1dcSk	De Tanto Te Querer - Ao Vivo	Jorge & Mateus	310711	168	29	125	-10
179	6b8Be6ljOzmkOmFslEb23P	24K Magic	Bruno Mars	309825	183	29	24	4
180	7vRriwrloYVaoAe3a9wJHe	i hate u, i love u (feat. olivia o'brien)	gnash	309789	188	29	136	8
181	2ZUbYZPp8Wp0J5hHp1Mn4b	Tchau e Bença	Mc Livinho	306085	191	5	181	10
182	1NDxZ7cFAo481dtYWdrUnR	Pretty Girl - Cheat Codes X CADE Remix	Maggie Lindemann	305768	189	3	182	7
183	2WTCoQLkQ9FPdvThkf8nN1	Me & You (feat. IRO)	Alok	305751	172	29	80	-11
184	2dvyNlZ8jkLq4DMzVVyXQH	Antídoto - Ao Vivo	Matheus & Kauan	305077	187	15	144	3
185	5mWbOKfRxcS5iv32amTHPe	All I Want (feat. Stonefox) - Edit	Alok	305040	170	24	107	-15
186	12o6dxWGk29uIAP3OWY0pM	Homemade Dynamite	Lorde	299107	184	5	62	-2
187	5MFzQMkrl1FOOng9tq6R9r	Don't Wanna Know	Maroon 5	298903	186	29	16	-1
188	2InJDvDcA4RXEeA9njdibl	Louca de Saudade - Ao Vivo	Jorge & Mateus	298704	193	29	36	5
189	2Gl0FzuLxflY6nPifJp5Dr	First Time	Kygo	298296	155	12	72	-34
190	75JFxkI2RXiU7L9VXzMkle	The Scientist	Coldplay	298270	200	3	190	10
191	72jbDTw1piOOj770jWNeaG	Paris	The Chainsmokers	295605	185	27	17	-6
192	79NlESqzFSW0hdBWgls4FX	Praying	Kesha	293903	80	2	80	-112
193	4q8PHoRsPUB52LFylX8Ulz	More Than You Know	Axwell /\ Ingrosso	293583	nan	1	193	new
194	69bp2EbF7Q2rqc5N3ylezZ	Sorry	Justin Bieber	293010	192	29	38	-2
195	27SdWb2rFzO6GWiYDBTD9j	Cheap Thrills	Sia	290860	190	29	41	-5
196	1CKd1PnqfYx0H12V9MSaIY	Get Low (with Liam Payne)	Zedd	288356	163	2	163	-33
197	6JV2JOEocMgcZxYSZelKcc	"CAN'T STOP THE FEELING! (Original Song from DreamWorks Animation's ""TROLLS"")"	Justin Timberlake	287990	194	29	55	-3
198	1vvNmPOiUuyCbgWmtc6yfm	My Way	Calvin Harris	287950	196	29	23	-2
199	38MpAndIjGAyVdcC6npX95	Infiel - Ao Vivo	Marília Mendonça	284204	nan	28	14	re-enter
200	6De0lHrwBfPfrhorm9q1Xl	Me Rehúso	Danny Ocean	283183	nan	1	200	new
