position	song_id	song_name	artist	streams	last_week_position	weeks_on_chart	peak_position	position_status
1	2xLMifQCjDGFmkHkpNLD9h	SICKO MODE	Travis Scott	11933112	2	3	1	1
2	2G7V7zsVDxg1yRsu7Ew9RJ	In My Feelings	Drake	11698385	1	5	1	-1
3	2E124GmJRnBJuXbTb4cPUB	FEFE (feat. Nicki Minaj & Murda Beatz)	6ix9ine	11296848	3	5	2	0
4	0s3nnoMeVWz3989MkNQiRf	Lucid Dreams	Juice WRLD	10637817	4	6	2	0
5	4OafepJy2teCjYJbvFE60J	breathin	Ariana Grande	9883136	nan	1	5	new
6	5OCJzvD7sykQEKHH7qAC3C	God is a woman	Ariana Grande	8513381	nan	1	6	new
7	3ee8Jmje8o58CHK66QrVC2	SAD!	XXXTENTACION	7492501	6	23	1	-1
8	0TlLq3lA83rQOYtrqBqSct	Nonstop	Drake	7249948	9	5	7	1
9	5IaHrVsrferBYDm0bDyABy	Taste (feat. Offset)	Tyga	7223990	8	14	4	-1
10	7wBJfHzpfI3032CSD7CE2m	STARGAZING	Travis Scott	7038441	5	3	3	-5
11	5WvAo7DNuPRmk4APhdPzi8	No Brainer	DJ Khaled	6764853	7	4	4	-4
12	58q2HKrzhC3ozto2nDdN4z	I Like It	Cardi B	6627280	11	20	3	-1
13	0JP9xo3adEtGSdUEISiszL	Moonlight	XXXTENTACION	6579218	14	23	3	1
14	0d2iYfpKoM0QCKvcLCkBao	Eastside (with Halsey & Khalid)	benny blanco	6514773	10	6	10	-4
15	7dt6x5M1jzdTEt8oCbisTK	Better Now	Post Malone	6300414	12	17	1	-3
16	0WdR2AyLW1Drd3OUdwezM0	everytime	Ariana Grande	5991678	nan	1	16	new
17	6vN77lE9LK6HP2DewaN6HZ	Yes Indeed	Lil Baby	5862095	16	14	2	-1
18	2qT1uLXPVPzGgFOx4jtEuo	no tears left to cry	Ariana Grande	5752656	nan	1	18	new
19	7fa9MBXhVfQ8P8Df9OEbD8	Girls Like You (feat. Cardi B)	Maroon 5	5708297	15	10	9	-4
20	5N5k9nd479b1xpDZ4usjrg	Promises (with Sam Smith)	Calvin Harris	5506503	nan	1	20	new
21	70khXICDeTTxgYtw3EysKH	sweetener	Ariana Grande	5376981	nan	1	21	new
22	2dpaYNEQHiRxtZbfNsse99	Happier	Marshmello	5027138	nan	1	22	new
23	2iUXsYOEPhVqEBwsqP70rE	Youngblood	5 Seconds of Summer	4670130	21	10	17	-2
24	3obgSF06ki98lYNLNq5vCB	Wasted (feat. Lil Uzi Vert)	Juice WRLD	4606007	28	6	24	4
25	3swc6WTsr7rl9DqQKQA55C	Psycho (feat. Ty Dolla $ign)	Post Malone	4602101	23	17	2	-2
26	4mHgYpuGHu99Mw69E83CP2	Taking A Walk	Trippie Redd	4563125	13	2	13	-13
27	3CA9pLiwRIGtUBiMjbZmRw	Nice For What	Drake	4542018	19	5	12	-8
28	6DCZcSspjsKoFjzjrWoCdn	God's Plan	Drake	4504311	22	5	16	-6
29	1xWH8zYtDeS9mW1JJG23VZ	R.E.M	Ariana Grande	4479680	nan	1	29	new
30	0XySogm94T51XF5F2jumXm	All Girls Are The Same	Juice WRLD	4446216	25	6	23	-5
31	29tc0GbW0pTSBZSCZF3NWk	Lean Wit Me	Juice WRLD	4431545	39	6	31	8
32	7m9OqQk4RVRkw9JJdeAw96	Jocelyn Flores	XXXTENTACION	4409287	26	52	3	-6
33	0ZNrc4kNeQYD9koZ3KvCsy	BIG BANK (feat. 2 Chainz, Big Sean, Nicki Minaj)	YG	4356749	24	3	24	-9
34	0XOnMqLQDO89iAg7dWWwnG	pete davidson	Ariana Grande	4210955	nan	1	34	new
35	14kYOiFVPb7E7NfFbqhdln	goodnight n go	Ariana Grande	4111133	nan	1	35	new
36	7AQim7LbvFVZJE3O8TYgf2	Fuck Love (feat. Trippie Redd)	XXXTENTACION	4071561	33	52	8	-3
37	7K7MUBCnzgBAvMVW2RTWNs	Body (feat. brando)	Loud Luxury	4009443	29	3	29	-8
38	7lAK3oHbfEnvUQWosrMMpR	YOSEMITE	Travis Scott	3892334	20	3	7	-18
39	7AFASza1mXqntmGtbxXprO	changes	XXXTENTACION	3863893	35	23	7	-4
40	4kWO6O1BUXcZmaxitpVUwp	Jackie Chan	Tiësto	3841535	32	14	18	-8
41	0e7ipj03S05BNilyu5bRzt	rockstar (feat. 21 Savage)	Post Malone	3828927	38	17	9	-3
42	4qKcDkK6siZ7Jp1Jb4m0aL	Look Alive (feat. Drake)	BlocBoy JB	3702339	36	28	3	-6
43	4VUwkH455At9kENOfzTqmF	Beautiful (feat. Camila Cabello)	Bazzi	3663842	30	3	30	-13
44	0v2LUO8oTHnkjQ8MmKuXyk	raindrops (an angel cried)	Ariana Grande	3610784	nan	1	44	new
45	4keoy2fqgwGnbWlm3ZVZFa	Happy Now	Zedd	3573688	34	5	34	-11
46	5YeHLHDdQ4nKHk81XFWhCU	successful	Ariana Grande	3502604	nan	1	46	new
47	7ycWLEP1GsNjVvcjawXz3z	Praise The Lord (Da Shine) (feat. Skepta)	A$AP Rocky	3493096	47	13	11	0
48	3NbTQ8ZbHU6MSEVUFAVCJ9	better off	Ariana Grande	3428226	nan	1	48	new
49	3QybPutx0Tjk472bBKjNWn	Mo Bamba	Sheck Wes	3324325	65	4	49	16
50	0kCBorRrKZkSztd9m0QI3r	Chanel (Go Get It) [feat. Gunna & Lil Baby]	Young Thug	3253183	nan	1	50	new
51	7u6DMPznGbpziuEgCE0JGQ	get well soon	Ariana Grande	3223718	nan	1	51	new
52	0sdbFOyfgAhAhWq8DpzkaW	the light is coming (feat. Nicki Minaj)	Ariana Grande	3218403	nan	1	52	new
53	75ZvA4QfFiZvzhj2xkaWAh	I Fall Apart	Post Malone	3214597	49	49	2	-4
54	3qN5qMTKyEEmiTZD38BNTT	I'm Upset	Drake	3120281	46	5	17	-8
55	55GiOwtxNajXVbpjjIzMnD	SWISH	Tyga	3114066	42	4	32	-13
56	4mLkiFppf8Xvem6BSY34qw	blazed (feat. Pharrell Williams)	Ariana Grande	3087381	nan	1	56	new
57	6Poyf51k7W3NKnsGwAI90B	Barbie Dreams	Nicki Minaj	3072496	17	2	17	-40
58	7KZ5MMVgBVox9ycroB2UrI	CAROUSEL	Travis Scott	3050022	27	3	5	-31
59	3V8UKqhEK5zBkBb6d6ub8i	Te Boté - Remix	Nio Garcia	3016381	50	19	42	-9
60	20MuVazoNMv6xjKPnRFOxG	WAKE UP	Travis Scott	2947555	31	3	9	-29
61	6xcJyGpfZbuuiequtnlKt4	BUTTERFLY EFFECT	Travis Scott	2946371	41	3	26	-20
62	4b7mLZQWsy0rLnrMtPA9fQ	borderline (feat. Missy Elliott)	Ariana Grande	2870340	nan	1	62	new
63	3GVkPk8mqxz0itaAriG1L7	Everybody Dies In Their Nightmares	XXXTENTACION	2861016	62	52	15	-1
64	27a1mYSG5tYg7dmEjWBcmL	CAN'T SAY	Travis Scott	2845190	37	3	15	-27
65	6IaieqiCVvsNvEt6Y7yOFa	Ball For Me (feat. Nicki Minaj)	Post Malone	2801995	61	17	9	-4
66	0E9ZjEAyAwOXZ7wJC0PD33	In My Mind	Dynoro	2800948	55	4	55	-11
67	7rC5Pl8rQSX4myONQHYPBK	Mob Ties	Drake	2794277	57	5	23	-10
68	3u1S1OmAUhx5DRlLrXqyp3	Rise	Jonas Blue	2793569	51	9	35	-17
69	3EPXxR3ImUwfayaurPi3cm	Be Alright	Dean Lewis	2760560	64	4	64	-5
70	33tNYw9oMtSkGe27NpgS64	WORKIN ME	Quavo	2752333	40	2	40	-30
71	0u2P5u6lvoDfwTYjAADbn4	lovely (with Khalid)	Billie Eilish	2699423	56	18	24	-15
72	1rqqCSm0Qe4I9rUvWncaom	High Hopes	Panic! At The Disco	2677009	75	9	45	3
73	45Egmo7icyopuzJN0oMEdk	Love Lies (with Normani)	Khalid	2666851	66	27	9	-7
74	7sO5G9EABYOXQKNPNiE9NR	Ric Flair Drip (& Metro Boomin)	Offset	2659142	74	43	4	0
75	1ZAyjvIk9YiD76yYy0TEG6	Plug Walk	Rich The Kid	2643048	68	4	48	-7
76	6OaVWaGfhXn70ZJfdVcabn	NO BYSTANDERS	Travis Scott	2584325	43	3	10	-33
77	7GX5flRQZVHRAGd6B4TmDO	XO Tour Llif3	Lil Uzi Vert	2561141	80	52	2	3
78	6G8kHiVZ1jW7vHMPVRNZU0	Don’t Matter To Me (with Michael Jackson)	Drake	2549915	54	5	14	-24
79	1xYpVRspgaLxdJLOTQkTjg	STOP TRYING TO BE GOD	Travis Scott	2526820	45	3	12	-34
80	4zIO3ilp5HvTeK3HJHxhMP	Natural	Imagine Dragons	2523147	84	5	63	4
81	6Hgh47WXVKtXN5zGOu0hjI	OTW	Khalid	2514789	79	18	20	-2
82	04ZTP5KsCypmtCmQg5tH9R	I'm a Mess	Bebe Rexha	2498386	89	9	82	7
83	7IBSffWIu7P2MC7kMwy2FM	Hopeless Romantic (feat. Swae Lee)	Wiz Khalifa	2498325	91	6	37	8
84	4SZepBIPDRwPaHIjAKwRDb	R.I.P. SCREW	Travis Scott	2495031	44	3	8	-40
85	2ZRo7axmMPeSVUvDbGkJah	Hope	XXXTENTACION	2456466	97	15	28	12
86	4QVS8YCpK71R4FsxSMCjhP	Tie Me Down (with Elley Duhé)	Gryffin	2450954	115	2	86	29
87	4UKCKdYiLN6IMA5ZESUTL7	the remedy for a broken heart (why am I so in love)	XXXTENTACION	2429803	94	19	18	7
88	0ibOcbkp2XG46Do8jcy0bL	Nephew (feat. Lil Pump)	Smokepurpp	2404240	105	4	88	17
89	42fw0rxRO2xbesF6mJfd4Y	Tequila	Dan + Shay	2372396	67	9	60	-22
90	32lItqlMi4LBhb4k0BaSaC	Candy Paint	Post Malone	2372090	93	17	17	3
91	6eYxmK9fdL4hwLnXG2zY3s	Look At Me!	XXXTENTACION	2359874	100	24	33	9
92	0At2qAoaVjIwWNAqrscXli	Boo'd Up	Ella Mai	2352700	77	15	26	-15
93	7uzmGiiJyRfuViKKK3lVmR	Mine	Bazzi	2352114	87	19	16	-6
94	11kDth1aKUEUMq9r1pqyds	5% TINT	Travis Scott	2325277	48	3	13	-46
95	7oJrVhiTPZGBXWPwhxjy9S	Lust	Lil Skies	2303112	102	30	79	7
96	4e4fqjx0Izh4svvTef1z7e	Meant to Be (feat. Florida Georgia Line)	Bebe Rexha	2302227	99	9	44	3
97	6kPJZM97LwdG9QIsT7khp6	Solo (feat. Demi Lovato)	Clean Bandit	2284755	78	14	41	-19
98	6n4U3TlzUGhdSFbUUhTvLP	Walk It Talk It	Migos	2284522	101	30	6	3
99	4hQ6UGyWQIGJmHSo0J88JW	Back To You - From 13 Reasons Why – Season 2 Soundtrack	Selena Gomez	2283627	98	7	35	-1
100	5PTG6rrL6EPFD9E2QMI2pl	JAPAN	Famous Dex	2230270	104	20	12	4
101	2BJSMvOGABRxokHKB0OI8i	Shoota (feat. Lil Uzi Vert)	Playboi Carti	2208070	112	15	27	11
102	1Knctxx9vGZxpZfF66BIEa	Legends	Juice WRLD	2200367	108	9	68	6
103	3qnoOm4fwZPBS116f5hpgF	All Mine	Kanye West	2187612	81	12	1	-22
104	7ef4DlsgrMEH11cDZd32M6	One Kiss (with Dua Lipa)	Calvin Harris	2167424	86	20	19	-18
105	3a1lNhkSLSkpJE4MSHpDu9	Congratulations	Post Malone	2155058	114	86	5	9
106	4KYS9GK68yeuUJ8vJfPxrq	WHO? WHAT!	Travis Scott	2104258	59	3	21	-47
107	2P91MQbaiQOfbiz9VqhqKQ	I Like Me Better	Lauv	2077565	175	12	107	68
108	6BJbOXDlgVAXSaq6wYFYT2	NC-17	Travis Scott	2077372	58	3	17	-50
109	1BuZAIO8WZpavWVbbq3Lci	Powerglide (feat. Juicy J) - From SR3MM	Rae Sremmurd	2055781	109	16	18	0
110	58TaFP5j5i9swOf584yon2	HOUSTONFORNICATION	Travis Scott	2045862	69	3	28	-41
111	2u7mxWSeoqTXndK5e08jMp	Nowadays (feat. Landon Cube)	Lil Skies	2045127	123	33	30	12
112	09IStsImFySgyp0pIQdqAc	The Middle	Zedd	2042209	111	12	8	-1
113	0OgGn1ofaj55l2PcihQQGV	Drew Barrymore	Bryce Vine	2041062	nan	1	113	new
114	6yz0Jndhv0QjKdpcEMbOjz	Shake It Up	Trippie Redd	2038562	52	2	52	-62
115	6gBFPUFcJLzWGx4lenP6h2	goosebumps	Travis Scott	2038313	113	86	16	-2
116	40oKW22ZNNkEdZLJTScaQI	Roll In Peace (feat. XXXTENTACION)	Kodak Black	2009217	128	52	24	12
117	0wbnC9AUenxp613TYaJsGK	Narcos	Migos	1989691	153	25	3	36
118	7KXjTSCq5nL1LoYtL7XAwS	HUMBLE.	Kendrick Lamar	1985387	124	73	1	6
119	6nO3tr47nr2P7f3hXb8JIo	Champion (feat. Travis Scott)	NAV	1970178	129	14	60	10
120	6vsV4D8BM6PioRr1UOx0n2	you should see me in a crown	Billie Eilish	1957944	72	5	33	-48
121	0E6PsO3ymCfUh7pJQjBgkj	APESHIT	The Carters	1953469	117	10	26	-4
122	0b9oOr2ZgvyQu88wzixux9	This Is America	Childish Gambino	1944009	120	16	1	-2
123	63SevszngYpZOwf63o61K4	Nevermind	Dennis Lloyd	1937081	134	23	36	11
124	3ZhTT6yjZwpPph5MIJ53XY	Red Roses (feat. Landon Cube)	Lil Skies	1936748	127	33	38	3
125	2bSk87AVkCIIC3Bcligq1z	Life Goes On	Lil Baby	1932251	131	14	105	6
126	4MXhiYIRDMGAuvZc5IFTwC	ASTROTHUNDER	Travis Scott	1926487	76	3	23	-50
127	5a8RPWgKSmcGBGcffmIrUi	Thunderclouds	Sia	1921197	106	2	106	-21
128	3HxYOwZZHZn5mC1drqPQqR	It's A Slime (feat. Lil Uzi Vert)	Young Thug	1904847	nan	1	128	new
129	1gm616Plq4ScqNi7TVkZ5N	Call Out My Name	The Weeknd	1902971	125	21	1	-4
130	0dSIrRkA4PadGll16TgbnV	PICK IT UP (feat. A$AP Rocky)	Famous Dex	1900637	135	20	39	5
131	4F1yvJfQ7gJkrcgFJQDjOr	Playinwitme (feat. Kehlani)	KYLE	1894553	137	14	24	6
132	1HXy5I3HTWq8OvxCn0z7G7	Heaven	Kane Brown	1869666	126	32	60	-6
133	7d6XJZjnm7iWcKwYL9z5kC	Noticed	Lil Mosey	1866858	nan	1	133	new
134	1rfofaqEpACxVEHIZBJe6W	Havana (feat. Young Thug)	Camila Cabello	1863724	141	32	2	7
135	6fYkv8bGKiZl4Y3LYrFfAZ	Simple	Florida Georgia Line	1853490	119	2	119	-16
136	4H7WNRErSbONkM06blBoGc	Stay	Post Malone	1843360	136	17	6	0
137	1zB4vmk8tFRmM9UULNzbLB	Thunder	Imagine Dragons	1839034	130	5	109	-7
138	3L4GsGLgxpHieVQH86H8bv	Bed (feat. Ariana Grande)	Nicki Minaj	1837874	60	2	60	-78
139	2lYTJK94hb0fd1LQtb6Dhk	Don't Leave Me Alone (feat. Anne-Marie)	David Guetta	1832534	107	4	100	-32
140	1e4rwBPVI32vZtTJu7mJ4J	Chun-Li	Nicki Minaj	1826762	85	2	85	-55
141	4apiNNK0jp9uqn3JDG9My1	Dark Knight Dummo	Trippie Redd	1795017	82	2	82	-59
142	3nc420PXjTdBV5TN0gCFkS	Ocean (feat. Khalid)	Martin Garrix	1792104	95	10	22	-47
143	6NMtzpDQBTOfJwMzgMX0zl	SKELETONS	Travis Scott	1777893	83	3	20	-60
144	5Z3GHaZ6ec9bsiI5BenrbY	Young Dumb & Broke	Khalid	1776841	142	72	6	-2
145	0chpIFSjgfd1CPrAxM7PWp	No Rest	Lil Skies	1771635	nan	1	145	new
146	152lZdxL1OR0ZMW6KquMif	Location	Khalid	1756568	147	86	9	1
147	5S1IUPueD0xE0vj4zU3nSf	Bigger Than You (feat. Drake & Quavo)	2 Chainz	1746951	144	10	28	-3
148	51rXHuKN8Loc4sUlKPODgH	King's Dead (with Kendrick Lamar, Future & James Blake)	Jay Rock	1746599	143	32	7	-5
149	2UVbBKQOdFAekPTRsnkzcf	Stir Fry	Migos	1746477	148	30	2	-1
150	3GCdLUSnKSMJhs4Tj6CV3s	All The Stars (with SZA)	Kendrick Lamar	1737974	155	26	3	5
151	0pqnGHJpmpxLKifKRmU6WP	Believer	Imagine Dragons	1732212	146	5	124	-5
152	2fQrGHiQOvpL9UgPvtYy6G	Bank Account	21 Savage	1718944	159	48	3	7
153	41zXlQxzTi6cGAjpOXyLYH	idontwannabeyouanymore	Billie Eilish	1710690	138	6	138	-15
154	2iWEpiPiIPf5D4f2UGBlrZ	Bounce Out With That	YBN Nahmir	1709426	167	13	105	13
155	6f5i916F3jU6BhOOD7iGqf	Ned Flanders (feat. A$AP Ferg)	MadeinTYO	1707002	157	6	139	2
156	3fpVWegR6YOS1Yk5HSMYIq	Paranoid	Post Malone	1698411	156	17	3	0
157	7ms3VzLTfr7fXNOqA4Mkx9	Creeping (feat. Rich the Kid)	Lil Skies	1697716	160	19	86	3
158	6kp0inxIexxSiDJfWqq0ZL	TATI	6ix9ine	1691445	152	13	50	-6
159	4vaxvNDaLSoD36iZX515ug	Betrayed	Lil Xan	1689915	168	20	63	9
160	2VdT56BGpdqNHUgOe1j5vc	Rich & Sad	Post Malone	1680957	163	17	5	3
161	01TnVDiet1DFTsyWKUKovl	NUMB	XXXTENTACION	1665527	171	15	23	10
162	5yNEdBlZMxpcVtGKz5NFk5	Side Effects (feat. Emily Warren)	The Chainsmokers	1660170	118	4	95	-44
163	2rxQMGVafnNaRaXlRMWPde	Beautiful Crazy	Luke Combs	1645428	140	12	129	-23
164	1R0Ig5KYrSGWvIoPzY4T3l	Black & White	Juice WRLD	1645288	177	6	164	13
165	10Igtw8bSDyyFs7KIsKngZ	Freaky Friday (feat. Chris Brown)	Lil Dicky	1640668	150	23	6	-15
166	5vDvBD3ReINP8dXUplj477	Leave Me Alone	Flipp Dinero	1638689	200	2	166	34
167	6KBYefIoo7KydImq1uUQlL	Bodak Yellow	Cardi B	1619429	172	20	35	5
168	2uIX8YMNjGMD7441kqyyNU	ocean eyes	Billie Eilish	1618862	165	2	165	-3
169	3T4UodGkfZObJ43RtA5KFU	Connection	OneRepublic	1617090	174	7	88	5
170	6rDaCGqcQB1urhpCrrD599	Album of the Year - Freestyle	J. Cole	1611641	63	2	63	-107
171	3GJ4hzg4lrGwU51Y3VARbF	Speechless	Dan + Shay	1595532	190	3	171	19
172	0kHyKhJMukHEPfeh8s7rdM	Born To Be Yours	Kygo	1590270	116	10	49	-56
173	5tz69p7tJuGPeMGwNTxYuV	1-800-273-8255	Logic	1589555	183	69	1	10
174	2Yer0p7uB2lVBUAtANuuQp	Magic In The Hamptons (feat. Lil Yachty)	Social House	1588247	nan	1	174	new
175	2374M0fQpWi3dLnB54qaLX	Africa	TOTO	1586537	169	20	144	-6
176	08bNPGLD8AhKpnnERrAc6G	FRIENDS	Marshmello	1581113	170	28	17	-6
177	6EGAfJaLUFzhS4zRBIEQ2J	You Make It Easy	Jason Aldean	1568120	173	20	84	-4
178	2eAZfqOm4EnOF9VvN50Tyc	The Way Life Goes (feat. Oh Wonder)	Lil Uzi Vert	1561481	188	52	8	10
179	6PGoSes0D9eUDeeAafB2As	LOVE. FEAT. ZACARI.	Kendrick Lamar	1551671	184	71	5	5
180	4dVpf9jZjcORqGTLUaeYj9	Plain Jane	A$AP Ferg	1550437	179	52	8	-1
181	2BgEsaKNfHUdlh97KmvFyo	2002	Anne-Marie	1549181	178	2	178	-3
182	3DGar7krWlmrXRFHBcQF6z	Whenever (feat. Conor Maynard)	Kris Kross Amsterdam	1547704	nan	1	182	new
183	1RagpNpkD3KcjXMLGMe99V	Fr Fr (feat. Lil Skies)	Wiz Khalifa	1538286	151	6	48	-32
184	7qiZfU4dY1lWllzX7mPBI3	Shape of You	Ed Sheeran	1533596	185	85	1	1
185	2oPCR02nduYVpj7CTfsA0d	Blue Tacoma	Russell Dickerson	1533397	nan	1	185	new
186	7yotKA30dwTKNEGomV9ZsI	KOD	J. Cole	1527617	181	18	2	-5
187	52okn5MNA47tk87PeZJLEL	Let You Down	NF	1524891	189	9	38	2
188	3nmfktGzQJe0B77Ilcce1o	LAMB TALK	Quavo	1523847	176	2	176	-12
189	5VuxWXbt7XENQCtE9TzpTv	Spoil My Night (feat. Swae Lee)	Post Malone	1491972	192	17	4	3
190	4wFjTWCunQFKtukqrNijEt	MotorSport	Migos	1483053	191	30	9	1
191	0tgVpDi06FyKpA1z0VMD4v	Perfect	Ed Sheeran	1482209	nan	67	13	re-enter
192	0p0ljM6RxgpGt7wthGqBZa	Finest Hour (feat. Abir)	Cash Cash	1475923	nan	1	192	new
193	4OBZT9EnhYIV17t4pGw7ig	Best Part (feat. Daniel Caesar)	H.E.R.	1469851	nan	12	160	re-enter
194	5de9Ho64dovuQI8Uhn5gPD	I Don't Wanna Do This Anymore	XXXTENTACION	1467195	nan	9	79	re-enter
195	1dUHF4RyMmMTveJ0Rby6Xm	Can’t Take A Joke	Drake	1465654	186	5	68	-9
196	2DQ1ITjI0YoLFzuADN1ZBW	No Limit	G-Eazy	1461135	195	36	2	-1
197	5HnxL39pSgVVQMLP7WnSfv	Missing My Idols	Trippie Redd	1458903	53	2	53	-144
198	6wvlEKW2qxucJSBXYpMV2P	TOOTIMETOOTIMETOOTIME	The 1975	1453052	nan	1	198	new
199	7vGuf3Y35N4wmASOKLUVVU	Silence	Marshmello	1435913	nan	53	10	re-enter
200	6XcfKZvJio9Z0fQy11GnNX	broken	lovelytheband	1432246	nan	1	200	new
