position	song_id	song_name	artist	streams	last_week_position	weeks_on_chart	peak_position	position_status
1	2rPE9A1vEgShuZxxzR2tZH	thank u, next	Ariana Grande	16452520	1	3	1	0
2	1xzBco0xcoJEDXktl7Jxrr	Mo Bamba	Sheck Wes	10937622	3	7	1	1
3	2xLMifQCjDGFmkHkpNLD9h	SICKO MODE	Travis Scott	10805665	4	16	1	1
4	78QR3Wp35dqAhFEc2qAGjE	Drip Too Hard (Lil Baby & Gunna)	Lil Baby	9625231	6	7	1	2
5	7l3E7lcozEodtVsSTCkcaA	ZEZE (feat. Travis Scott & Offset)	Kodak Black	9469095	5	6	1	0
6	4CH66Rxcjcj3VBHwmIBj4T	BAD!	XXXTENTACION	8913827	2	2	2	-4
7	5p7ujcrUXASCNwRaWNHR1C	Without Me	Halsey	8573851	7	7	6	0
8	1A6OTy97kk0mMdm78rHsm8	Sunflower - Spider-Man: Into the Spider-Verse	Post Malone	7906019	8	5	2	0
9	0s3nnoMeVWz3989MkNQiRf	Lucid Dreams	Juice WRLD	6834574	10	19	2	1
10	6SAKXCj5jyF6IgPCPbZ5ra	Armed And Dangerous	Juice WRLD	6364781	9	2	9	-1
11	0QIjsbm2fh1cJ45XO9eGqq	Wake Up in the Sky	Gucci Mane	6336729	14	10	6	3
12	14JzyD6FlBD5z0wV5P07YI	when the party's over	Billie Eilish	5851588	15	6	12	3
13	2dpaYNEQHiRxtZbfNsse99	Happier	Marshmello	5840670	13	14	8	0
14	2LskIZrCeLxRvCiGP8gxlh	Arms Around You (feat. Maluma & Swae Lee)	XXXTENTACION	5693041	12	4	6	-2
15	5aXgz1oKK8Q9z9xvTmSnrO	Topanga	Trippie Redd	5488076	11	2	11	-4
16	3ee8Jmje8o58CHK66QrVC2	SAD!	XXXTENTACION	5485002	17	36	1	1
17	4w8niZpiMy6qz1mntFA5uM	Taki Taki (with Selena Gomez, Ozuna & Cardi B)	DJ Snake	5345972	19	8	7	2
18	6zeeWid2sgw4lap2jV61PZ	Better	Khalid	5324453	20	4	12	2
19	116H0KvKr2Zl4RPuVBruDO	MIA (feat. Drake)	Bad Bunny	5321672	18	6	2	-1
20	14mHfNsSHN0FbLftyjrV9g	Leave Me Alone	Flipp Dinero	5278639	24	12	20	4
21	0JP9xo3adEtGSdUEISiszL	Moonlight	XXXTENTACION	5138395	22	36	3	1
22	0AluA5RNsa4Cx6XRhf2hWZ	10 Freaky Girls (with 21 Savage)	Metro Boomin	4963376	nan	1	22	new
23	7dt6x5M1jzdTEt8oCbisTK	Better Now	Post Malone	4851392	25	30	1	2
24	0TlLq3lA83rQOYtrqBqSct	Nonstop	Drake	4819350	26	18	5	2
25	4jvjzW7Hm0yK4LvvE0Paz9	Falling Down - Bonus Track	Lil Peep	4716674	16	2	16	-9
26	2GGMabyHXnJmjY6CXhhB2e	Money	Cardi B	4515460	30	5	17	4
27	5274I4mUMnYczyeXkGDWZN	Fine China	Future	4423883	31	5	6	4
28	6wWaVoUOzLQJHd3bWAUpdZ	Never Recover (Lil Baby & Gunna, Drake)	Lil Baby	4287480	29	7	3	1
29	2E124GmJRnBJuXbTb4cPUB	FEFE (feat. Nicki Minaj & Murda Beatz)	6ix9ine	4273828	32	18	2	3
30	5IaHrVsrferBYDm0bDyABy	Taste (feat. Offset)	Tyga	4115467	35	27	4	5
31	6vN77lE9LK6HP2DewaN6HZ	Yes Indeed	Lil Baby	3968671	38	27	2	7
32	7m9OqQk4RVRkw9JJdeAw96	Jocelyn Flores	XXXTENTACION	3956838	36	65	3	4
33	2Grb4G6t9VIqo6moKUloom	Don't Come Out The House (with 21 Savage)	Metro Boomin	3956004	nan	1	33	new
34	0u2P5u6lvoDfwTYjAADbn4	lovely (with Khalid)	Billie Eilish	3934494	51	31	24	17
35	0d2iYfpKoM0QCKvcLCkBao	Eastside (with Halsey & Khalid)	benny blanco	3789922	41	19	10	6
36	0bYg9bo50gSsH3LtXe2SQn	All I Want for Christmas Is You	Mariah Carey	3768913	65	10	2	29
37	75lcPkAkUsKWHGBlGM476R	1400 / 999 Freestyle	Trippie Redd	3748911	23	2	23	-14
38	2VxeLyX666F8uXCJ0dZF8B	Shallow	Lady Gaga	3680834	37	7	11	-1
39	1fewSx2d5KIZ04wsooEBOz	Space Cadet (feat. Gunna)	Metro Boomin	3615204	nan	1	39	new
40	4OafepJy2teCjYJbvFE60J	breathin	Ariana Grande	3595976	34	14	5	-6
41	6fI3tBVND8zUXZi9rr2Yps	Take One	Kodak Black	3581991	nan	1	41	new
42	7tFiyTwD0nx5a1eklYtX2J	Bohemian Rhapsody - 2011 Mix	Queen	3550008	44	4	42	2
43	5tAa8Uaqr4VvA3693mbIhU	Ruin My Life	Zara Larsson	3534727	43	5	43	0
44	5qHirGR7M9tdm6C17DlzSY	REEL IT IN	Aminé	3523877	47	11	40	3
45	5JEx7HbmvHQQswJCsoo9rA	Close To Me (with Diplo) (feat. Swae Lee)	Ellie Goulding	3520266	89	4	45	44
46	7AQim7LbvFVZJE3O8TYgf2	Fuck Love (feat. Trippie Redd)	XXXTENTACION	3515693	46	65	8	0
47	0XySogm94T51XF5F2jumXm	All Girls Are The Same	Juice WRLD	3425328	49	19	23	2
48	4S8d14HvHb70ImctNgVzQQ	I Love It (& Lil Pump)	Kanye West	3396797	42	11	1	-6
49	2G7V7zsVDxg1yRsu7Ew9RJ	In My Feelings	Drake	3379239	53	18	1	4
50	04MLEeAMuV9IlHEsD8vF6A	No Stylist	French Montana	3296982	50	9	21	0
51	6JQvHMSaR8flFsN53ypOfP	Noticed	Lil Mosey	3279027	40	5	23	-11
52	2RSHsoi04658QL5xgQVov3	Bad Liar	Imagine Dragons	3210821	28	2	28	-24
53	29tc0GbW0pTSBZSCZF3NWk	Lean Wit Me	Juice WRLD	3148313	55	19	28	2
54	14sOS5L36385FJ3OL8hew4	Happy Now	Kygo	3083461	82	4	54	28
55	75ZvA4QfFiZvzhj2xkaWAh	I Fall Apart	Post Malone	3067341	60	62	2	5
56	58q2HKrzhC3ozto2nDdN4z	I Like It	Cardi B	3065619	56	33	3	0
57	7AFASza1mXqntmGtbxXprO	changes	XXXTENTACION	3060089	54	36	7	-3
58	0ZNrc4kNeQYD9koZ3KvCsy	BIG BANK (feat. 2 Chainz, Big Sean, Nicki Minaj)	YG	3048270	59	16	24	1
59	1rqqCSm0Qe4I9rUvWncaom	High Hopes	Panic! At The Disco	3037818	63	22	45	4
60	0e7ipj03S05BNilyu5bRzt	rockstar (feat. 21 Savage)	Post Malone	3036536	62	30	9	2
61	2iUXsYOEPhVqEBwsqP70rE	Youngblood	5 Seconds of Summer	2986191	64	23	17	3
62	41zXlQxzTi6cGAjpOXyLYH	idontwannabeyouanymore	Billie Eilish	2960649	88	19	62	26
63	3swc6WTsr7rl9DqQKQA55C	Psycho (feat. Ty Dolla $ign)	Post Malone	2949226	67	30	2	4
64	5OCJzvD7sykQEKHH7qAC3C	God is a woman	Ariana Grande	2936954	48	14	6	-16
65	0Fpen1PTuEnCmOJtUU9Iud	New Patek	Lil Uzi Vert	2889571	58	10	4	-7
66	0N8MGHEDAq29ip7RrlrTeN	Beach House	The Chainsmokers	2799609	nan	1	66	new
67	222B3aljXx6fFwKmFjuBED	Woman Like Me (feat. Nicki Minaj)	Little Mix	2792570	nan	1	67	new
68	2FY7b99s15jUprqC0M5NCT	Natural	Imagine Dragons	2783080	45	2	45	-23
69	6DCZcSspjsKoFjzjrWoCdn	God's Plan	Drake	2773729	69	18	16	0
70	7fa9MBXhVfQ8P8Df9OEbD8	Girls Like You (feat. Cardi B)	Maroon 5	2681956	86	23	9	16
71	2qT1uLXPVPzGgFOx4jtEuo	no tears left to cry	Ariana Grande	2612079	61	14	18	-10
72	4MAsYGSgxsaj73dC2lvFC4	WORKIN ME	Quavo	2593572	70	6	33	-2
73	3GVkPk8mqxz0itaAriG1L7	Everybody Dies In Their Nightmares	XXXTENTACION	2573739	72	65	15	-1
74	4VUwkH455At9kENOfzTqmF	Beautiful (feat. Camila Cabello)	Bazzi	2543401	84	16	30	10
75	7wBJfHzpfI3032CSD7CE2m	STARGAZING	Travis Scott	2540763	83	16	3	8
76	7lAK3oHbfEnvUQWosrMMpR	YOSEMITE	Travis Scott	2539691	91	16	7	15
77	60SdxE8apGAxMiRrpbmLY0	Lucky You (feat. Joyner Lucas)	Eminem	2534571	71	12	1	-6
78	2uIX8YMNjGMD7441kqyyNU	ocean eyes	Billie Eilish	2526300	115	12	78	37
79	4qKcDkK6siZ7Jp1Jb4m0aL	Look Alive (feat. Drake)	BlocBoy JB	2524024	75	41	3	-4
80	3wScL5W8H40zzCKN0atfBk	Uproar	Lil Wayne	2501615	78	8	4	-2
81	0dbTQYW3Ad1FTzIA9t90E8	Mona Lisa (feat. Kendrick Lamar)	Lil Wayne	2488764	73	8	1	-8
82	1XBc4r6ltXjkFJBrsttwIF	Rockin' Around The Christmas Tree - Single Version	Brenda Lee	2449810	182	2	82	100
83	7sO5G9EABYOXQKNPNiE9NR	Ric Flair Drip (& Metro Boomin)	Offset	2435616	90	56	4	7
84	6CTWathupIiDs7U4InHnDA	Trip	Ella Mai	2420795	80	6	39	-4
85	7GX5flRQZVHRAGd6B4TmDO	XO Tour Llif3	Lil Uzi Vert	2405269	94	65	2	9
86	6LKYeyLt4G4SlZ6OJwFhVS	This Feeling (feat. Kelsea Ballerini)	The Chainsmokers	2393895	nan	1	86	new
87	3CA9pLiwRIGtUBiMjbZmRw	Nice For What	Drake	2344841	99	18	12	12
88	5sdb5pMhcK44SSLsj1moUh	I Found You (with Calvin Harris)	benny blanco	2309228	157	3	88	69
89	3obgSF06ki98lYNLNq5vCB	Wasted (feat. Lil Uzi Vert)	Juice WRLD	2263813	95	19	20	6
90	4AhSkRYioEIfGvCV19peYN	Suncity (feat. Empress Of)	Khalid	2262996	79	5	20	-11
91	1iPBD72u3nAyFEeardYuBV	Kamikaze	Lil Mosey	2242755	145	5	76	54
92	7vQbuQcyTflfCIOu3Uzzya	Jingle Bell Rock	Bobby Helms	2241167	nan	1	92	new
93	45Egmo7icyopuzJN0oMEdk	Love Lies (with Normani)	Khalid	2227916	100	40	9	7
94	1B4gJRq61xTs6r1O0Uq2iY	Casper	Takeoff	2200527	102	3	60	8
95	25sgk305KZfyuqVBQIahim	Sweet but Psycho	Ava Max	2195638	81	7	61	-14
96	0rKtyWc8bvkriBthvHKY8d	SLOW DANCING IN THE DARK	Joji	2188348	76	4	41	-20
97	0AcicReEGm1qcENjqzh1Tg	Love Scars 3	Trippie Redd	2184924	39	2	39	-58
98	2ZRo7axmMPeSVUvDbGkJah	Hope	XXXTENTACION	2170286	96	28	28	-2
99	1ZAyjvIk9YiD76yYy0TEG6	Plug Walk	Rich The Kid	2168344	106	17	48	7
100	6eYxmK9fdL4hwLnXG2zY3s	Look At Me!	XXXTENTACION	2137470	113	37	33	13
101	51NFxnQvaosfDDutk0tams	bellyache	Billie Eilish	2132547	152	3	101	51
102	6gBFPUFcJLzWGx4lenP6h2	goosebumps	Travis Scott	2116885	124	99	16	22
103	3a1lNhkSLSkpJE4MSHpDu9	Congratulations	Post Malone	2111868	122	99	5	19
104	1jQvUmf16VE9WQCPuK2e8K	STOOPID	6ix9ine	2111864	98	7	9	-6
105	5hslUAKq9I9CG2bAulFkHN	It's the Most Wonderful Time of the Year	Andy Williams	2109766	nan	7	21	re-enter
106	0lizgQ7Qw35od7CYaoMBZb	Santa Tell Me	Ariana Grande	2101961	nan	1	106	new
107	13hvHEstJ4sNbzdroPrPI3	Kiss and Make Up	Dua Lipa	2086670	97	5	43	-10
108	5nzhL67GpF9szXWg5y509A	Close Friends (Lil Baby & Gunna)	Lil Baby	2062360	123	7	39	15
109	4e4fqjx0Izh4svvTef1z7e	Meant to Be (feat. Florida Georgia Line)	Bebe Rexha	2061027	125	22	44	16
110	4UKCKdYiLN6IMA5ZESUTL7	the remedy for a broken heart (why am I so in love)	XXXTENTACION	2051219	110	32	18	0
111	5vdp5UmvTsnMEMESIF2Ym7	Another One Bites The Dust - Remastered 2011	Queen	2047125	107	3	107	-4
112	5T8EDUDqKcs6OSOwEsfqG7	Don't Stop Me Now - 2011 Mix	Queen	2043761	120	3	112	8
113	7oJrVhiTPZGBXWPwhxjy9S	Lust	Lil Skies	2026767	116	43	79	3
114	1CoYSKw2gTtSfrK2704AEz	I'm Not Goin' (feat. Kevin Gates)	Gucci Mane	1994453	nan	1	114	new
115	2rbDhOo9Fh61Bbu23T2qCk	Always Remember Us This Way	Lady Gaga	1991248	77	5	67	-38
116	6vsV4D8BM6PioRr1UOx0n2	you should see me in a crown	Billie Eilish	1973666	164	10	33	48
117	2P91MQbaiQOfbiz9VqhqKQ	I Like Me Better	Lauv	1969050	127	25	79	10
118	6gzIcEUuswJQGfJNPYMjjv	Hard Work Pays Off	Future	1967664	111	5	31	-7
119	3GJ4hzg4lrGwU51Y3VARbF	Speechless	Dan + Shay	1961896	139	16	102	20
120	3V8UKqhEK5zBkBb6d6ub8i	Te Boté - Remix	Nio Garcia	1959699	131	32	42	11
121	6cFZ4PLC19taNlpl9pbGMf	Somebody To Love - 2011 Mix	Queen	1947481	126	3	121	5
122	2FRnf9qhLbvw8fu4IBXx78	Last Christmas	Wham!	1938138	nan	7	19	re-enter
123	7ycWLEP1GsNjVvcjawXz3z	Praise The Lord (Da Shine) (feat. Skepta)	A$AP Rocky	1928462	133	26	11	10
124	4hXDobvUaXyDFLnmecoY0z	Dip (feat. Nicki Minaj)	Tyga	1926687	119	3	92	-5
125	4mHgYpuGHu99Mw69E83CP2	Taking A Walk	Trippie Redd	1914385	121	15	13	-4
126	3WefHNGtjexZvi66ZEx9u4	Hurts Like Hell (feat. Offset)	Madison Beer	1882408	nan	1	126	new
127	7KXjTSCq5nL1LoYtL7XAwS	HUMBLE.	Kendrick Lamar	1865954	148	86	1	21
128	5Z3GHaZ6ec9bsiI5BenrbY	Young Dumb & Broke	Khalid	1863980	144	85	6	16
129	3EPXxR3ImUwfayaurPi3cm	Be Alright	Dean Lewis	1863753	108	17	31	-21
130	2J0X46UkpfLlWbuCXFgDLr	Waste It On Me (feat. BTS)	Steve Aoki	1862992	109	2	109	-21
131	2u7mxWSeoqTXndK5e08jMp	Nowadays (feat. Landon Cube)	Lil Skies	1853216	135	46	30	4
132	40oKW22ZNNkEdZLJTScaQI	Roll In Peace (feat. XXXTENTACION)	Kodak Black	1850488	150	65	24	18
133	6n4U3TlzUGhdSFbUUhTvLP	Walk It Talk It	Migos	1843939	175	43	6	42
134	7uzmGiiJyRfuViKKK3lVmR	Mine	Bazzi	1836746	143	32	16	9
135	7wC5eZcFS1Q1BsQ35DU6H4	come out and play	Billie Eilish	1836621	nan	1	135	new
136	1jo3TwNGCXfNdB5uba3ZVv	Killshot	Eminem	1821499	141	9	22	5
137	5bJ1DrEM4hNCafcDd1oxHx	Self Care	Mac Miller	1816718	134	12	10	-3
138	1Knctxx9vGZxpZfF66BIEa	Legends	Juice WRLD	1811638	136	22	68	-2
139	42fw0rxRO2xbesF6mJfd4Y	Tequila	Dan + Shay	1811502	156	22	60	17
140	32lItqlMi4LBhb4k0BaSaC	Candy Paint	Post Malone	1803041	154	30	17	14
141	09IStsImFySgyp0pIQdqAc	The Middle	Zedd	1774981	147	25	8	6
142	4OBZT9EnhYIV17t4pGw7ig	Best Part (feat. Daniel Caesar)	H.E.R.	1774512	172	25	142	30
143	7xapw9Oy21WpfEcib2ErSA	Mistletoe	Justin Bieber	1757794	nan	1	143	new
144	5PTG6rrL6EPFD9E2QMI2pl	JAPAN	Famous Dex	1757687	151	33	12	7
145	1R0Ig5KYrSGWvIoPzY4T3l	Black & White	Juice WRLD	1756507	155	19	128	10
146	21kOVEG3bDCVphKhXL8XmQ	Walk	Comethazine	1750824	177	3	146	31
147	0OgGn1ofaj55l2PcihQQGV	Drew Barrymore	Bryce Vine	1738670	142	14	49	-5
148	7eBqSVxrzQZtK2mmgRG6lC	Murder On My Mind	YNW Melly	1735212	137	9	120	-11
149	1fvCggAYrW0VtCljtqv4h2	Last Memory	Takeoff	1733037	118	3	46	-31
150	6j97zG4DDrh3oUa6rZbFOs	FeRRis WhEEL (feat. Trippie Redd)	Tory Lanez	1730629	149	4	100	-1
151	2mNunIwTYWrNEYgWYrj97p	Marry Me	Thomas Rhett	1730474	nan	1	151	new
152	152lZdxL1OR0ZMW6KquMif	Location	Khalid	1723952	161	99	9	9
153	5t3Vk8bRKylx4fjj7qlbib	bitches broken hearts	Billie Eilish	1687825	nan	1	153	new
154	0lLdorYw7lVrJydTINhWdI	It's Beginning to Look a Lot like Christmas	Michael Bublé	1686851	nan	6	76	re-enter
155	6xtcFXSo8H9BZN637BMVKS	Let You Love Me	Rita Ora	1683184	158	7	78	3
156	0ZPCxNK4DIrF8KqrN3DxfA	Negative Energy	Trippie Redd	1683142	57	2	57	-99
157	2fuCquhmrzHpu5xcA1ci9x	Under Pressure - Remastered	Queen	1670926	153	3	153	-4
158	6yz0Jndhv0QjKdpcEMbOjz	Shake It Up	Trippie Redd	1668584	146	15	52	-12
159	2rxQMGVafnNaRaXlRMWPde	Beautiful Crazy	Luke Combs	1657160	191	25	129	32
160	7c3SbTuufigBWURcICnAWy	Tints (feat. Kendrick Lamar)	Anderson .Paak	1654381	nan	1	160	new
161	6xcJyGpfZbuuiequtnlKt4	BUTTERFLY EFFECT	Travis Scott	1654157	178	16	26	17
162	0pqnGHJpmpxLKifKRmU6WP	Believer	Imagine Dragons	1651203	169	18	124	7
163	1zB4vmk8tFRmM9UULNzbLB	Thunder	Imagine Dragons	1646374	167	18	109	4
164	52okn5MNA47tk87PeZJLEL	Let You Down	NF	1630991	171	22	38	7
165	6Hgh47WXVKtXN5zGOu0hjI	OTW	Khalid	1626672	166	31	20	1
166	1Jl21sidRpEdlVBvYbssLx	Sin (feat. Jaden Smith)	Young Thug	1599976	159	9	63	-7
167	3ZhTT6yjZwpPph5MIJ53XY	Red Roses (feat. Landon Cube)	Lil Skies	1593916	170	46	38	3
168	6LyAwkJsHlW7RQ8S1cYAtM	Overdue (with Travis Scott)	Metro Boomin	1592249	nan	1	168	new
169	7inXu0Eaeg02VsM8kHNvzM	Let It Snow! Let It Snow! Let It Snow! (with The B. Swanson Quartet)	Frank Sinatra	1592219	nan	6	46	re-enter
170	4hQ6UGyWQIGJmHSo0J88JW	Back To You - From 13 Reasons Why – Season 2 Soundtrack	Selena Gomez	1584065	162	20	35	-8
171	4DyBx5MYoq8RsU33cEAIxT	Twerk (feat. Cardi B)	City Girls	1579286	nan	1	171	new
172	74wpYGsVh2J13iAmmg1Uln	The Mantra (with Pharrell & Kendrick Lamar)	Mike WiLL Made-It	1569664	nan	1	172	new
173	1RGasjWLZ4qMN7wbtkLa3u	my boy	Billie Eilish	1551796	nan	1	173	new
174	0dSIrRkA4PadGll16TgbnV	PICK IT UP (feat. A$AP Rocky)	Famous Dex	1550725	184	33	39	10
175	2eAZfqOm4EnOF9VvN50Tyc	The Way Life Goes (feat. Oh Wonder)	Lil Uzi Vert	1537581	188	65	8	13
176	2fQrGHiQOvpL9UgPvtYy6G	Bank Account	21 Savage	1533910	192	61	3	16
177	22ykS8KWpd2r4zcRZ0XMK5	Dreamcatcher (feat. Swae Lee & Travis Scott)	Metro Boomin	1533500	nan	1	177	new
178	4kWO6O1BUXcZmaxitpVUwp	Jackie Chan	Tiësto	1527806	183	27	18	5
179	2BJSMvOGABRxokHKB0OI8i	Shoota (feat. Lil Uzi Vert)	Playboi Carti	1527456	194	28	27	15
180	5gQcxYXqnofyocKgEbGYKt	Bounce Out With That	YBN Nahmir	1526267	181	11	126	1
181	5w7wuzMzsDer96KqxafeRK	COPYCAT	Billie Eilish	1523810	nan	1	181	new
182	0lG7iyNSstVOLV6faMIHdD	6 Summers	Anderson .Paak	1522082	nan	1	182	new
183	1gm616Plq4ScqNi7TVkZ5N	Call Out My Name	The Weeknd	1521379	nan	33	1	re-enter
184	7GqWnsKhMtEW0nzki5o0d8	Killer Queen - 2011 Mix	Queen	1519409	186	2	184	2
185	1SxagO9GK0UUeEYLmH8Pln	Toxic Waste	Trippie Redd	1510994	52	2	52	-133
186	0PpfPNtQOOvbMNVJijTQj0	Backin' It Up (feat. Cardi B)	Pardison Fontaine	1507840	nan	2	184	re-enter
187	48zFZh27QU5qsrBjn4C2FA	Vaina Loca	Ozuna	1507743	nan	12	69	re-enter
188	30z4LVkScpeNhwHFIB8Ewa	I Love	Joyner Lucas	1504778	197	5	112	9
189	2SL6oP2YAEQbqsrkOzRGO4	Venom - Music From The Motion Picture	Eminem	1501164	173	12	21	-16
190	55PZSFcKQxXH5BOOcDA6yI	The Greatest Show	Panic! At The Disco	1501040	nan	1	190	new
191	7BKLCZ1jbUBVqRi2FVlTVw	Closer	The Chainsmokers	1498250	nan	75	4	re-enter
192	2dKtWPLZvbCzwLRliNn8UI	Can't Love	Trippie Redd	1498226	68	2	68	-124
193	0At2qAoaVjIwWNAqrscXli	Boo'd Up	Ella Mai	1496790	199	28	26	6
194	2UVbBKQOdFAekPTRsnkzcf	Stir Fry	Migos	1484284	nan	40	2	re-enter
195	1co0puPTYvqAdUEjFOjne9	Simple	Florida Georgia Line	1484196	193	10	114	-2
196	5tFgCPC2Hdw4qu9b7RkWhR	Lose It	Kane Brown	1483565	nan	1	196	new
197	6HZILIRieu8S0iqY8kIKhj	DNA.	Kendrick Lamar	1482646	nan	62	2	re-enter
198	5uCax9HTNlzGybIStD3vDh	Say You Won't Let Go	James Arthur	1481539	nan	78	15	re-enter
199	04ZTP5KsCypmtCmQg5tH9R	I'm a Mess	Bebe Rexha	1479562	180	22	74	-19
200	65Q2mv3UlVi9eO70OpsmSe	A Holly Jolly Christmas - Single Version	Burl Ives	1479358	nan	6	35	re-enter
