position	song_id	song_name	artist	streams	last_week_position	weeks_on_chart	peak_position	position_status
1	2XW4DbS6NddZxRPm5rMCeY	God's Plan	Drake	23327237	1	6	1	0
2	65NwOZqoXny4JxqAPlfxRF	Psycho (feat. Ty Dolla $ign)	Post Malone	22727218	nan	1	2	new
3	3GCdLUSnKSMJhs4Tj6CV3s	All The Stars (with SZA)	Kendrick Lamar	12006752	nan	1	3	new
4	4qKcDkK6siZ7Jp1Jb4m0aL	Look Alive (feat. Drake)	BlocBoy JB	11672672	3	3	3	-1
5	2UVbBKQOdFAekPTRsnkzcf	Stir Fry	Migos	8848208	6	5	2	1
6	6tHWl8ows5JOZq9Yfaqn3M	Mine	Bazzi	8830008	4	7	4	-2
7	4ofvoCdXq99vpMZO4Cfp8x	Pray For Me (with Kendrick Lamar)	The Weeknd	8331820	5	4	3	-2
8	2ARqIya5NAuvFVHSN3bL0m	The Middle	Zedd	7714406	nan	1	8	new
9	51rXHuKN8Loc4sUlKPODgH	King's Dead (with Kendrick Lamar, Future & James Blake)	Jay Rock	7601008	7	7	7	-2
10	6iyp6udVpLuq3MCUulZT4h	44 More	Logic	7353991	nan	1	10	new
11	45Egmo7icyopuzJN0oMEdk	Love Lies (with Normani)	Khalid	7338268	11	2	11	0
12	2U7Hu2RaNQNRi7izoJyZaX	rockstar	Post Malone	7022044	9	2	9	-3
13	75ZvA4QfFiZvzhj2xkaWAh	I Fall Apart	Post Malone	6910639	10	24	2	-3
14	7sO5G9EABYOXQKNPNiE9NR	Ric Flair Drip (& Metro Boomin)	Offset	5679905	12	18	4	-2
15	0wbnC9AUenxp613TYaJsGK	Narcos	Migos	5566814	14	5	3	-1
16	3Vo4wInECJQuz9BIBMOu8i	Finesse - Remix; feat. Cardi B	Bruno Mars	5137374	16	8	2	0
17	08bNPGLD8AhKpnnERrAc6G	FRIENDS	Marshmello	5108078	20	3	17	3
18	7iDa6hUg2VgEL1o1HjmfBn	Meant to Be (feat. Florida Georgia Line)	Bebe Rexha	4998185	18	25	18	0
19	6PGoSes0D9eUDeeAafB2As	LOVE. FEAT. ZACARI.	Kendrick Lamar	4919733	17	46	5	-2
20	5jyyPsIGM2yqkZN9R3TmvN	The Ways (with Swae Lee)	Khalid	4742437	15	3	12	-5
21	4LmAnpjlhWTahvRkYR8xJa	X (with 2 Chainz & Saudi)	ScHoolboy Q	4709599	13	3	9	-8
22	4eWQlBRaTjPPUlzacqEeoQ	Never Be the Same	Camila Cabello	4491122	19	7	5	-3
23	5WoaF1B5XIEnWfmb5NZikf	Sky Walker (feat. Travis Scott)	Miguel	4446735	21	13	21	-2
24	6NWl2m8asvH83xjuXVNsuG	Betrayed	Lil Xan	4444785	23	19	23	-1
25	76cy1WJvNGJTj78UqeA5zr	IDGAF	Dua Lipa	4376528	29	9	25	4
26	7GX5flRQZVHRAGd6B4TmDO	XO Tour Llif3	Lil Uzi Vert	4180381	28	27	2	2
27	3ncgNpxLoBQ65ABk4djDyd	PICK IT UP (feat. A$AP Rocky)	Famous Dex	4116403	26	18	14	-1
28	42CeaId2XNlxugDvyqHfDf	Candy Paint	Post Malone	4114865	38	19	4	10
29	75FDPwaULRdYDn4StFN2rT	Bartier Cardi (feat. 21 Savage)	Cardi B	4104900	25	10	4	-4
30	2u7mxWSeoqTXndK5e08jMp	Nowadays (feat. Landon Cube)	Lil Skies	4036634	36	8	30	6
31	1rfofaqEpACxVEHIZBJe6W	Havana (feat. Young Thug)	Camila Cabello	4028719	24	7	2	-7
32	5lZsh9Qf7CbHI9Fcc7Zcsq	Bounce Out With That	YBN Nahmir	4027694	45	4	32	13
33	2DQ1ITjI0YoLFzuADN1ZBW	No Limit	G-Eazy	4022281	27	11	2	-6
34	3a1lNhkSLSkpJE4MSHpDu9	Congratulations	Post Malone	3975393	40	61	5	6
35	1Y500yrabUJY2mIQS3RDt4	RONDO	6ix9ine	3924801	nan	1	35	new
36	2tPcTFiQF9MbVUyjZ3zDhA	Paramedic!	SOB X RBE	3847952	22	3	16	-14
37	4pYZLpX23Vx8rwDpJCpPTA	New Freezer (feat. Kendrick Lamar)	Rich The Kid	3787819	41	22	37	4
38	5AEtlRudpgdT5FtNiuly6Y	Let Me Go (with Alesso, Florida Georgia Line & watt)	Hailee Steinfeld	3783795	33	24	19	-5
39	7bRRHQelMfrP86QYQlCsAq	BILLY	6ix9ine	3778407	nan	1	39	new
40	5k38wzpLb15YgncyWdTZE4	Him & I (with Halsey)	G-Eazy	3770773	30	11	5	-10
41	5CLGzJsGqhCEECcpnFQA8x	These Days (feat. Jess Glynne, Macklemore & Dan Caplen)	Rudimental	3715819	47	5	41	6
42	7KXjTSCq5nL1LoYtL7XAwS	HUMBLE.	Kendrick Lamar	3688497	34	48	1	-8
43	6mrKP2jyIQmM0rw6fQryjr	Let You Down	NF	3647782	35	20	11	-8
44	4wFjTWCunQFKtukqrNijEt	MotorSport	Migos	3608439	32	5	9	-12
45	2fQrGHiQOvpL9UgPvtYy6G	Bank Account	21 Savage	3591667	39	23	3	-6
46	5Z3GHaZ6ec9bsiI5BenrbY	Young Dumb & Broke	Khalid	3545057	44	47	6	-2
47	4dVpf9jZjcORqGTLUaeYj9	Plain Jane	A$AP Ferg	3543814	37	27	8	-10
48	1LhMopPAallLeaeNutqbgS	Say Something	Justin Timberlake	3380170	43	4	16	-5
49	4QfNOZN7vrQCQKK1ZJ3XPb	Heaven	Julia Michaels	3353192	58	3	49	9
50	6n4U3TlzUGhdSFbUUhTvLP	Walk It Talk It	Migos	3327747	46	5	6	-4
51	7q1ikCoQLytPP5TTzDy7JK	KEKE	6ix9ine	3190989	nan	1	51	new
52	5UEnHoDYpsxlfzWLZIc7LD	River (feat. Ed Sheeran)	Eminem	3122253	42	11	2	-10
53	2Pvr8rYuh5J8V7QglJhH6W	Want You Back	5 Seconds of Summer	3119205	nan	1	53	new
54	0tgVpDi06FyKpA1z0VMD4v	Perfect	Ed Sheeran	3082216	48	43	13	-6
55	4DTpngLjoHj5gFxEZFeD3J	Codeine Dreaming (feat. Lil Wayne)	Kodak Black	3080684	49	14	11	-6
56	5cXg9IQS34FzLVdHhp7hu7	Big Shot (with Travis Scott)	Kendrick Lamar	3077841	31	3	18	-25
57	3towKHKVOXCCcL1fHv6xFO	Capital Letters	Hailee Steinfeld	2980002	51	6	51	-6
58	0VtxQUpwnkeedz0QhhuOgA	GUMMO	6ix9ine	2913041	nan	1	58	new
59	40oKW22ZNNkEdZLJTScaQI	Roll In Peace (feat. XXXTENTACION)	Kodak Black	2896370	57	28	24	-2
60	152lZdxL1OR0ZMW6KquMif	Location	Khalid	2863775	53	61	9	-7
61	2ekn2ttSfGqwhhate0LSR0	New Rules	Dua Lipa	2843673	52	33	20	-9
62	3ZhTT6yjZwpPph5MIJ53XY	Red Roses (feat. Landon Cube)	Lil Skies	2842730	65	8	62	3
63	1XRgIKC5TPwo7nWGyKqgG0	I Get the Bag (feat. Migos)	Gucci Mane	2821588	54	20	7	-9
64	3ITvHA9zhZZdBJsOsAUegF	Amorfoda	Bad Bunny	2819106	100	2	64	36
65	5tz69p7tJuGPeMGwNTxYuV	1-800-273-8255	Logic	2804190	60	44	1	-5
66	790MhTXPFrYkrqCKvpg4t1	Wanted You (feat. Lil Uzi Vert)	NAV	2770827	59	16	28	-7
67	7m9OqQk4RVRkw9JJdeAw96	Jocelyn Flores	XXXTENTACION	2755594	64	27	3	-3
68	6gBFPUFcJLzWGx4lenP6h2	goosebumps	Travis Scott	2721966	63	61	16	-5
69	2IKZkwHI5zsZf70STuhvOX	Sick Boy	The Chainsmokers	2655145	50	2	50	-19
70	26gceVsA1ybT8qsX3aYLEn	Thunder	Imagine Dragons	2652234	nan	1	70	new
71	1yxgsra98r3qAtxqiGZPiX	BUTTERFLY EFFECT	Travis Scott	2638596	73	41	9	2
72	7AQim7LbvFVZJE3O8TYgf2	Fuck Love (feat. Trippie Redd)	XXXTENTACION	2600322	72	27	8	0
73	2771LMNxwf62FTAdpJMQfM	Bodak Yellow	Cardi B	2592193	56	32	3	-17
74	1USJRpWDFhxwhCajPXBeel	You Owe Me	The Chainsmokers	2538600	61	2	61	-13
75	7vGuf3Y35N4wmASOKLUVVU	Silence	Marshmello	2535054	71	29	10	-4
76	7EmGUiUaOSGDnUUQUDrOXC	Wolves	Selena Gomez	2504043	67	19	5	-9
77	5yuShbu70mtHXY0yLzCQLQ	Go Flex	Post Malone	2500707	99	61	24	22
78	1QRJb5VY3sIkCKcTuIKCrk	Rubbin off the Paint	YBN Nahmir	2496691	77	5	75	-1
79	2eAZfqOm4EnOF9VvN50Tyc	The Way Life Goes (feat. Oh Wonder)	Lil Uzi Vert	2487428	76	27	8	-3
80	630sXRhIcfwr2e4RdNtjKN	Rewrite The Stars	Zac Efron	2486731	68	9	22	-12
81	3B54sVLJ402zGa6Xm4YGNe	Unforgettable	French Montana	2466798	70	34	1	-11
82	1mXVgsBdtIVeCLJnSnmtdV	Too Good At Goodbyes	Sam Smith	2457365	69	17	3	-13
83	5HwnezK198pJCEj1l2Adjy	She Loves Control	Camila Cabello	2455906	96	7	81	13
84	2j2fIJGh4PMdXt9ULI5Tlc	Dura	Daddy Yankee	2442222	90	4	84	6
85	0gD6lWJhbXHWNVwQziSVvl	Plug Walk	Rich The Kid	2414671	87	3	79	2
86	43ZyHQITOjhciSUUNPVRHc	Gucci Gang	Lil Pump	2367601	74	21	2	-12
87	2xGjteMU3E1tkEPVFBO08U	This Is Me	Keala Settle	2339808	78	9	42	-9
88	1nO2NjuFkGaAWcMdJ1pNrp	Cocky (feat. London On Da Track)	A$AP Rocky	2318063	92	2	88	4
89	3YeJXuRSNS5FYwOsDu44kD	Dark Knight Dummo (Feat. Travis Scott)	Trippie Redd	2308153	109	12	63	20
90	5hM6sP0Gh1jD57drszNueC	For You (Fifty Shades Freed) (& Rita Ora)	Liam Payne	2295115	79	8	79	-11
91	6HZILIRieu8S0iqY8kIKhj	DNA.	Kendrick Lamar	2281530	80	46	2	-11
92	1f5cbQtDrykjarZVrShaDI	Drowning (feat. Kodak Black)	A Boogie Wit da Hoodie	2254977	85	22	21	-7
93	3OnOomd79OjqSYHchCQ6ht	Notice Me	Migos	2237700	86	5	23	-7
94	3m660poUr1chesgkkjQM7P	Sorry Not Sorry	Demi Lovato	2231467	81	22	11	-13
95	2xmrfQpmS2iJExTlklLoAL	I Miss You (feat. Julia Michaels)	Clean Bandit	2204198	89	18	57	-6
96	7y9iMe8SOB6z3NoHE2OfXl	Bad At Love	Halsey	2168413	83	29	25	-13
97	7bUcBztfGqO7cSI2gMZeCI	Opps (with Yugen Blakrok)	Vince Staples	2140201	62	3	37	-35
98	6eT7xZZlB2mwyzJ2sUKG6w	White Iverson	Post Malone	2137750	114	61	66	16
99	3kxfsdsCpFgN412fpnW85Y	Redbone	Childish Gambino	2113510	95	61	9	-4
100	7Izh7zLJGw1Nscd62Exxj4	Believer	Imagine Dragons	2097928	nan	1	100	new
101	0q75NwOoFiARAVp4EXU4Bs	Love Galore (feat. Travis Scott)	SZA	2088289	101	42	24	0
102	7qiZfU4dY1lWllzX7mPBI3	Shape of You	Ed Sheeran	2086607	91	60	1	-11
103	1uL78kFWxhz3umTMWJu8n5	Sauce It Up	Lil Uzi Vert	2075908	117	27	23	14
104	6p8NuHm8uCGnn2Dtbtf7zE	Slippery (feat. Gucci Mane)	Migos	2071232	94	57	21	-10
105	1OilOIju6R9ia8vilNjChh	Beautiful	Bazzi	2060312	nan	1	105	new
106	0as7lPxkBPctZ7uVmchRNM	Miss You (with Major Lazer & Tory Lanez)	Cashmere Cat	2026290	108	5	81	2
107	0SvxydoxEEkXt9aMAqTfpB	Wait (feat. A Boogie Wit da Hoodie)	Maroon 5	2014201	115	4	107	8
108	5qN4HFkapdAOV94XPryVof	Black Panther	Kendrick Lamar	2004870	55	3	23	-53
109	6QgjcU0zLnzq5OrUoSZ3OK	Feel It Still	Portugal. The Man	1948642	102	37	17	-7
110	1ob7M7lGdLSE0IWi2ymy6x	KOODA	6ix9ine	1946698	nan	1	110	new
111	0OWZFobGSIW9GrSlQ9C5pc	Marry Me	Thomas Rhett	1897180	111	12	90	0
112	3hBBKuWJfxlIlnd9QFoC8k	What Lovers Do (feat. SZA)	Maroon 5	1874067	105	17	9	-7
113	4cxMGhkinTocPSVVKWIw0d	Losin Control	Russ	1867535	116	59	75	3
114	0P6AWOA4LG1XOctzaVu5tt	The Weekend - Funk Wav Remix	SZA	1837976	112	9	98	-2
115	5mCPDVBb16L4XQwDdbRUpz	Passionfruit	Drake	1827732	107	3	107	-8
116	5537GkcZu99NDs1gH9iCOY	Sober Up	AJR	1821527	142	4	116	26
117	0DJBgBiYeSn6n1AXAkFVE8	I Am	Jorja Smith	1820428	75	3	45	-42
118	5uCax9HTNlzGybIStD3vDh	Say You Won't Let Go	James Arthur	1818190	113	61	15	-5
119	5Htb1uFQ1KrkFXlefS8oGj	Tell Me You Love Me	Demi Lovato	1812397	82	13	38	-37
120	5Qx9hngUBr30JFrNua7yp4	Outside Today	YoungBoy Never Broke Again	1810431	140	4	120	20
121	3wdfLVUhmX64lIyWIIEW8s	Ice Tray	Quality Control	1797565	110	12	75	-11
122	1HXy5I3HTWq8OvxCn0z7G7	Heaven	Kane Brown	1776944	126	7	122	4
123	7mldq42yDuxiUNn08nvzHO	Body Like A Back Road	Sam Hunt	1768801	118	56	15	-5
124	62vpWI1CHwFy7tMIcSStl8	No Role Modelz	J. Cole	1732336	124	61	71	0
125	0VgkVdmE4gld66l8iyGjgx	Mask Off	Future	1727741	119	17	73	-6
126	79GsUxLyzxgnN4I1E11dtO	Make Me Feel	Janelle Monáe	1716496	nan	1	126	new
127	2BNkTvg1kHAAfGvqh56x5a	Getting Over You	Lauv	1699962	172	2	127	45
128	1e1JKLEDKP7hEQzJfNAgPl	Magnolia	Playboi Carti	1698401	125	45	12	-3
129	25oOaleife6E2MIKmFkPvg	Relationship (feat. Future)	Young Thug	1692066	137	37	55	8
130	3GVkPk8mqxz0itaAriG1L7	Everybody Dies In Their Nightmares	XXXTENTACION	1691654	127	27	15	-3
131	2EEeOnHehOozLq4aS0n6SL	iSpy (feat. Lil Yachty)	KYLE	1682966	132	61	2	1
132	4BHzHISX21PYwGXiBEUQ70	BBO (Bad Bitches Only)	Migos	1676635	106	5	13	-26
133	0SGkqnVQo9KPytSri1H6cF	Bounce Back	Big Sean	1672333	122	61	3	-11
134	6H0AwSQ20mo62jGlPGB8S6	It's A Vibe	2 Chainz	1672176	123	44	41	-11
135	4knL4iPxPOZjQzTUlELGSY	Rake It Up	Yo Gotti	1670767	120	18	37	-15
136	1wjzFQodRWrPcQ0AnYnvQ9	I Like Me Better	Lauv	1664955	128	39	30	-8
137	2ZxTjs4EdJl4Y9YByIiNoo	You Make It Easy	Jason Aldean	1644817	121	5	101	-16
138	15EPc80XuFrb2LmOzGjuRg	Crew (feat. Brent Faiyaz & Shy Glizzy)	GoldLink	1644669	130	32	113	-8
139	6RSNKGdv3nDTHqgw4bdzyF	Yours	Russell Dickerson	1637570	147	9	139	8
140	1xznGGDReH1oQq0xzbwXa3	One Dance	Drake	1633894	129	55	13	-11
141	5u6vkDnOyaf8LsteDAj2ub	Ghostface Killers	21 Savage	1631228	134	18	8	-7
142	4KXwFI9pgJLpUIAc9oSL8j	Bloody Waters (with Anderson .Paak & James Blake)	Ab-Soul	1607873	93	3	52	-49
143	4ouEy5ReT2JKndoz8whXep	B.I.D	Tory Lanez	1605155	131	2	131	-12
144	7EUfNvyCVxQV3oN5ScA2Lb	Next To Me	Imagine Dragons	1600919	nan	1	144	new
145	5goGDc74vVREyN8al8CkPh	Diplomatic Immunity	Drake	1593776	104	6	3	-41
146	32DGGj6KlNuBr6WaqRxpxi	How Long	Charlie Puth	1593022	139	21	39	-7
147	7oJrVhiTPZGBXWPwhxjy9S	Lust	Lil Skies	1591911	153	7	147	6
148	0KKkJNfGyhkQ5aFogxQAPU	That's What I Like	Bruno Mars	1581022	133	61	3	-15
149	7zVCrzzEJU7u24sbJPXA5W	What Ifs (feat. Lauren Alaina)	Kane Brown	1577555	148	39	50	-1
150	6M0IsaUX4GNyto4niSegfI	No Option	Post Malone	1570573	nan	20	113	re-enter
151	343YBumqHu19cGoGARUTsd	Fake Love	Drake	1570119	138	60	2	-13
152	6gU9OKjOE7ghfEd55oRO57	The Weekend	SZA	1567445	154	33	90	2
153	3Q3myFA7q4Op95DOpHplaY	do re mi	blackbear	1558295	149	44	30	-4
154	76iVOVsliCHlWqKuDnCfhE	Redemption (with Babes Wodumo)	Zacari	1540813	97	3	73	-57
155	0AICBlLzFCTpUqmAbtzB2z	Love Scars	Trippie Redd	1539264	159	24	137	4
156	22nyEAEM29tcBRhukR089b	Icon	Jaden	1522761	151	10	120	-5
157	6EpRaXYhGOB3fj4V2uDkMJ	Strip That Down	Liam Payne	1518072	145	41	13	-12
158	6RKkHI2fkmgZq7uQPPav8f	Gang Gang	Migos	1507615	144	5	34	-14
159	1WIZiOuNO3woKfdlSK2gNn	Transportin'	Kodak Black	1506629	157	28	37	-2
160	365wwIjijQdlRJEjUWTidq	PROUD	2 Chainz	1506503	156	3	96	-4
161	10M2Ex445zw585Ducldzkw	In Case You Didn't Know	Brett Young	1505651	186	45	102	25
162	4Q3N4Ct4zCuIHuZ65E3BD4	Tunnel Vision	Kodak Black	1503187	162	54	5	0
163	2z4pcBLQXF2BXKFvd0BuB6	Tip Toe (feat. French Montana)	Jason Derulo	1499473	164	15	91	1
164	30MM5jWpUmOxtTNd9Ey5LZ	Unforgettable	Thomas Rhett	1498158	141	23	38	-23
165	5hcisvFMidkMJlElTO9Qmw	Sensualidad	Bad Bunny	1498142	185	14	92	20
166	4iLqG9SeJSnt0cSPICSjxv	Attention	Charlie Puth	1496485	146	45	16	-20
167	6SwRhMLwNqEi6alNPVG00n	LOYALTY. FEAT. RIHANNA.	Kendrick Lamar	1479788	155	46	4	-12
168	0w3Q14i073jLoew1hgJkwD	Heartache On The Dance Floor	Jon Pardi	1477843	nan	27	117	re-enter
169	3wGXyJGsCf1myH5MooQIqE	The Race	Tay-K	1477764	166	12	98	-3
170	2LBqCSwhJGcFQeTHMVGwy3	Die For You	The Weeknd	1472055	167	26	79	-3
171	7Il2yWQmsqKgSkLQvHTPUI	Tequila	Dan + Shay	1469556	nan	1	171	new
172	4OBZT9EnhYIV17t4pGw7ig	Best Part (feat. Daniel Caesar)	H.E.R.	1456213	198	3	172	26
173	1Qg9jWGDkKAGZXj5v2OG59	Wait	Maroon 5	1445584	161	16	58	-12
174	3DXncPQOG4VBw3QHh3S817	I'm the One (feat. Justin Bieber, Quavo, Chance the Rapper & Lil Wayne)	DJ Khaled	1444604	163	40	2	-11
175	7BKLCZ1jbUBVqRi2FVlTVw	Closer	The Chainsmokers	1440484	158	61	4	-17
176	2A69wys3S9uiPSmn6UZWJn	Written in the Sand	Old Dominion	1432981	nan	3	176	re-enter
177	5CtI0qwDJkDQGwXD1H1cLb	Despacito - Remix	Luis Fonsi	1419697	171	46	1	-6
178	2x0WlnmfG39ZuDmstl9xfX	End Game	Taylor Swift	1417096	136	13	29	-42
179	0jdny0dhgjUwoIp5GkqEaA	Praying	Kesha	1416264	165	29	17	-14
180	7foypmc7KZyU716Yv63BPe	Saint	Huncho Jack	1415399	180	10	33	0
181	5aAx2yezTd8zXrkmtKl66Z	Starboy	The Weeknd	1411403	179	61	3	-2
182	7zFXmv6vqI4qOt4yGf3jYZ	Get You (feat. Kali Uchis)	Daniel Caesar	1410438	192	4	181	10
183	7vu0JkJh0ldukEYbTVcqd0	Issues	Julia Michaels	1407693	177	9	155	-6
184	4Km5HrUvYTaSUfiSGPJeQR	Bad and Boujee (feat. Lil Uzi Vert)	Migos	1405693	174	61	1	-10
185	1mMLMZYXkMueg65jRRWG1l	When It Rains It Pours	Luke Combs	1402450	183	25	123	-2
186	6Za3190Sbw39BBC77WSS1C	Criminal	Natti Natasha	1399968	190	7	186	4
187	4AtZRwSR8BOTTQg5ihSggt	PRBLMS	6LACK	1397482	187	15	129	0
188	2bjwRfXMk4uRgOD9IBYl9h	Portland	Drake	1394376	168	46	2	-20
189	43PuMrRfbyyuz4QpZ3oAwN	Exchange	Bryson Tiller	1394167	196	58	84	7
190	3pXF1nA74528Edde4of9CC	Don't	Bryson Tiller	1393744	182	58	82	-8
191	248OFOZef6ShXv6DGgbnxU	Saved	Khalid	1392985	191	48	120	0
192	59J5nzL1KniFHnU120dQzt	wokeuplikethis*	Playboi Carti	1387524	193	46	54	1
193	4fC5jw1TI59GH1emfN1wtk	Poles 1469	Trippie Redd	1384835	195	9	162	2
194	1bhUWB0zJMIKr9yVPrkEuI	Perfect Duet (Ed Sheeran & Beyoncé)	Ed Sheeran	1380985	160	13	5	-34
195	43ay9lQZ5rfNcOOHhRF2cM	The Greatest Show	Hugh Jackman	1379185	150	9	72	-45
196	5gx2E5aIXMRBellPZW1up5	Pills & Automobiles (feat. Yo Gotti, A Boogie Wit Da Hoodie & Kodak Black)	Chris Brown	1373780	nan	17	78	re-enter
197	1zsG4eaZmkA1dvjDDsAGLK	Échame La Culpa	Luis Fonsi	1371352	184	15	52	-13
198	6RUKPb4LETWmmr3iAEQktW	Something Just Like This	The Chainsmokers	1356180	181	54	2	-17
199	0H8XeaJunhvpBdBFIYi6Sh	Deja Vu	Post Malone	1330283	nan	17	108	re-enter
200	2rb5MvYT7ZIxbKW5hfcHx8	Mi Gente	J Balvin	1314514	nan	34	8	re-enter
