position	song_id	song_name	artist	streams	last_week_position	weeks_on_chart	peak_position	position_status
1	2XW4DbS6NddZxRPm5rMCeY	God's Plan	Drake	23813466	1	5	1	0
2	2Imq77E6CEJR5TPUxlJvTY	All The Stars (with SZA)	Kendrick Lamar	11788229	2	2	2	0
3	4qKcDkK6siZ7Jp1Jb4m0aL	Look Alive (feat. Drake)	BlocBoy JB	11198053	3	2	3	0
4	6tHWl8ows5JOZq9Yfaqn3M	Mine	Bazzi	9089685	5	6	4	1
5	4ofvoCdXq99vpMZO4Cfp8x	Pray For Me (with Kendrick Lamar)	The Weeknd	8638003	4	3	3	-1
6	2UVbBKQOdFAekPTRsnkzcf	Stir Fry	Migos	8542568	6	4	2	0
7	51rXHuKN8Loc4sUlKPODgH	King's Dead (with Kendrick Lamar, Future & James Blake)	Jay Rock	7538428	7	6	7	0
8	09IStsImFySgyp0pIQdqAc	The Middle	Zedd	7006684	10	4	8	2
9	2U7Hu2RaNQNRi7izoJyZaX	rockstar	Post Malone	6777432	nan	1	9	new
10	75ZvA4QfFiZvzhj2xkaWAh	I Fall Apart	Post Malone	6368860	11	23	2	1
11	45Egmo7icyopuzJN0oMEdk	Love Lies (with Normani)	Khalid	6209867	nan	1	11	new
12	7sO5G9EABYOXQKNPNiE9NR	Ric Flair Drip (& Metro Boomin)	Offset	5668811	15	17	4	3
13	4LmAnpjlhWTahvRkYR8xJa	X (with 2 Chainz & Saudi)	ScHoolboy Q	5543125	9	2	9	-4
14	0wbnC9AUenxp613TYaJsGK	Narcos	Migos	5512933	13	4	3	-1
15	5jyyPsIGM2yqkZN9R3TmvN	The Ways (with Swae Lee)	Khalid	5427862	12	2	12	-3
16	3Vo4wInECJQuz9BIBMOu8i	Finesse - Remix; feat. Cardi B	Bruno Mars	5395258	14	7	2	-2
17	6PGoSes0D9eUDeeAafB2As	LOVE. FEAT. ZACARI.	Kendrick Lamar	5031544	17	45	5	0
18	7iDa6hUg2VgEL1o1HjmfBn	Meant to Be (feat. Florida Georgia Line)	Bebe Rexha	4927549	19	24	18	1
19	4eWQlBRaTjPPUlzacqEeoQ	Never Be the Same	Camila Cabello	4705659	20	6	5	1
20	08bNPGLD8AhKpnnERrAc6G	FRIENDS	Marshmello	4494903	29	2	20	9
21	5WoaF1B5XIEnWfmb5NZikf	Sky Walker (feat. Travis Scott)	Miguel	4428991	27	12	21	6
22	2tPcTFiQF9MbVUyjZ3zDhA	Paramedic!	SOB X RBE	4363719	16	2	16	-6
23	6NWl2m8asvH83xjuXVNsuG	Betrayed	Lil Xan	4335377	28	18	23	5
24	1rfofaqEpACxVEHIZBJe6W	Havana (feat. Young Thug)	Camila Cabello	4276479	25	6	2	1
25	75FDPwaULRdYDn4StFN2rT	Bartier Cardi (feat. 21 Savage)	Cardi B	4249742	22	9	4	-3
26	3ncgNpxLoBQ65ABk4djDyd	PICK IT UP (feat. A$AP Rocky)	Famous Dex	4244306	21	17	14	-5
27	2DQ1ITjI0YoLFzuADN1ZBW	No Limit	G-Eazy	4239226	24	10	2	-3
28	7GX5flRQZVHRAGd6B4TmDO	XO Tour Llif3	Lil Uzi Vert	4201302	30	26	2	2
29	76cy1WJvNGJTj78UqeA5zr	IDGAF	Dua Lipa	3959349	34	8	28	5
30	5k38wzpLb15YgncyWdTZE4	Him & I (with Halsey)	G-Eazy	3893355	32	10	5	2
31	5cXg9IQS34FzLVdHhp7hu7	Big Shot (with Travis Scott)	Kendrick Lamar	3824438	18	2	18	-13
32	4wFjTWCunQFKtukqrNijEt	MotorSport	Migos	3808811	31	4	9	-1
33	5AEtlRudpgdT5FtNiuly6Y	Let Me Go (with Alesso, Florida Georgia Line & watt)	Hailee Steinfeld	3794512	35	23	19	2
34	7KXjTSCq5nL1LoYtL7XAwS	HUMBLE.	Kendrick Lamar	3783335	38	47	1	4
35	6mrKP2jyIQmM0rw6fQryjr	Let You Down	NF	3781617	26	19	11	-9
36	2u7mxWSeoqTXndK5e08jMp	Nowadays (feat. Landon Cube)	Lil Skies	3769454	42	7	36	6
37	4dVpf9jZjcORqGTLUaeYj9	Plain Jane	A$AP Ferg	3745224	36	26	8	-1
38	42CeaId2XNlxugDvyqHfDf	Candy Paint	Post Malone	3694473	33	18	4	-5
39	2fQrGHiQOvpL9UgPvtYy6G	Bank Account	21 Savage	3621821	41	22	3	2
40	3a1lNhkSLSkpJE4MSHpDu9	Congratulations	Post Malone	3579352	43	60	5	3
41	4pYZLpX23Vx8rwDpJCpPTA	New Freezer (feat. Kendrick Lamar)	Rich The Kid	3514493	49	21	41	8
42	5UEnHoDYpsxlfzWLZIc7LD	River (feat. Ed Sheeran)	Eminem	3480160	48	10	2	6
43	1LhMopPAallLeaeNutqbgS	Say Something	Justin Timberlake	3476344	39	3	16	-4
44	5Z3GHaZ6ec9bsiI5BenrbY	Young Dumb & Broke	Khalid	3474671	46	46	6	2
45	5lZsh9Qf7CbHI9Fcc7Zcsq	Bounce Out With That	YBN Nahmir	3459220	51	3	45	6
46	6n4U3TlzUGhdSFbUUhTvLP	Walk It Talk It	Migos	3419780	40	4	6	-6
47	5CLGzJsGqhCEECcpnFQA8x	These Days (feat. Jess Glynne, Macklemore & Dan Caplen)	Rudimental	3356383	50	4	47	3
48	0tgVpDi06FyKpA1z0VMD4v	Perfect	Ed Sheeran	3337903	44	42	13	-4
49	4DTpngLjoHj5gFxEZFeD3J	Codeine Dreaming (feat. Lil Wayne)	Kodak Black	3313690	47	13	11	-2
50	2IKZkwHI5zsZf70STuhvOX	Sick Boy	The Chainsmokers	3223526	nan	1	50	new
51	3towKHKVOXCCcL1fHv6xFO	Capital Letters	Hailee Steinfeld	3109732	68	5	51	17
52	2ekn2ttSfGqwhhate0LSR0	New Rules	Dua Lipa	2907855	55	32	20	3
53	152lZdxL1OR0ZMW6KquMif	Location	Khalid	2878599	61	60	9	8
54	1XRgIKC5TPwo7nWGyKqgG0	I Get the Bag (feat. Migos)	Gucci Mane	2868746	57	19	7	3
55	5qN4HFkapdAOV94XPryVof	Black Panther	Kendrick Lamar	2862011	23	2	23	-32
56	2771LMNxwf62FTAdpJMQfM	Bodak Yellow	Cardi B	2856631	53	31	3	-3
57	40oKW22ZNNkEdZLJTScaQI	Roll In Peace (feat. XXXTENTACION)	Kodak Black	2850999	60	27	24	3
58	4QfNOZN7vrQCQKK1ZJ3XPb	Heaven	Julia Michaels	2845693	84	2	58	26
59	790MhTXPFrYkrqCKvpg4t1	Wanted You (feat. Lil Uzi Vert)	NAV	2823597	54	15	28	-5
60	5tz69p7tJuGPeMGwNTxYuV	1-800-273-8255	Logic	2812277	58	43	1	-2
61	1USJRpWDFhxwhCajPXBeel	You Owe Me	The Chainsmokers	2790562	nan	1	61	new
62	7bUcBztfGqO7cSI2gMZeCI	Opps (with Yugen Blakrok)	Vince Staples	2786993	37	2	37	-25
63	6gBFPUFcJLzWGx4lenP6h2	goosebumps	Travis Scott	2756139	64	60	16	1
64	7m9OqQk4RVRkw9JJdeAw96	Jocelyn Flores	XXXTENTACION	2731005	63	26	3	-1
65	3ZhTT6yjZwpPph5MIJ53XY	Red Roses (feat. Landon Cube)	Lil Skies	2703538	71	7	64	6
66	5VnDkUNyX6u5Sk0yZiP8XB	Thunder	Imagine Dragons	2671681	nan	1	66	new
67	7EmGUiUaOSGDnUUQUDrOXC	Wolves	Selena Gomez	2671311	62	18	5	-5
68	630sXRhIcfwr2e4RdNtjKN	Rewrite The Stars	Zac Efron	2659681	56	8	22	-12
69	1mXVgsBdtIVeCLJnSnmtdV	Too Good At Goodbyes	Sam Smith	2588143	65	16	3	-4
70	3B54sVLJ402zGa6Xm4YGNe	Unforgettable	French Montana	2584147	75	33	1	5
71	7vGuf3Y35N4wmASOKLUVVU	Silence	Marshmello	2579238	74	28	10	3
72	7AQim7LbvFVZJE3O8TYgf2	Fuck Love (feat. Trippie Redd)	XXXTENTACION	2572778	70	26	8	-2
73	1yxgsra98r3qAtxqiGZPiX	BUTTERFLY EFFECT	Travis Scott	2562825	69	40	9	-4
74	43ZyHQITOjhciSUUNPVRHc	Gucci Gang	Lil Pump	2552085	66	20	2	-8
75	0DJBgBiYeSn6n1AXAkFVE8	I Am	Jorja Smith	2459238	45	2	45	-30
76	2eAZfqOm4EnOF9VvN50Tyc	The Way Life Goes (feat. Oh Wonder)	Lil Uzi Vert	2455934	77	26	8	1
77	1QRJb5VY3sIkCKcTuIKCrk	Rubbin off the Paint	YBN Nahmir	2424028	78	4	75	1
78	2xGjteMU3E1tkEPVFBO08U	This Is Me	Keala Settle	2393943	72	8	42	-6
79	5hM6sP0Gh1jD57drszNueC	For You (Fifty Shades Freed) (& Rita Ora)	Liam Payne	2377196	90	7	79	11
80	6HZILIRieu8S0iqY8kIKhj	DNA.	Kendrick Lamar	2331114	80	45	2	0
81	3m660poUr1chesgkkjQM7P	Sorry Not Sorry	Demi Lovato	2310171	83	21	11	2
82	5Htb1uFQ1KrkFXlefS8oGj	Tell Me You Love Me	Demi Lovato	2278712	85	12	38	3
83	7y9iMe8SOB6z3NoHE2OfXl	Bad At Love	Halsey	2258370	82	28	25	-1
84	0zl3PdjIl320fK0pxBGWNR	KEKE	6ix9ine	2241086	81	6	47	-3
85	1f5cbQtDrykjarZVrShaDI	Drowning (feat. Kodak Black)	A Boogie Wit da Hoodie	2234923	91	21	21	6
86	3OnOomd79OjqSYHchCQ6ht	Notice Me	Migos	2229096	76	4	23	-10
87	0gD6lWJhbXHWNVwQziSVvl	Plug Walk	Rich The Kid	2194527	79	2	79	-8
88	41cpvQ2GyGb2BRdIRSsTqK	Moon River	Frank Ocean	2176881	nan	1	88	new
89	2xmrfQpmS2iJExTlklLoAL	I Miss You (feat. Julia Michaels)	Clean Bandit	2174749	89	17	57	0
90	2j2fIJGh4PMdXt9ULI5Tlc	Dura	Daddy Yankee	2171575	133	3	90	43
91	7qiZfU4dY1lWllzX7mPBI3	Shape of You	Ed Sheeran	2148764	97	59	1	6
92	1nO2NjuFkGaAWcMdJ1pNrp	Cocky (feat. London On Da Track)	A$AP Rocky	2146458	nan	1	92	new
93	4KXwFI9pgJLpUIAc9oSL8j	Bloody Waters (with Anderson .Paak & James Blake)	Ab-Soul	2129158	52	2	52	-41
94	6p8NuHm8uCGnn2Dtbtf7zE	Slippery (feat. Gucci Mane)	Migos	2108185	94	56	21	0
95	3kxfsdsCpFgN412fpnW85Y	Redbone	Childish Gambino	2095384	93	60	9	-2
96	5HwnezK198pJCEj1l2Adjy	She Loves Control	Camila Cabello	2060709	103	6	81	7
97	76iVOVsliCHlWqKuDnCfhE	Redemption (with Babes Wodumo)	Zacari	2044933	73	2	73	-24
98	1NtIMM4N0cFa1dNzN15chl	Believer	Imagine Dragons	2040856	nan	1	98	new
99	5yuShbu70mtHXY0yLzCQLQ	Go Flex	Post Malone	2039255	101	60	24	2
100	3ITvHA9zhZZdBJsOsAUegF	Amorfoda	Bad Bunny	2024604	nan	1	100	new
101	0q75NwOoFiARAVp4EXU4Bs	Love Galore (feat. Travis Scott)	SZA	1969383	105	41	24	4
102	6QgjcU0zLnzq5OrUoSZ3OK	Feel It Still	Portugal. The Man	1961512	104	36	17	2
103	2vjmyyAnDUzilFYxOlTdO1	GUMMO	6ix9ine	1957142	99	15	52	-4
104	5goGDc74vVREyN8al8CkPh	Diplomatic Immunity	Drake	1947043	86	5	3	-18
105	3hBBKuWJfxlIlnd9QFoC8k	What Lovers Do (feat. SZA)	Maroon 5	1938101	98	16	9	-7
106	4BHzHISX21PYwGXiBEUQ70	BBO (Bad Bitches Only)	Migos	1925111	88	4	13	-18
107	5mCPDVBb16L4XQwDdbRUpz	Passionfruit	Drake	1919461	114	2	107	7
108	0as7lPxkBPctZ7uVmchRNM	Miss You (with Major Lazer & Tory Lanez)	Cashmere Cat	1890517	100	4	81	-8
109	3YeJXuRSNS5FYwOsDu44kD	Dark Knight Dummo (Feat. Travis Scott)	Trippie Redd	1886745	107	11	63	-2
110	3wdfLVUhmX64lIyWIIEW8s	Ice Tray	Quality Control	1856963	106	11	75	-4
111	0OWZFobGSIW9GrSlQ9C5pc	Marry Me	Thomas Rhett	1851617	110	11	90	-1
112	0P6AWOA4LG1XOctzaVu5tt	The Weekend - Funk Wav Remix	SZA	1844048	116	8	98	4
113	5uCax9HTNlzGybIStD3vDh	Say You Won't Let Go	James Arthur	1826457	109	60	15	-4
114	6eT7xZZlB2mwyzJ2sUKG6w	White Iverson	Post Malone	1803598	115	60	66	1
115	0SvxydoxEEkXt9aMAqTfpB	Wait (feat. A Boogie Wit da Hoodie)	Maroon 5	1776207	134	3	115	19
116	4cxMGhkinTocPSVVKWIw0d	Losin Control	Russ	1775919	113	58	75	-3
117	1uL78kFWxhz3umTMWJu8n5	Sauce It Up	Lil Uzi Vert	1771918	129	26	23	12
118	7mldq42yDuxiUNn08nvzHO	Body Like A Back Road	Sam Hunt	1768684	125	55	15	7
119	0VgkVdmE4gld66l8iyGjgx	Mask Off	Future	1763744	118	16	73	-1
120	4knL4iPxPOZjQzTUlELGSY	Rake It Up	Yo Gotti	1745735	111	17	37	-9
121	2ZxTjs4EdJl4Y9YByIiNoo	You Make It Easy	Jason Aldean	1738628	141	4	101	20
122	0SGkqnVQo9KPytSri1H6cF	Bounce Back	Big Sean	1735311	127	60	3	5
123	6H0AwSQ20mo62jGlPGB8S6	It's A Vibe	2 Chainz	1699295	117	43	41	-6
124	62vpWI1CHwFy7tMIcSStl8	No Role Modelz	J. Cole	1695858	132	60	71	8
125	1e1JKLEDKP7hEQzJfNAgPl	Magnolia	Playboi Carti	1692726	121	44	12	-4
126	1HXy5I3HTWq8OvxCn0z7G7	Heaven	Kane Brown	1688278	158	6	126	32
127	3GVkPk8mqxz0itaAriG1L7	Everybody Dies In Their Nightmares	XXXTENTACION	1683933	119	26	15	-8
128	1wjzFQodRWrPcQ0AnYnvQ9	I Like Me Better	Lauv	1683352	135	38	30	7
129	1xznGGDReH1oQq0xzbwXa3	One Dance	Drake	1675061	152	54	13	23
130	15EPc80XuFrb2LmOzGjuRg	Crew (feat. Brent Faiyaz & Shy Glizzy)	GoldLink	1673186	124	31	113	-6
131	4ouEy5ReT2JKndoz8whXep	B.I.D	Tory Lanez	1660584	nan	1	131	new
132	2EEeOnHehOozLq4aS0n6SL	iSpy (feat. Lil Yachty)	KYLE	1651126	138	60	2	6
133	0KKkJNfGyhkQ5aFogxQAPU	That's What I Like	Bruno Mars	1643806	122	60	3	-11
134	5u6vkDnOyaf8LsteDAj2ub	Ghostface Killers	21 Savage	1638944	120	17	8	-14
135	35cOyocq8Gb6UcT0NWeTwn	Seasons (with Sjava & Reason)	Mozzy	1630258	87	2	87	-48
136	2x0WlnmfG39ZuDmstl9xfX	End Game	Taylor Swift	1625363	95	12	29	-41
137	25oOaleife6E2MIKmFkPvg	Relationship (feat. Future)	Young Thug	1624480	130	36	55	-7
138	343YBumqHu19cGoGARUTsd	Fake Love	Drake	1624196	144	59	2	6
139	32DGGj6KlNuBr6WaqRxpxi	How Long	Charlie Puth	1620380	123	20	39	-16
140	5Qx9hngUBr30JFrNua7yp4	Outside Today	YoungBoy Never Broke Again	1613842	157	3	140	17
141	30MM5jWpUmOxtTNd9Ey5LZ	Unforgettable	Thomas Rhett	1591462	163	22	38	22
142	5537GkcZu99NDs1gH9iCOY	Sober Up	AJR	1590382	140	3	140	-2
143	4FpfU1O7WCLBnmwu5XAFk4	Redemption Interlude	Zacari	1574156	92	2	92	-51
144	6RKkHI2fkmgZq7uQPPav8f	Gang Gang	Migos	1563805	108	4	34	-36
145	6EpRaXYhGOB3fj4V2uDkMJ	Strip That Down	Liam Payne	1562401	126	40	13	-19
146	4iLqG9SeJSnt0cSPICSjxv	Attention	Charlie Puth	1561008	136	44	16	-10
147	6RSNKGdv3nDTHqgw4bdzyF	Yours	Russell Dickerson	1556485	168	8	147	21
148	7zVCrzzEJU7u24sbJPXA5W	What Ifs (feat. Lauren Alaina)	Kane Brown	1549702	131	38	50	-17
149	3Q3myFA7q4Op95DOpHplaY	do re mi	blackbear	1545338	155	43	30	6
150	43ay9lQZ5rfNcOOHhRF2cM	The Greatest Show	Hugh Jackman	1532678	128	8	72	-22
151	22nyEAEM29tcBRhukR089b	Icon	Jaden	1527148	153	9	120	2
152	2Tq2R8sRftNEqdgJK5HadO	My My My!	Troye Sivan	1519720	145	6	17	-7
153	7oJrVhiTPZGBXWPwhxjy9S	Lust	Lil Skies	1517550	172	6	150	19
154	6gU9OKjOE7ghfEd55oRO57	The Weekend	SZA	1514664	147	32	90	-7
155	6SwRhMLwNqEi6alNPVG00n	LOYALTY. FEAT. RIHANNA.	Kendrick Lamar	1507573	149	45	4	-6
156	365wwIjijQdlRJEjUWTidq	PROUD	2 Chainz	1505470	96	2	96	-60
157	1WIZiOuNO3woKfdlSK2gNn	Transportin'	Kodak Black	1501891	154	27	37	-3
158	7BKLCZ1jbUBVqRi2FVlTVw	Closer	The Chainsmokers	1498301	176	60	4	18
159	0AICBlLzFCTpUqmAbtzB2z	Love Scars	Trippie Redd	1497846	150	23	137	-9
160	1bhUWB0zJMIKr9yVPrkEuI	Perfect Duet (Ed Sheeran & Beyoncé)	Ed Sheeran	1494398	112	12	5	-48
161	1Qg9jWGDkKAGZXj5v2OG59	Wait	Maroon 5	1492505	160	15	58	-1
162	4Q3N4Ct4zCuIHuZ65E3BD4	Tunnel Vision	Kodak Black	1483736	161	53	5	-1
163	3DXncPQOG4VBw3QHh3S817	I'm the One (feat. Justin Bieber, Quavo, Chance the Rapper & Lil Wayne)	DJ Khaled	1483437	170	39	2	7
164	2z4pcBLQXF2BXKFvd0BuB6	Tip Toe (feat. French Montana)	Jason Derulo	1476612	151	14	91	-13
165	0jdny0dhgjUwoIp5GkqEaA	Praying	Kesha	1468212	148	28	17	-17
166	3wGXyJGsCf1myH5MooQIqE	The Race	Tay-K	1465642	164	11	98	-2
167	2LBqCSwhJGcFQeTHMVGwy3	Die For You	The Weeknd	1464968	162	25	79	-5
168	2bjwRfXMk4uRgOD9IBYl9h	Portland	Drake	1455240	182	45	2	14
169	3I7krC8kr0gFR7P6vInR1I	Do I Make You Wanna	Billy Currington	1453779	nan	8	154	re-enter
170	0RoA7ObU6phWpqhlC9zH4Z	A Million Dreams	Ziv Zaifman	1448886	143	8	79	-27
171	5CtI0qwDJkDQGwXD1H1cLb	Despacito - Remix	Luis Fonsi	1446083	171	45	1	0
172	2BNkTvg1kHAAfGvqh56x5a	Getting Over You	Lauv	1442910	nan	1	172	new
173	45w70aQhNwke1yrQZO0ffm	Do Right	Glades	1442526	nan	1	173	new
174	4Km5HrUvYTaSUfiSGPJeQR	Bad and Boujee (feat. Lil Uzi Vert)	Migos	1438701	169	60	1	-5
175	2mfahQ0EaaZWq4cFNg6A1o	All On Me	Devin Dawson	1425967	167	3	167	-8
176	5jZF1nvKORdaHNjNNMRbFl	You Broke Up with Me	Walker Hayes	1420088	183	4	175	7
177	7vu0JkJh0ldukEYbTVcqd0	Issues	Julia Michaels	1412724	174	8	155	-3
178	0Gl5s8IhMmQE5YQwM8Qx1J	Never Enough	Loren Allred	1411918	146	8	81	-32
179	5aAx2yezTd8zXrkmtKl66Z	Starboy	The Weeknd	1410867	178	60	3	-1
180	7foypmc7KZyU716Yv63BPe	Saint	Huncho Jack	1408490	165	9	33	-15
181	6RUKPb4LETWmmr3iAEQktW	Something Just Like This	The Chainsmokers	1403241	186	53	2	5
182	3pXF1nA74528Edde4of9CC	Don't	Bryson Tiller	1401877	173	57	82	-9
183	1mMLMZYXkMueg65jRRWG1l	When It Rains It Pours	Luke Combs	1395872	196	24	123	13
184	1zsG4eaZmkA1dvjDDsAGLK	Échame La Culpa	Luis Fonsi	1395636	159	14	52	-25
185	5hcisvFMidkMJlElTO9Qmw	Sensualidad	Bad Bunny	1391681	192	13	92	7
186	10M2Ex445zw585Ducldzkw	In Case You Didn't Know	Brett Young	1375887	175	44	102	-11
187	4AtZRwSR8BOTTQg5ihSggt	PRBLMS	6LACK	1372575	193	14	129	6
188	0uxSUdBrJy9Un0EYoBowng	20 Min	Lil Uzi Vert	1370882	185	10	120	-3
189	3R9j8urSPiBbapNbyuSYkE	Grinding All My Life	Nipsey Hussle	1370062	nan	1	189	new
190	6Za3190Sbw39BBC77WSS1C	Criminal	Natti Natasha	1365247	nan	6	187	re-enter
191	248OFOZef6ShXv6DGgbnxU	Saved	Khalid	1362556	190	47	120	-1
192	7zFXmv6vqI4qOt4yGf3jYZ	Get You (feat. Kali Uchis)	Daniel Caesar	1362520	181	3	181	-11
193	59J5nzL1KniFHnU120dQzt	wokeuplikethis*	Playboi Carti	1359922	180	45	54	-13
194	6yr8GiTHWvFfi4o6Q5ebdT	'Till I Collapse	Eminem	1349993	189	33	152	-5
195	4fC5jw1TI59GH1emfN1wtk	Poles 1469	Trippie Redd	1345934	194	8	162	-1
196	43PuMrRfbyyuz4QpZ3oAwN	Exchange	Bryson Tiller	1343614	184	57	84	-12
197	6waqLPcT6ruMhmd36OhmFO	Losing Sleep	Chris Young	1341595	187	6	182	-10
198	4OBZT9EnhYIV17t4pGw7ig	Best Part (feat. Daniel Caesar)	H.E.R.	1339071	nan	2	196	re-enter
199	1LXbv9jiTtdBdHadZ317Gt	Designer	Lil Pump	1333268	156	7	64	-43
200	5NT0aZqWImC9fTzkW4z48o	KOODA	6ix9ine	1332497	179	11	90	-21
