position	song_id	song_name	artist	streams	last_week_position	weeks_on_chart	peak_position	position_status
1	2xLMifQCjDGFmkHkpNLD9h	SICKO MODE	Travis Scott	19657392	nan	1	1	new
2	2G7V7zsVDxg1yRsu7Ew9RJ	In My Feelings	Drake	16740738	1	3	1	-1
3	7wBJfHzpfI3032CSD7CE2m	STARGAZING	Travis Scott	16135390	nan	1	3	new
4	2E124GmJRnBJuXbTb4cPUB	FEFE (feat. Nicki Minaj & Murda Beatz)	6ix9ine	13705250	2	3	2	-2
5	7KZ5MMVgBVox9ycroB2UrI	CAROUSEL	Travis Scott	10496055	nan	1	5	new
6	0s3nnoMeVWz3989MkNQiRf	Lucid Dreams	Juice WRLD	10164183	3	4	2	-3
7	7lAK3oHbfEnvUQWosrMMpR	YOSEMITE	Travis Scott	9010555	nan	1	7	new
8	4SZepBIPDRwPaHIjAKwRDb	R.I.P. SCREW	Travis Scott	8857114	nan	1	8	new
9	20MuVazoNMv6xjKPnRFOxG	WAKE UP	Travis Scott	8834140	nan	1	9	new
10	6OaVWaGfhXn70ZJfdVcabn	NO BYSTANDERS	Travis Scott	8706848	nan	1	10	new
11	5WvAo7DNuPRmk4APhdPzi8	No Brainer	DJ Khaled	8378119	4	2	4	-7
12	1xYpVRspgaLxdJLOTQkTjg	STOP TRYING TO BE GOD	Travis Scott	8203081	nan	1	12	new
13	11kDth1aKUEUMq9r1pqyds	5% TINT	Travis Scott	8082395	nan	1	13	new
14	3ee8Jmje8o58CHK66QrVC2	SAD!	XXXTENTACION	7880680	5	21	1	-9
15	27a1mYSG5tYg7dmEjWBcmL	CAN'T SAY	Travis Scott	7609855	nan	1	15	new
16	5IaHrVsrferBYDm0bDyABy	Taste (feat. Offset)	Tyga	7430646	6	12	4	-10
17	6BJbOXDlgVAXSaq6wYFYT2	NC-17	Travis Scott	7413935	nan	1	17	new
18	58q2HKrzhC3ozto2nDdN4z	I Like It	Cardi B	7392168	7	18	3	-11
19	0d2iYfpKoM0QCKvcLCkBao	Eastside (with Halsey & Khalid)	benny blanco	7329140	10	4	10	-9
20	6NMtzpDQBTOfJwMzgMX0zl	SKELETONS	Travis Scott	7074891	nan	1	20	new
21	4KYS9GK68yeuUJ8vJfPxrq	WHO? WHAT!	Travis Scott	6967068	nan	1	21	new
22	0TlLq3lA83rQOYtrqBqSct	Nonstop	Drake	6959917	8	3	7	-14
23	4MXhiYIRDMGAuvZc5IFTwC	ASTROTHUNDER	Travis Scott	6784048	nan	1	23	new
24	7dt6x5M1jzdTEt8oCbisTK	Better Now	Post Malone	6677790	11	15	1	-13
25	0JP9xo3adEtGSdUEISiszL	Moonlight	XXXTENTACION	6636800	9	21	3	-16
26	6xcJyGpfZbuuiequtnlKt4	BUTTERFLY EFFECT	Travis Scott	6614930	nan	1	26	new
27	7fa9MBXhVfQ8P8Df9OEbD8	Girls Like You (feat. Cardi B)	Maroon 5	6540711	13	8	9	-14
28	58TaFP5j5i9swOf584yon2	HOUSTONFORNICATION	Travis Scott	6278045	nan	1	28	new
29	7gkWXbAxIYuvtOpcN3p9GJ	God is a woman	Ariana Grande	5764304	12	4	4	-17
30	6vN77lE9LK6HP2DewaN6HZ	Yes Indeed	Lil Baby	5645981	14	12	2	-16
31	3CA9pLiwRIGtUBiMjbZmRw	Nice For What	Drake	5334352	15	3	12	-16
32	0ZNrc4kNeQYD9koZ3KvCsy	BIG BANK (feat. 2 Chainz, Big Sean, Nicki Minaj)	YG	5222196	nan	1	32	new
33	6DCZcSspjsKoFjzjrWoCdn	God's Plan	Drake	4857429	16	3	16	-17
34	6vnfObZ4Ys70SBAtti1xZ9	COFFEE BEAN	Travis Scott	4850123	nan	1	34	new
35	2iUXsYOEPhVqEBwsqP70rE	Youngblood	5 Seconds of Summer	4709550	19	8	17	-16
36	3swc6WTsr7rl9DqQKQA55C	Psycho (feat. Ty Dolla $ign)	Post Malone	4696470	17	15	2	-19
37	7m9OqQk4RVRkw9JJdeAw96	Jocelyn Flores	XXXTENTACION	4345310	22	50	3	-15
38	0XySogm94T51XF5F2jumXm	All Girls Are The Same	Juice WRLD	4303537	23	4	23	-15
39	7K7MUBCnzgBAvMVW2RTWNs	Body (feat. brando)	Loud Luxury	4270583	nan	1	39	new
40	4kWO6O1BUXcZmaxitpVUwp	Jackie Chan	Tiësto	4133543	21	12	18	-19
41	3obgSF06ki98lYNLNq5vCB	Wasted (feat. Lil Uzi Vert)	Juice WRLD	4030475	25	4	25	-16
42	7AFASza1mXqntmGtbxXprO	changes	XXXTENTACION	3966310	24	21	7	-18
43	3qN5qMTKyEEmiTZD38BNTT	I'm Upset	Drake	3939691	20	3	17	-23
44	7AQim7LbvFVZJE3O8TYgf2	Fuck Love (feat. Trippie Redd)	XXXTENTACION	3879318	27	50	8	-17
45	6G8kHiVZ1jW7vHMPVRNZU0	Don’t Matter To Me (with Michael Jackson)	Drake	3829104	18	3	14	-27
46	4qKcDkK6siZ7Jp1Jb4m0aL	Look Alive (feat. Drake)	BlocBoy JB	3773157	28	26	3	-18
47	0e7ipj03S05BNilyu5bRzt	rockstar (feat. 21 Savage)	Post Malone	3750502	30	15	9	-17
48	55GiOwtxNajXVbpjjIzMnD	SWISH	Tyga	3713855	32	2	32	-16
49	7ycWLEP1GsNjVvcjawXz3z	Praise The Lord (Da Shine) (feat. Skepta)	A$AP Rocky	3564315	31	11	11	-18
50	4VUwkH455At9kENOfzTqmF	Beautiful (feat. Camila Cabello)	Bazzi	3482975	nan	1	50	new
51	4keoy2fqgwGnbWlm3ZVZFa	Happy Now	Zedd	3368219	50	3	50	-1
52	7rC5Pl8rQSX4myONQHYPBK	Mob Ties	Drake	3175989	29	3	23	-23
53	3u1S1OmAUhx5DRlLrXqyp3	Rise	Jonas Blue	3136502	35	7	35	-18
54	3V8UKqhEK5zBkBb6d6ub8i	Te Boté - Remix	Nio Garcia	3109312	42	17	42	-12
55	75ZvA4QfFiZvzhj2xkaWAh	I Fall Apart	Post Malone	3098686	45	47	2	-10
56	6IaieqiCVvsNvEt6Y7yOFa	Ball For Me (feat. Nicki Minaj)	Post Malone	3091376	39	15	9	-17
57	0At2qAoaVjIwWNAqrscXli	Boo'd Up	Ella Mai	2999033	38	13	26	-19
58	0E9ZjEAyAwOXZ7wJC0PD33	In My Mind	Dynoro	2980683	82	2	58	24
59	6vsV4D8BM6PioRr1UOx0n2	you should see me in a crown	Billie Eilish	2897742	33	3	33	-26
60	3GVkPk8mqxz0itaAriG1L7	Everybody Dies In Their Nightmares	XXXTENTACION	2857406	47	50	15	-13
61	3nc420PXjTdBV5TN0gCFkS	Ocean (feat. Khalid)	Martin Garrix	2852926	37	8	22	-24
62	0u2P5u6lvoDfwTYjAADbn4	lovely (with Khalid)	Billie Eilish	2791559	41	16	24	-21
63	1rqqCSm0Qe4I9rUvWncaom	High Hopes	Panic! At The Disco	2778737	46	7	45	-17
64	29tc0GbW0pTSBZSCZF3NWk	Lean Wit Me	Juice WRLD	2767383	86	4	64	22
65	6kPJZM97LwdG9QIsT7khp6	Solo (feat. Demi Lovato)	Clean Bandit	2764239	44	12	41	-21
66	5SxkdsY1ufZzoq9iXceLw9	no tears left to cry	Ariana Grande	2760349	49	16	9	-17
67	1ZAyjvIk9YiD76yYy0TEG6	Plug Walk	Rich The Kid	2701813	48	2	48	-19
68	5bJ1DrEM4hNCafcDd1oxHx	Self Care	Mac Miller	2629220	nan	1	68	new
69	4j3GWI86JvSaF0BLdmgcfF	Summertime Magic	Childish Gambino	2619641	40	5	13	-29
70	45Egmo7icyopuzJN0oMEdk	Love Lies (with Normani)	Khalid	2617701	57	25	9	-13
71	7ef4DlsgrMEH11cDZd32M6	One Kiss (with Dua Lipa)	Calvin Harris	2608432	58	18	19	-13
72	7sO5G9EABYOXQKNPNiE9NR	Ric Flair Drip (& Metro Boomin)	Offset	2586006	54	41	4	-18
73	7GX5flRQZVHRAGd6B4TmDO	XO Tour Llif3	Lil Uzi Vert	2580481	66	50	2	-7
74	7uzmGiiJyRfuViKKK3lVmR	Mine	Bazzi	2528407	63	17	16	-11
75	4hQ6UGyWQIGJmHSo0J88JW	Back To You - From 13 Reasons Why – Season 2 Soundtrack	Selena Gomez	2509277	43	5	35	-32
76	3qnoOm4fwZPBS116f5hpgF	All Mine	Kanye West	2506703	51	10	1	-25
77	6gBFPUFcJLzWGx4lenP6h2	goosebumps	Travis Scott	2417486	94	84	16	17
78	39NDBdU5Xkm5pCFGa5kZtI	Ladders	Mac Miller	2409567	nan	1	78	new
79	4UKCKdYiLN6IMA5ZESUTL7	the remedy for a broken heart (why am I so in love)	XXXTENTACION	2403230	64	17	18	-15
80	4e4fqjx0Izh4svvTef1z7e	Meant to Be (feat. Florida Georgia Line)	Bebe Rexha	2396874	69	7	44	-11
81	32lItqlMi4LBhb4k0BaSaC	Candy Paint	Post Malone	2382557	71	15	17	-10
82	6n4U3TlzUGhdSFbUUhTvLP	Walk It Talk It	Migos	2380181	70	28	6	-12
83	7IBSffWIu7P2MC7kMwy2FM	Hopeless Romantic (feat. Swae Lee)	Wiz Khalifa	2377232	52	4	37	-31
84	6Hgh47WXVKtXN5zGOu0hjI	OTW	Khalid	2371136	61	16	20	-23
85	2ZRo7axmMPeSVUvDbGkJah	Hope	XXXTENTACION	2365773	67	13	28	-18
86	1BuZAIO8WZpavWVbbq3Lci	Powerglide (feat. Juicy J) - From SR3MM	Rae Sremmurd	2336792	74	14	18	-12
87	6eYxmK9fdL4hwLnXG2zY3s	Look At Me!	XXXTENTACION	2326336	72	22	33	-15
88	42fw0rxRO2xbesF6mJfd4Y	Tequila	Dan + Shay	2324091	62	7	60	-26
89	0kHyKhJMukHEPfeh8s7rdM	Born To Be Yours	Kygo	2283884	60	8	49	-29
90	4zIO3ilp5HvTeK3HJHxhMP	Natural	Imagine Dragons	2278850	65	3	63	-25
91	5PTG6rrL6EPFD9E2QMI2pl	JAPAN	Famous Dex	2271847	59	18	12	-32
92	0b9oOr2ZgvyQu88wzixux9	This Is America	Childish Gambino	2265364	68	14	1	-24
93	5p7GiBZNL1afJJDUrOA6C8	Hurt Feelings	Mac Miller	2218063	nan	1	93	new
94	3EPXxR3ImUwfayaurPi3cm	Be Alright	Dean Lewis	2213207	176	2	94	82
95	5yNEdBlZMxpcVtGKz5NFk5	Side Effects (feat. Emily Warren)	The Chainsmokers	2200268	126	2	95	31
96	09IStsImFySgyp0pIQdqAc	The Middle	Zedd	2180064	75	10	8	-21
97	0E6PsO3ymCfUh7pJQjBgkj	APESHIT	The Carters	2171222	56	8	26	-41
98	1Knctxx9vGZxpZfF66BIEa	Legends	Juice WRLD	2125997	80	7	68	-18
99	7oJrVhiTPZGBXWPwhxjy9S	Lust	Lil Skies	2125535	79	28	79	-20
100	3a1lNhkSLSkpJE4MSHpDu9	Congratulations	Post Malone	2091523	87	84	5	-13
101	50wkDxcIfamIajKwmgp0iB	HANDGUN (feat. A$AP Rocky)	YG	2089759	nan	1	101	new
102	2BJSMvOGABRxokHKB0OI8i	Shoota (feat. Lil Uzi Vert)	Playboi Carti	2089258	78	13	27	-24
103	01z2fBGB8Hl3Jd3zXe4IXR	Come Back to Earth	Mac Miller	2081791	nan	1	103	new
104	6e2PtJYcltVk76nLwxBzRn	One Day (feat. Ryan Tedder)	Logic	2068080	34	2	34	-70
105	3DoBTwfr8yi2LN08SBpFkN	Watch (feat. Lil Uzi Vert & Kanye West)	Travis Scott	2058265	103	14	8	-2
106	3QybPutx0Tjk472bBKjNWn	Mo Bamba	Sheck Wes	2055195	141	2	106	35
107	1ZEm9cJC05rawV2tptNfTS	Bed (feat. Ariana Grande)	Nicki Minaj	2043416	53	8	26	-54
108	7KXjTSCq5nL1LoYtL7XAwS	HUMBLE.	Kendrick Lamar	2024770	90	71	1	-18
109	04ZTP5KsCypmtCmQg5tH9R	I'm a Mess	Bebe Rexha	2014199	84	7	84	-25
110	4P92FrvmYQSAfOpp4cpFEi	Simple	Florida Georgia Line	1996300	76	10	56	-34
111	2dgrYdgguVZKeCsrVb9XEs	What's the Use?	Mac Miller	1990837	nan	1	111	new
112	3ZhTT6yjZwpPph5MIJ53XY	Red Roses (feat. Landon Cube)	Lil Skies	1988352	83	31	38	-29
113	1qUdAB72nSWPZwDqH9KMYD	BULLETPROOF (feat. Jay 305)	YG	1988293	nan	1	113	new
114	2u7mxWSeoqTXndK5e08jMp	Nowadays (feat. Landon Cube)	Lil Skies	1976910	88	31	30	-26
115	0ibOcbkp2XG46Do8jcy0bL	Nephew (feat. Lil Pump)	Smokepurpp	1969416	163	2	115	48
116	63SevszngYpZOwf63o61K4	Nevermind	Dennis Lloyd	1966535	108	21	36	-8
117	1gm616Plq4ScqNi7TVkZ5N	Call Out My Name	The Weeknd	1963009	97	19	1	-20
118	1RagpNpkD3KcjXMLGMe99V	Fr Fr (feat. Lil Skies)	Wiz Khalifa	1958240	73	4	48	-45
119	40oKW22ZNNkEdZLJTScaQI	Roll In Peace (feat. XXXTENTACION)	Kodak Black	1943502	106	50	24	-13
120	07FkzikE6FuHIa8Ma7zJGc	Lie	NF	1933183	81	5	77	-39
121	3EApebexZ7YqDIqw2EMTDh	I Might Need Security	Chance the Rapper	1921753	55	3	18	-66
122	1zB4vmk8tFRmM9UULNzbLB	Thunder	Imagine Dragons	1915573	109	3	109	-13
123	4H7WNRErSbONkM06blBoGc	Stay	Post Malone	1892605	98	15	6	-25
124	1rfofaqEpACxVEHIZBJe6W	Havana (feat. Young Thug)	Camila Cabello	1881187	114	30	2	-10
125	5S1IUPueD0xE0vj4zU3nSf	Bigger Than You (feat. Drake & Quavo)	2 Chainz	1880505	85	8	28	-40
126	4F1yvJfQ7gJkrcgFJQDjOr	Playinwitme (feat. Kehlani)	KYLE	1860800	93	12	24	-33
127	0dSIrRkA4PadGll16TgbnV	PICK IT UP (feat. A$AP Rocky)	Famous Dex	1846892	99	18	39	-28
128	10Igtw8bSDyyFs7KIsKngZ	Freaky Friday (feat. Chris Brown)	Lil Dicky	1846842	96	21	6	-32
129	2rxQMGVafnNaRaXlRMWPde	Beautiful Crazy	Luke Combs	1837741	158	10	129	29
130	2lYTJK94hb0fd1LQtb6Dhk	Don't Leave Me Alone (feat. Anne-Marie)	David Guetta	1835562	100	2	100	-30
131	6nO3tr47nr2P7f3hXb8JIo	Champion (feat. Travis Scott)	NAV	1833425	95	12	60	-36
132	51rXHuKN8Loc4sUlKPODgH	King's Dead (with Kendrick Lamar, Future & James Blake)	Jay Rock	1828310	104	30	7	-28
133	3GCdLUSnKSMJhs4Tj6CV3s	All The Stars (with SZA)	Kendrick Lamar	1797719	117	24	3	-16
134	2UVbBKQOdFAekPTRsnkzcf	Stir Fry	Migos	1789252	118	28	2	-16
135	5Z3GHaZ6ec9bsiI5BenrbY	Young Dumb & Broke	Khalid	1787174	116	70	6	-19
136	2bSk87AVkCIIC3Bcligq1z	Life Goes On	Lil Baby	1783414	105	12	105	-31
137	2fQrGHiQOvpL9UgPvtYy6G	Bank Account	21 Savage	1781969	122	46	3	-15
138	2ijef6ni2amuunRoKTlgww	Sin Pijama	Becky G	1765552	101	7	101	-37
139	0pqnGHJpmpxLKifKRmU6WP	Believer	Imagine Dragons	1764828	128	3	124	-11
140	6ArSQdZWckNt208EzsgUM5	Taking A Walk	Trippie Redd	1755041	nan	1	140	new
141	3fpVWegR6YOS1Yk5HSMYIq	Paranoid	Post Malone	1754852	111	15	3	-30
142	08bNPGLD8AhKpnnERrAc6G	FRIENDS	Marshmello	1747916	110	26	17	-32
143	152lZdxL1OR0ZMW6KquMif	Location	Khalid	1745685	120	84	9	-23
144	6kp0inxIexxSiDJfWqq0ZL	TATI	6ix9ine	1740144	107	11	50	-37
145	1HXy5I3HTWq8OvxCn0z7G7	Heaven	Kane Brown	1738067	130	30	60	-15
146	6JjPBQfI2Y8nIjnm65X6Pw	X - Remix	Nicky Jam	1737556	91	6	83	-55
147	0wbnC9AUenxp613TYaJsGK	Narcos	Migos	1735517	125	23	3	-22
148	4QL6NHf6sl3Sx58AFKc1GQ	POWER (feat. Ty Dolla $ign)	YG	1726088	nan	1	148	new
149	2VdT56BGpdqNHUgOe1j5vc	Rich & Sad	Post Malone	1719790	113	15	5	-36
150	6f5i916F3jU6BhOOD7iGqf	Ned Flanders (feat. A$AP Ferg)	MadeinTYO	1708547	139	4	139	-11
151	3T4UodGkfZObJ43RtA5KFU	Connection	OneRepublic	1687857	112	5	88	-39
152	1dUHF4RyMmMTveJ0Rby6Xm	Can’t Take A Joke	Drake	1685907	89	3	68	-63
153	6EGAfJaLUFzhS4zRBIEQ2J	You Make It Easy	Jason Aldean	1678438	133	18	84	-20
154	01TnVDiet1DFTsyWKUKovl	NUMB	XXXTENTACION	1662169	124	13	23	-30
155	41zXlQxzTi6cGAjpOXyLYH	idontwannabeyouanymore	Billie Eilish	1660878	140	4	140	-15
156	4vaxvNDaLSoD36iZX515ug	Betrayed	Lil Xan	1657424	131	18	63	-25
157	6KBYefIoo7KydImq1uUQlL	Bodak Yellow	Cardi B	1650865	137	18	35	-20
158	2iWEpiPiIPf5D4f2UGBlrZ	Bounce Out With That	YBN Nahmir	1648897	127	11	105	-31
159	7ms3VzLTfr7fXNOqA4Mkx9	Creeping (feat. Rich the Kid)	Lil Skies	1647520	129	17	86	-30
160	0STK94RxUulYqWzwFlyAb5	Sober	Demi Lovato	1639177	77	4	77	-83
161	2374M0fQpWi3dLnB54qaLX	Africa	TOTO	1625560	146	18	144	-15
162	4dVpf9jZjcORqGTLUaeYj9	Plain Jane	A$AP Ferg	1624589	142	50	8	-20
163	6SFStUDQZNaGPKWOx9ZiJB	2002	Anne-Marie	1605364	123	15	84	-40
164	2P91MQbaiQOfbiz9VqhqKQ	I Like Me Better	Lauv	1598089	143	10	141	-21
165	5Psnhdkyanjpgc2P8A5TSM	Emotionless	Drake	1591385	92	3	65	-73
166	5tz69p7tJuGPeMGwNTxYuV	1-800-273-8255	Logic	1574122	144	67	1	-22
167	6lzLjIOyWTyTJvk0jraYee	Could've Been (feat. Bryson Tiller)	H.E.R.	1573012	nan	1	167	new
168	16umSNZfofRpDqTvf8DIAo	Wings	Mac Miller	1565772	nan	1	168	new
169	7qiZfU4dY1lWllzX7mPBI3	Shape of You	Ed Sheeran	1553171	150	83	1	-19
170	5VuxWXbt7XENQCtE9TzpTv	Spoil My Night (feat. Swae Lee)	Post Malone	1548384	135	15	4	-35
171	0Xcy81PsJCOO6mhLZaQyQ4	Perfecto	Mac Miller	1547678	nan	1	171	new
172	52okn5MNA47tk87PeZJLEL	Let You Down	NF	1541306	154	7	38	-18
173	3szf2z1Cy1QMrtHrbn8rz9	Elevate	Drake	1535345	102	3	72	-71
174	6PGoSes0D9eUDeeAafB2As	LOVE. FEAT. ZACARI.	Kendrick Lamar	1534951	157	69	5	-17
175	7DrluKkTviBwCc8AV3VGmf	Clandestino	Shakira	1527535	153	3	153	-22
176	7yotKA30dwTKNEGomV9ZsI	KOD	J. Cole	1526785	149	16	2	-27
177	33NEAJosK5zyLY2D4OG7AE	SLAY (feat. Quavo)	YG	1524864	nan	1	177	new
178	6NFyWDv5CjfwuzoCkw47Xf	Delicate	Taylor Swift	1522969	155	22	23	-23
179	7hDVYcQq6MxkdJGweuCtl9	ocean eyes	Billie Eilish	1518750	145	10	80	-34
180	2eAZfqOm4EnOF9VvN50Tyc	The Way Life Goes (feat. Oh Wonder)	Lil Uzi Vert	1511524	165	50	8	-15
181	1R0Ig5KYrSGWvIoPzY4T3l	Black & White	Juice WRLD	1498165	174	4	174	-7
182	7GG1QIQ547taCwl1uLaTf5	TOO COCKY	YG	1497838	nan	1	182	new
183	3B54sVLJ402zGa6Xm4YGNe	Unforgettable	French Montana	1485042	168	57	1	-15
184	2DQ1ITjI0YoLFzuADN1ZBW	No Limit	G-Eazy	1479341	160	34	2	-24
185	2Yl4OmDby9iitgNWZPwxkd	Be Careful	Cardi B	1474995	156	18	10	-29
186	1D2L6MefbXon28PzIk9I3r	92 Explorer	Post Malone	1474780	152	15	14	-34
187	7mldq42yDuxiUNn08nvzHO	Body Like A Back Road	Sam Hunt	1468300	180	79	15	-7
188	7vGuf3Y35N4wmASOKLUVVU	Silence	Marshmello	1462217	169	52	10	-19
189	76cy1WJvNGJTj78UqeA5zr	IDGAF	Dua Lipa	1461903	164	32	24	-25
190	2ekn2ttSfGqwhhate0LSR0	New Rules	Dua Lipa	1451055	173	56	20	-17
191	44KKhCyI0BGS6LvVyDqJtH	Esskeetit	Lil Pump	1450983	161	17	32	-30
192	0tgVpDi06FyKpA1z0VMD4v	Perfect	Ed Sheeran	1446475	175	66	13	-17
193	5de9Ho64dovuQI8Uhn5gPD	I Don't Wanna Do This Anymore	XXXTENTACION	1437371	159	8	79	-34
194	7BKLCZ1jbUBVqRi2FVlTVw	Closer	The Chainsmokers	1434140	178	73	4	-16
195	4EAV2cKiqKP5UPZmY6dejk	Everyday	Logic	1430278	167	22	6	-28
196	3Du2K5dLzmduCNp6uwuaL0	Sorry Not Sorry	Demi Lovato	1428532	162	5	162	-34
197	4n1bdaKwynQndm47x5HqWX	Blue Tint	Drake	1421720	138	3	91	-59
198	4wFjTWCunQFKtukqrNijEt	MotorSport	Migos	1420952	177	28	9	-21
199	21YnmkSDhUkmkkni22Svc4	In My Blood	Shawn Mendes	1405690	171	11	36	-28
200	1snWlbcbgQpJfknoI30DWG	Darkside	Alan Walker	1401655	nan	1	200	new
