position	song_id	song_name	artist	streams	last_week_position	weeks_on_chart	peak_position	position_status
1	3KkXRkHbMCARz0aVfEt68P	Sunflower - Spider-Man: Into the Spider-Verse	Post Malone	11348989	1	2	1	0
2	2rPE9A1vEgShuZxxzR2tZH	thank u, next	Ariana Grande	9226168	2	8	1	0
3	2xLMifQCjDGFmkHkpNLD9h	SICKO MODE	Travis Scott	9158408	3	21	1	0
4	0bYg9bo50gSsH3LtXe2SQn	All I Want for Christmas Is You	Mariah Carey	9011581	10	15	2	6
5	2IRZnDFmlqMuOrYOLnZZyc	Going Bad (feat. Drake)	Meek Mill	8773127	5	4	2	0
6	78QR3Wp35dqAhFEc2qAGjE	Drip Too Hard (Lil Baby & Gunna)	Lil Baby	8715630	6	12	1	0
7	6MWtB6iiXyIwun0YzU6DFP	Wow.	Post Malone	8254924	nan	1	7	new
8	0FZ4Dmg8jJJAPJnvBIzD9z	ZEZE (feat. Travis Scott & Offset)	Kodak Black	8168525	4	2	4	-4
9	2t8yVaLvJ0RenpXUIAC52d	a lot	21 Savage	8021330	nan	1	9	new
10	2EjXfH91m7f8HiJN1yQg97	Rockin' Around The Christmas Tree	Brenda Lee	7906671	17	4	10	7
11	1xzBco0xcoJEDXktl7Jxrr	Mo Bamba	Sheck Wes	7849377	8	12	1	-3
12	7vQbuQcyTflfCIOu3Uzzya	Jingle Bell Rock	Bobby Helms	7722902	16	6	12	4
13	5p7ujcrUXASCNwRaWNHR1C	Without Me	Halsey	7412009	9	12	6	-4
14	5hslUAKq9I9CG2bAulFkHN	It's the Most Wonderful Time of the Year	Andy Williams	7062102	20	12	14	6
15	0lizgQ7Qw35od7CYaoMBZb	Santa Tell Me	Ariana Grande	6855213	19	6	15	4
16	2FRnf9qhLbvw8fu4IBXx78	Last Christmas	Wham!	6398797	23	12	16	7
17	2FUNBaa5DwItJtYEBgAblU	monster	21 Savage	6121817	nan	1	17	new
18	14mHfNsSHN0FbLftyjrV9g	Leave Me Alone	Flipp Dinero	5995586	11	17	11	-7
19	0lLdorYw7lVrJydTINhWdI	It's Beginning to Look a Lot like Christmas	Michael Bublé	5732509	32	11	19	13
20	4paAidoE8VAemwU4jgCc6l	all my friends	21 Savage	5616199	nan	1	20	new
21	285pBltuF7vW8TeWk8hdRR	Lucid Dreams	Juice WRLD	5602844	14	3	12	-7
22	0247StOpd3AkeBQzANX4Zf	Do They Know It's Christmas? - 1984 Version	Band Aid	5516090	40	5	22	18
23	65Q2mv3UlVi9eO70OpsmSe	A Holly Jolly Christmas - Single Version	Burl Ives	5470734	36	11	23	13
24	4PS1e8f2LvuTFgUs1Cn3ON	The Christmas Song (Merry Christmas To You)	Nat King Cole	5402082	43	5	24	19
25	2G1tXoGBaEMJ7FKGnkf6ud	Wake Up in the Sky	Gucci Mane	5340216	13	3	13	-12
26	0todbbT9g5uQGbeFCiBf2F	imagine	Ariana Grande	5205506	7	2	7	-19
27	7Lbxvt42JsNSKVCaN63qhD	Wonderful Christmastime [Edited Version] - Remastered 2011 / Edited Version	Paul McCartney	5196078	48	5	27	21
28	7inXu0Eaeg02VsM8kHNvzM	Let It Snow! Let It Snow! Let It Snow! (with The B. Swanson Quartet)	Frank Sinatra	5078642	47	11	28	19
29	0jAfdqv18goRTUxm3ilRjb	Startender (feat. Offset and Tyga)	A Boogie Wit da Hoodie	4972529	nan	1	29	new
30	3ee8Jmje8o58CHK66QrVC2	SAD!	XXXTENTACION	4930103	18	41	1	-12
31	4so0Wek9Ig1p6CRCHuINwW	White Christmas	Bing Crosby	4905843	53	10	31	22
32	7xapw9Oy21WpfEcib2ErSA	Mistletoe	Justin Bieber	4796595	46	6	32	14
33	7pdF27mSDuPWhppnHAmWHa	whoa (mind in awe)	XXXTENTACION	4754825	12	3	2	-21
34	2GGMabyHXnJmjY6CXhhB2e	Money	Cardi B	4674596	45	10	17	11
35	22An65gG31JLf9n18qjdhZ	BAD!	XXXTENTACION	4559371	15	3	5	-20
36	3Ol2xnObFdKV9pmRD2t9x8	Look Back at It	A Boogie Wit da Hoodie	4549675	nan	1	36	new
37	2pXpURmn6zC5ZYDMms6fwa	It's Beginning to Look a Lot Like Christmas (with Mitchell Ayres & His Orchestra)	Perry Como	4471858	69	3	37	32
38	3zJw3rugfpVrmBeDDnUYzy	Happy Xmas (War Is Over) - Remastered	John Lennon	4436701	73	10	38	35
39	7dt6x5M1jzdTEt8oCbisTK	Better Now	Post Malone	4412346	26	35	1	-13
40	2dpaYNEQHiRxtZbfNsse99	Happier	Marshmello	4384016	21	19	8	-19
41	0JP9xo3adEtGSdUEISiszL	Moonlight	XXXTENTACION	4376153	25	41	3	-16
42	7taXf5odg9xCAZERYfyOkS	Feliz Navidad	José Feliciano	4263135	80	10	42	38
43	5wujBwqG7INdStqGd4tRMX	Armed And Dangerous	Juice WRLD	4184185	24	3	24	-19
44	3QiAAp20rPC3dcAtKtMaqQ	Blue Christmas	Elvis Presley	4143284	77	10	44	33
45	0hPLZrnDgtKxrym1BHjDhd	can't leave without it	21 Savage	4129975	nan	1	45	new
46	0TlLq3lA83rQOYtrqBqSct	Nonstop	Drake	4001407	30	23	5	-16
47	6zeeWid2sgw4lap2jV61PZ	Better	Khalid	3908151	28	9	12	-19
48	14JzyD6FlBD5z0wV5P07YI	when the party's over	Billie Eilish	3894519	29	11	12	-19
49	116H0KvKr2Zl4RPuVBruDO	MIA (feat. Drake)	Bad Bunny	3868523	33	11	2	-16
50	5Q2P43CJra0uRAogjHyJDK	Baby, It's Cold Outside	Brett Eldredge	3814791	85	5	50	35
51	2pnPe4pJtq7689i5ydzvJJ	Run Rudolph Run - Single Version	Chuck Berry	3814018	92	10	51	41
52	2wOXxtHZgRkkrkEbKLzzqs	1.5	21 Savage	3793541	nan	1	52	new
53	6tjituizSxwSmBB5vtgHZE	Holly Jolly Christmas	Michael Bublé	3784654	79	7	53	26
54	3L19besdNQzd342qL78xqm	Demons and Angels (feat. Juice WRLD)	A Boogie Wit da Hoodie	3779788	nan	1	54	new
55	3nAp4IvdMPPWEH9uuXFFV5	Underneath the Tree	Kelly Clarkson	3764018	95	5	55	40
56	5ZSIExfQuVv69tw5Qw3yDl	break da law	21 Savage	3755122	nan	1	56	new
57	2LskIZrCeLxRvCiGP8gxlh	Arms Around You (feat. Maluma & Swae Lee)	XXXTENTACION	3696368	34	9	6	-23
58	1Qi2wh8fFgDV7tl4Sj3f2K	Have Yourself A Merry Little Christmas	Sam Smith	3647682	97	5	58	39
59	7FGq80cy8juXBCD2nrqdWU	Eastside (with Halsey & Khalid)	benny blanco	3593886	38	3	38	-21
60	5ASM6Qjiav2xPe7gRkQMsQ	Sleigh Ride	The Ronettes	3593663	104	2	60	44
61	2uFaJJtFpPDc5Pa95XzTvg	Let It Snow! Let It Snow! Let It Snow!	Dean Martin	3592765	109	5	61	48
62	4w8niZpiMy6qz1mntFA5uM	Taki Taki (with Selena Gomez, Ozuna & Cardi B)	DJ Snake	3571257	35	13	7	-27
63	6Gy7rXB6Ku5vIWC7WGWsl3	KIKA	6ix9ine	3545497	27	5	9	-36
64	2QgfDF0fQ4sskDthP8MG5w	asmr	21 Savage	3539804	nan	1	64	new
65	7m9OqQk4RVRkw9JJdeAw96	Jocelyn Flores	XXXTENTACION	3520457	37	70	3	-28
66	5kfNriitmkNE8mUbZ7gbq8	Saturday Nights	Khalid	3503898	51	9	32	-15
67	1rqqCSm0Qe4I9rUvWncaom	High Hopes	Panic! At The Disco	3464337	41	27	41	-26
68	4f1XXGjZZ9EkFkrbPJek6X	gun smoke	21 Savage	3463956	nan	1	68	new
69	5IaHrVsrferBYDm0bDyABy	Taste (feat. Offset)	Tyga	3444117	42	32	4	-27
70	4QIyEq7TcTdAcxjI2AFlAK	FEFE	6ix9ine	3388876	39	3	37	-31
71	50a8bKqlwDEqeiEknrzkTO	ball w/o you	21 Savage	3382025	nan	1	71	new
72	0ZKKJTv21zJpNrKiL0LYyV	out for the night	21 Savage	3357717	nan	1	72	new
73	58q2HKrzhC3ozto2nDdN4z	I Like It	Cardi B	3335633	55	38	3	-18
74	74lnM5V6ecvoTPV0fvptx9	Nuketown (feat. Juice WRLD)	Ski Mask The Slump God	3296116	52	4	18	-22
75	3PIDciSFdrQxSQSihim3hN	Christmas (Baby Please Come Home)	Mariah Carey	3290853	120	4	75	45
76	6vN77lE9LK6HP2DewaN6HZ	Yes Indeed	Lil Baby	3261742	44	32	2	-32
77	1NJcg626wLln4pGHpiV7mf	lovely	Billie Eilish	3187187	50	3	44	-27
78	5VEuraNSVxMTzDTtrmL3lQ	Winter Wonderland	Bing Crosby	3185177	127	10	60	49
79	1wJRveJZLSb1rjhnUHQiv6	Swervin (feat. 6ix9ine)	A Boogie Wit da Hoodie	3097747	nan	1	79	new
80	6YJdPrH3i2POzu7hdHIRrb	Santa Baby	Ariana Grande	3071413	113	5	80	33
81	5274I4mUMnYczyeXkGDWZN	Fine China	Future	3031771	49	10	6	-32
82	0e7ipj03S05BNilyu5bRzt	rockstar (feat. 21 Savage)	Post Malone	3017550	64	35	9	-18
83	2MShy1GSSgbmGUxADNIao5	Calling My Spirit	Kodak Black	3000650	31	2	31	-52
84	3swc6WTsr7rl9DqQKQA55C	Psycho (feat. Ty Dolla $ign)	Post Malone	2996242	60	35	2	-24
85	1foCxQtxBweJtZmdxhEHVO	Santa Baby (with Henri René & His Orchestra)	Eartha Kitt	2994947	134	10	83	49
86	5Ber68jZ7ytegr2UISEdb7	Santa Claus Is Coming to Town	Michael Bublé	2992930	140	5	86	54
87	75ZvA4QfFiZvzhj2xkaWAh	I Fall Apart	Post Malone	2951634	65	67	2	-22
88	7AQim7LbvFVZJE3O8TYgf2	Fuck Love (feat. Trippie Redd)	XXXTENTACION	2931020	59	70	8	-29
89	6ho88pvz4c8WCSFbdVXNia	a&t	21 Savage	2920007	nan	1	89	new
90	7lAK3oHbfEnvUQWosrMMpR	YOSEMITE	Travis Scott	2918589	71	21	7	-19
91	4EZUcj7c8n9pWIwHqN0DoH	Do You Hear What I Hear?	Bing Crosby	2914152	145	7	91	54
92	40T5GIqQ1CegGm2PTEl8Bu	idontwannabeyouanymore	Billie Eilish	2913521	61	3	61	-31
93	6DCZcSspjsKoFjzjrWoCdn	God's Plan	Drake	2909202	63	23	16	-30
94	1VuAamHM7P3VQQEXYGG3Uu	Joy To The World	Nat King Cole	2864758	159	3	94	65
95	4tHqQMWSqmL6YjXwsqthDI	Carol of the Bells	Mykola Dmytrovych Leontovych	2842946	142	10	69	47
96	5aXgz1oKK8Q9z9xvTmSnrO	Topanga	Trippie Redd	2839675	54	7	11	-42
97	6wWaVoUOzLQJHd3bWAUpdZ	Never Recover (Lil Baby & Gunna, Drake)	Lil Baby	2836854	58	12	3	-39
98	4VXIryQMWpIdGgYR4TrjT1	All Girls Are The Same	Juice WRLD	2808269	66	3	66	-32
99	4MrfQL4TYQXJBlZYpAHTuE	Baby, It's Cold Outside	Dean Martin	2781582	165	5	99	66
100	6pVW5LRWgeLaHudxauOTJU	Jingle Bell Rock - Daryl's Version	Daryl Hall & John Oates	2779605	161	3	100	61
101	79OEIr4J4FHV0O3KrhaXRb	Splashin	Rich The Kid	2763746	70	2	70	-31
102	7faDzZnZYqTyYThx2sbHVQ	Mistletoe And Holly - Remastered 1999	Frank Sinatra	2713903	175	6	102	73
103	2G7V7zsVDxg1yRsu7Ew9RJ	In My Feelings	Drake	2701511	76	23	1	-27
104	1KVczjazCcCCgM3gXXUl47	Roses (with Juice WRLD feat. Brendon Urie)	benny blanco	2691267	67	3	67	-37
105	4eqne0oIdt9GW2ubiliny0	"Have Yourself A Merry Little Christmas - ""Meet Me In St. Louis"" Original Cast Recording"	Judy Garland	2665120	179	7	87	74
106	27rdGxbavYJeBphck5MZAF	Nothing Breaks Like a Heart (feat. Miley Cyrus)	Mark Ronson	2664199	62	4	36	-44
107	0AluA5RNsa4Cx6XRhf2hWZ	10 Freaky Girls (with 21 Savage)	Metro Boomin	2650186	57	6	22	-50
108	7AFASza1mXqntmGtbxXprO	changes	XXXTENTACION	2634789	74	41	7	-34
109	1fewSx2d5KIZ04wsooEBOz	Space Cadet (feat. Gunna)	Metro Boomin	2633826	72	6	39	-37
110	4uP3pUP18ennmz0tb3GphR	Solo de Mi	Bad Bunny	2592190	nan	1	110	new
111	4qKcDkK6siZ7Jp1Jb4m0aL	Look Alive (feat. Drake)	BlocBoy JB	2551119	86	46	3	-25
112	6JQvHMSaR8flFsN53ypOfP	Noticed	Lil Mosey	2548055	81	10	23	-31
113	4jvjzW7Hm0yK4LvvE0Paz9	Falling Down - Bonus Track	Lil Peep	2533351	68	7	16	-45
114	04MLEeAMuV9IlHEsD8vF6A	No Stylist	French Montana	2522930	75	14	21	-39
115	3oDkdAySo1VQQG0ptV7uwa	Lean Wit Me	Juice WRLD	2522543	82	3	82	-33
116	4ricyQVd20UQde1jpXCSuJ	Winter Wonderland	Tony Bennett	2518717	191	2	116	75
117	6s2wpWPFPAgKg2LXxi1Oee	Santa Claus Is Comin' to Town - Live at C.W. Post College, Greenvale, NY - December 1975	Bruce Springsteen	2517839	192	2	117	75
118	2RSHsoi04658QL5xgQVov3	Bad Liar	Imagine Dragons	2508585	89	7	28	-29
119	25leEEaz1gIpp7o21Fqyjo	Here Comes Santa Claus (Right Down Santa Claus Lane)	Gene Autry	2486932	185	7	107	66
120	0ZNrc4kNeQYD9koZ3KvCsy	BIG BANK (feat. 2 Chainz, Big Sean, Nicki Minaj)	YG	2468525	83	21	24	-37
121	4KX8vXbouybtUptEyYxtIk	MoshPit (feat. Juice WRLD)	Kodak Black	2458116	22	2	22	-99
122	4OafepJy2teCjYJbvFE60J	breathin	Ariana Grande	2435276	78	19	5	-44
123	2iUXsYOEPhVqEBwsqP70rE	Youngblood	5 Seconds of Summer	2417864	88	28	17	-35
124	1uULQtJ8rbsX5TwjPpPc9Q	4L	21 Savage	2399861	nan	1	124	new
125	4VUwkH455At9kENOfzTqmF	Beautiful (feat. Camila Cabello)	Bazzi	2392071	101	21	30	-24
126	3h1EREJfCwyv6cG7CGak5d	What Christmas Means To Me	Stevie Wonder	2390465	196	2	126	70
127	5JEx7HbmvHQQswJCsoo9rA	Close To Me (with Diplo) (feat. Swae Lee)	Ellie Goulding	2355053	94	9	45	-33
128	4m5Cd9kAbIxg6t9sMrQWtk	TIC TOC	6ix9ine	2351165	56	5	8	-72
129	5xlS0QkVrSH7ssEbBgBzbM	Little Saint Nick - 1991 Remix	The Beach Boys	2340611	199	6	101	70
130	597IVBYr60vm0HKjgOnztJ	Sleigh Ride	Carpenters	2340306	nan	2	130	re-enter
131	4rMWDm28mERZcRPc1f3yir	Santa Claus Is Coming To Town	The Jackson 5	2338387	nan	1	131	new
132	6Tof6kPUc2a17GKaKz4IXz	You're A Mean One, Mr. Grinch - From Dr. Seuss' 'How The Grinch Stole Christmas'	Thurl Ravenscroft	2327335	nan	2	127	re-enter
133	7GX5flRQZVHRAGd6B4TmDO	XO Tour Llif3	Lil Uzi Vert	2315946	110	70	2	-23
134	04vLj9QUXoKdRlsp3gkURo	Mele Kalikimaka (Merry Christmas)	Bing Crosby	2308499	nan	1	134	new
135	7sO5G9EABYOXQKNPNiE9NR	Ric Flair Drip (& Metro Boomin)	Offset	2296886	93	61	4	-42
136	4hXAK3mjFVFOOiJQ3rKAXi	Rudolph The Red-Nosed Reindeer	Burl Ives	2290091	nan	6	89	re-enter
137	3GVkPk8mqxz0itaAriG1L7	Everybody Dies In Their Nightmares	XXXTENTACION	2263028	102	70	15	-35
138	25sgk305KZfyuqVBQIahim	Sweet but Psycho	Ava Max	2222305	118	12	61	-20
139	5stbfxsPi8gcOH2LCuA4Le	pad lock	21 Savage	2214199	nan	1	139	new
140	550rQQCGkrTzvp4SfpOPzx	Hallelujah	Pentatonix	2207953	180	9	135	40
141	15coTBAzEN1bOeipoNDZAR	Merry Christmas, Happy Holidays	*NSYNC	2203998	193	3	141	52
142	75lcPkAkUsKWHGBlGM476R	1400 / 999 Freestyle	Trippie Redd	2201527	87	7	23	-55
143	7tFiyTwD0nx5a1eklYtX2J	Bohemian Rhapsody - 2011 Mix	Queen	2198373	108	9	42	-35
144	4QX5pZQpQTgVlkqfUTDim0	Silver Bells	Dean Martin	2196785	nan	5	103	re-enter
145	5OCJzvD7sykQEKHH7qAC3C	God is a woman	Ariana Grande	2175951	91	19	6	-54
146	2qT1uLXPVPzGgFOx4jtEuo	no tears left to cry	Ariana Grande	2168916	105	19	18	-41
147	299lFlaAsNQdgbIZNPmIA0	Christmas Time Is Here - Vocal	Vince Guaraldi Trio	2166182	nan	6	39	re-enter
148	55xNjVrGJxgqcEFqCyejTM	letter 2 my momma	21 Savage	2150137	nan	1	148	new
149	7fa9MBXhVfQ8P8Df9OEbD8	Girls Like You (feat. Cardi B)	Maroon 5	2138325	116	28	9	-33
150	4S8d14HvHb70ImctNgVzQQ	I Love It (& Lil Pump)	Kanye West	2134560	112	16	1	-38
151	2VxeLyX666F8uXCJ0dZF8B	Shallow	Lady Gaga	2129322	96	12	11	-55
152	7wBJfHzpfI3032CSD7CE2m	STARGAZING	Travis Scott	2127489	111	21	3	-41
153	1UQbxSOVbauPxaUh337GTx	My Only Wish (This Year)	Britney Spears	2120808	nan	1	153	new
154	3CA9pLiwRIGtUBiMjbZmRw	Nice For What	Drake	2117862	98	23	12	-56
155	1oJ8EDr2pv94IvSd6ZmDgo	MAMA	6ix9ine	2114663	90	5	15	-65
156	4OBZT9EnhYIV17t4pGw7ig	Best Part (feat. Daniel Caesar)	H.E.R.	2106049	124	30	124	-32
157	2LqoYvMudv9xoTqNLFKILj	good day	21 Savage	2087050	nan	1	157	new
158	1ZAyjvIk9YiD76yYy0TEG6	Plug Walk	Rich The Kid	2080016	125	22	48	-33
159	3a1lNhkSLSkpJE4MSHpDu9	Congratulations	Post Malone	2064724	129	104	5	-30
160	577YBGuskWkVDCxZrLRB4v	Pure Cocaine	Lil Baby	2011922	114	4	52	-46
161	60SdxE8apGAxMiRrpbmLY0	Lucky You (feat. Joyner Lucas)	Eminem	2004380	122	17	1	-39
162	2uIX8YMNjGMD7441kqyyNU	ocean eyes	Billie Eilish	1996530	119	17	78	-43
163	4Uy3kNxW2kB8AEoXljEcth	Familia (with Anuel Aa, feat. Bantu) - Spider-Man: Into the Spider-Verse	Nicki Minaj	1990796	115	2	115	-48
164	51NFxnQvaosfDDutk0tams	bellyache	Billie Eilish	1985790	117	8	49	-47
165	3VTNVsTTu05dmTsVFrmGpK	Fairytale of New York (feat. Kirsty MacColl)	The Pogues	1977495	nan	2	165	re-enter
166	45Egmo7icyopuzJN0oMEdk	Love Lies (with Normani)	Khalid	1976890	128	45	9	-38
167	3GJ4hzg4lrGwU51Y3VARbF	Speechless	Dan + Shay	1963426	135	21	102	-32
168	2L9QLAhrvtP4EYg1lY0Tnw	Rudolph The Red-Nosed Reindeer	Dean Martin	1962047	nan	1	168	new
169	1Gno5IBUHh6vUKp4nxu2Yd	Love Drugs and Sex	A Boogie Wit da Hoodie	1959193	nan	1	169	new
170	2OQ6a4CfUeYskpTTgyawyJ	You Make It Feel Like Christmas (feat. Blake Shelton)	Gwen Stefani	1951073	nan	1	170	new
171	6keKIzkXWdbwJWMBJQUwYl	The First Noel - Remastered 1999	Frank Sinatra	1937929	nan	2	122	re-enter
172	6rz0dTA0PdhXImFV5EjM0w	Hide (feat. Seezyn)	Juice WRLD	1936216	100	2	100	-72
173	2Grb4G6t9VIqo6moKUloom	Don't Come Out The House (with 21 Savage)	Metro Boomin	1935955	106	6	33	-67
174	6gBFPUFcJLzWGx4lenP6h2	goosebumps	Travis Scott	1932887	139	104	16	-35
175	1a7WZZZH7LzyvorhpOJFTe	Wasted (feat. Lil Uzi Vert)	Juice WRLD	1928464	126	3	126	-49
176	0Fpen1PTuEnCmOJtUU9Iud	New Patek	Lil Uzi Vert	1905949	130	15	4	-46
177	4e4fqjx0Izh4svvTef1z7e	Meant to Be (feat. Florida Georgia Line)	Bebe Rexha	1900006	141	27	44	-36
178	6bNuwzORFWORu9Ym7dBCPl	Christmas (Baby Please Come Home)	Darlene Love	1898614	nan	1	178	new
179	6CTWathupIiDs7U4InHnDA	Trip	Ella Mai	1896421	152	11	39	-27
180	6eYxmK9fdL4hwLnXG2zY3s	Look At Me!	XXXTENTACION	1893439	150	42	33	-30
181	7uzmGiiJyRfuViKKK3lVmR	Mine	Bazzi	1888273	138	37	16	-43
182	7oJrVhiTPZGBXWPwhxjy9S	Lust	Lil Skies	1885456	143	48	79	-39
183	6o79O9qBP3OAkWOXajAQIS	WAKA	6ix9ine	1884737	107	5	19	-76
184	32lItqlMi4LBhb4k0BaSaC	Candy Paint	Post Malone	1883895	149	34	17	-35
185	1hy6kKvsPbv7VTcllCuATC	I'll Be Home	Meghan Trainor	1882042	nan	1	185	new
186	5tAa8Uaqr4VvA3693mbIhU	Ruin My Life	Zara Larsson	1881210	136	10	43	-50
187	2FY7b99s15jUprqC0M5NCT	Natural	Imagine Dragons	1874937	157	7	45	-30
188	0tXPhc8LvM4dPvoRwI66XQ	I'll Be Home for Christmas	Michael Bublé	1865760	nan	1	188	new
189	2ZRo7axmMPeSVUvDbGkJah	Hope	XXXTENTACION	1864712	156	33	28	-33
190	3wScL5W8H40zzCKN0atfBk	Uproar	Lil Wayne	1854130	121	13	4	-69
191	1tT55K6VEyO6XFDxK4lDQe	In My Head	Peter Manos	1843379	146	2	146	-45
192	2zHu4GAsQIw2skGszWEMFY	The Little Drummer Boy	Bing Crosby	1835774	nan	2	155	re-enter
193	4HEOgBHRCExyYVeTyrXsnL	Jingle Bells - Remastered 1999	Frank Sinatra	1834792	nan	1	193	new
194	4fzyvSu73BhGvi96p2zwjL	Christmas Lights	Coldplay	1823653	nan	1	194	new
195	3Z3QhZAZpqwZa1phsbQ3JZ	Driving Home for Christmas	Chris Rea	1822180	nan	1	195	new
196	7eBqSVxrzQZtK2mmgRG6lC	Murder On My Mind	YNW Melly	1820631	147	14	120	-49
197	3EPXxR3ImUwfayaurPi3cm	Be Alright	Dean Lewis	1815988	155	22	31	-42
198	4MAsYGSgxsaj73dC2lvFC4	WORKIN ME	Quavo	1811141	153	11	33	-45
199	3V8UKqhEK5zBkBb6d6ub8i	Te Boté - Remix	Nio Garcia	1807563	160	37	42	-39
200	0vmANNClszGQZ0FISySK61	I Saw Mommy Kissing Santa Claus	The Jackson 5	1798617	nan	1	200	new
