position	song_id	song_name	artist	streams	last_week_position	weeks_on_chart	peak_position	position_status
1	2G7V7zsVDxg1yRsu7Ew9RJ	In My Feelings	Drake	60285459	1	2	1	0
2	2E124GmJRnBJuXbTb4cPUB	FEFE (feat. Nicki Minaj & Murda Beatz)	6ix9ine	31741382	15	2	2	13
3	7fa9MBXhVfQ8P8Df9OEbD8	Girls Like You (feat. Cardi B)	Maroon 5	26591666	3	7	3	0
4	5WvAo7DNuPRmk4APhdPzi8	No Brainer	DJ Khaled	26590758	nan	1	4	new
5	58q2HKrzhC3ozto2nDdN4z	I Like It	Cardi B	25917300	2	17	2	-3
6	0s3nnoMeVWz3989MkNQiRf	Lucid Dreams	Juice WRLD	23901321	5	3	5	-1
7	5IaHrVsrferBYDm0bDyABy	Taste (feat. Offset)	Tyga	23210518	6	11	6	-1
8	6kPJZM97LwdG9QIsT7khp6	Solo (feat. Demi Lovato)	Clean Bandit	22465052	8	11	8	0
9	7gkWXbAxIYuvtOpcN3p9GJ	God is a woman	Ariana Grande	22382886	4	3	2	-5
10	3ee8Jmje8o58CHK66QrVC2	SAD!	XXXTENTACION	22217230	7	20	1	-3
11	7dt6x5M1jzdTEt8oCbisTK	Better Now	Post Malone	20399013	10	14	1	-1
12	3u1S1OmAUhx5DRlLrXqyp3	Rise	Jonas Blue	20323394	12	9	12	0
13	0d2iYfpKoM0QCKvcLCkBao	Eastside (with Halsey & Khalid)	benny blanco	20234973	20	3	13	7
14	4kWO6O1BUXcZmaxitpVUwp	Jackie Chan	Tiësto	20132101	11	11	11	-3
15	7ef4DlsgrMEH11cDZd32M6	One Kiss (with Dua Lipa)	Calvin Harris	19854690	9	17	2	-6
16	2iUXsYOEPhVqEBwsqP70rE	Youngblood	5 Seconds of Summer	18504220	14	7	8	-2
17	3V8UKqhEK5zBkBb6d6ub8i	Te Boté - Remix	Nio Garcia	17143121	17	16	8	0
18	6G8kHiVZ1jW7vHMPVRNZU0	Don’t Matter To Me (with Michael Jackson)	Drake	16158645	13	2	13	-5
19	0JP9xo3adEtGSdUEISiszL	Moonlight	XXXTENTACION	16028206	18	20	2	-1
20	0TlLq3lA83rQOYtrqBqSct	Nonstop	Drake	15382463	16	2	16	-4
21	0E9ZjEAyAwOXZ7wJC0PD33	In My Mind	Dynoro	15098436	32	4	21	11
22	2ijef6ni2amuunRoKTlgww	Sin Pijama	Becky G	15017587	24	14	22	2
23	6DCZcSspjsKoFjzjrWoCdn	God's Plan	Drake	14783445	19	2	19	-4
24	43V1z6QToNNWNldV4FEG6r	Body	Loud Luxury	14536578	25	9	24	1
25	3nc420PXjTdBV5TN0gCFkS	Ocean (feat. Khalid)	Martin Garrix	14392057	21	7	15	-4
26	4hQ6UGyWQIGJmHSo0J88JW	Back To You - From 13 Reasons Why – Season 2 Soundtrack	Selena Gomez	13600148	23	4	19	-3
27	3CA9pLiwRIGtUBiMjbZmRw	Nice For What	Drake	13493014	22	2	22	-5
28	0kHyKhJMukHEPfeh8s7rdM	Born To Be Yours	Kygo	13012854	28	7	25	0
29	6SFStUDQZNaGPKWOx9ZiJB	2002	Anne-Marie	12967898	27	14	27	-2
30	5qFeMRz4TvetPmzjre9Dq7	No Es Justo	J Balvin	12339454	35	6	30	5
31	1s2B5cndbqK8rPJEIcKJRQ	Vaina Loca	Ozuna	12197097	39	5	31	8
32	63SevszngYpZOwf63o61K4	Nevermind	Dennis Lloyd	12015254	30	20	18	-2
33	5SxkdsY1ufZzoq9iXceLw9	no tears left to cry	Ariana Grande	11835326	26	15	2	-7
34	7AFASza1mXqntmGtbxXprO	changes	XXXTENTACION	11744641	29	20	9	-5
35	7m9OqQk4RVRkw9JJdeAw96	Jocelyn Flores	XXXTENTACION	11686307	31	49	7	-4
36	3swc6WTsr7rl9DqQKQA55C	Psycho (feat. Ty Dolla $ign)	Post Malone	11160026	34	14	2	-2
37	7ycWLEP1GsNjVvcjawXz3z	Praise The Lord (Da Shine) (feat. Skepta)	A$AP Rocky	11059220	40	10	25	3
38	0e7ipj03S05BNilyu5bRzt	rockstar (feat. 21 Savage)	Post Malone	10895359	38	14	8	0
39	6JjPBQfI2Y8nIjnm65X6Pw	X - Remix	Nicky Jam	10705976	37	5	37	-2
40	7DrluKkTviBwCc8AV3VGmf	Clandestino	Shakira	10333670	51	8	40	11
41	39N9RPD9MRb5WmoLzNzPeA	X	Nicky Jam	10128909	36	22	4	-5
42	08bNPGLD8AhKpnnERrAc6G	FRIENDS	Marshmello	9974984	42	25	4	0
43	1ZEm9cJC05rawV2tptNfTS	Bed (feat. Ariana Grande)	Nicki Minaj	9540349	41	7	22	-2
44	09IStsImFySgyp0pIQdqAc	The Middle	Zedd	9495219	46	9	11	2
45	33IOhptvC2Qoy2UhjiHXLV	Flames	David Guetta	9479871	44	19	20	-1
46	6vN77lE9LK6HP2DewaN6HZ	Yes Indeed	Lil Baby	9148293	47	11	12	1
47	6jA8JUuPCGYjFcgw0AoM5T	Me Niego (feat. Ozuna & Wisin)	Reik	9060906	48	24	22	1
48	7qiZfU4dY1lWllzX7mPBI3	Shape of You	Ed Sheeran	9053713	50	80	1	2
49	19MBk3PbNFE36wqIqkMq9H	La Cintura	Alvaro Soler	9048218	43	12	42	-6
50	4keoy2fqgwGnbWlm3ZVZFa	Happy Now	Zedd	8932854	83	2	50	33
51	0u2P5u6lvoDfwTYjAADbn4	lovely (with Khalid)	Billie Eilish	8810654	49	15	24	-2
52	3qN5qMTKyEEmiTZD38BNTT	I'm Upset	Drake	8613177	45	2	45	-7
53	4j3GWI86JvSaF0BLdmgcfF	Summertime Magic	Childish Gambino	8436793	33	4	22	-20
54	4ofwffwvvnbSkrMSCKQDaC	Shotgun	George Ezra	8266383	73	6	54	19
55	7AQim7LbvFVZJE3O8TYgf2	Fuck Love (feat. Trippie Redd)	XXXTENTACION	8237887	54	46	19	-1
56	55GiOwtxNajXVbpjjIzMnD	SWISH	Tyga	7970077	nan	1	56	new
57	1rqqCSm0Qe4I9rUvWncaom	High Hopes	Panic! At The Disco	7969894	62	6	57	5
58	4zIO3ilp5HvTeK3HJHxhMP	Natural	Imagine Dragons	7955358	56	2	56	-2
59	76cy1WJvNGJTj78UqeA5zr	IDGAF	Dua Lipa	7947209	59	31	4	0
60	4QtiVmuA88tPQiCOHZuQ5b	1, 2, 3 (feat. Jason Derulo & De La Ghetto)	Sofia Reyes	7900684	55	24	31	-5
61	4qKcDkK6siZ7Jp1Jb4m0aL	Look Alive (feat. Drake)	BlocBoy JB	7868115	53	25	6	-8
62	1rfofaqEpACxVEHIZBJe6W	Havana (feat. Young Thug)	Camila Cabello	7720729	61	29	1	-1
63	6vsV4D8BM6PioRr1UOx0n2	you should see me in a crown	Billie Eilish	7712358	64	2	63	1
64	0VKkyBKCXyR99navhVRqcP	La player (Bandolera)	Zion & Lennox	7669790	63	20	56	-1
65	04ZTP5KsCypmtCmQg5tH9R	I'm a Mess	Bebe Rexha	7462958	76	6	65	11
66	6e2PtJYcltVk76nLwxBzRn	One Day (feat. Ryan Tedder)	Logic	7421692	nan	1	66	new
67	5CLGzJsGqhCEECcpnFQA8x	These Days (feat. Jess Glynne, Macklemore & Dan Caplen)	Rudimental	7061613	65	28	9	-2
68	2ekn2ttSfGqwhhate0LSR0	New Rules	Dua Lipa	7004710	66	56	2	-2
69	7rC5Pl8rQSX4myONQHYPBK	Mob Ties	Drake	6986095	57	2	57	-12
70	6752EZMgXswvRBH3N2PilO	Unica	Ozuna	6886189	69	10	63	-1
71	6U2NuJILEOEpW2tVCuqKHb	Dura - Remix	Daddy Yankee	6794168	68	14	52	-3
72	0XySogm94T51XF5F2jumXm	All Girls Are The Same	Juice WRLD	6740188	75	3	69	3
73	3GVkPk8mqxz0itaAriG1L7	Everybody Dies In Their Nightmares	XXXTENTACION	6737649	70	33	24	-3
74	0pqnGHJpmpxLKifKRmU6WP	Believer	Imagine Dragons	6733160	71	2	71	-3
75	45Egmo7icyopuzJN0oMEdk	Love Lies (with Normani)	Khalid	6657846	67	24	11	-8
76	38QmUDpkoYlNbMKvpvAsrE	Mi Cama - Remix	KAROL G	6601932	nan	1	76	new
77	2lYTJK94hb0fd1LQtb6Dhk	Don't Leave Me Alone (feat. Anne-Marie)	David Guetta	6599011	nan	1	77	new
78	6rbhaJsE4uLzpPf8WYSHDK	Asesina	Brytiago	6556593	89	5	78	11
79	0tgVpDi06FyKpA1z0VMD4v	Perfect	Ed Sheeran	6527338	79	72	4	0
80	3obgSF06ki98lYNLNq5vCB	Wasted (feat. Lil Uzi Vert)	Juice WRLD	6430332	96	3	80	16
81	6eYxmK9fdL4hwLnXG2zY3s	Look At Me!	XXXTENTACION	6372078	80	11	39	-1
82	54l9GJGQ1UCFKe2tzt1Vxt	Only You (with Little Mix)	Cheat Codes	6367797	77	4	77	-5
83	1zB4vmk8tFRmM9UULNzbLB	Thunder	Imagine Dragons	6360616	81	2	81	-2
84	2alIsNw1mqEShbWyO1HXZZ	Por Perro	Sebastian Yatra	6348556	85	11	84	1
85	0E6PsO3ymCfUh7pJQjBgkj	APESHIT	The Carters	6344080	52	6	37	-33
86	1oc3jna2ablnfIKLYbKujl	If You're Over Me	Years & Years	6327805	74	4	66	-12
87	0r9d60ZYPAlFHq8qnUtkXN	Madura (feat. Bad Bunny)	Cosculluela	6269504	84	16	70	-3
88	1DRJZUVcs6i6TkdNUXAi6m	Estamos Bien	Don Khuma	6269084	nan	1	88	new
89	7uzmGiiJyRfuViKKK3lVmR	Mine	Bazzi	6210391	82	16	16	-7
90	4e4fqjx0Izh4svvTef1z7e	Meant to Be (feat. Florida Georgia Line)	Bebe Rexha	6189250	86	6	59	-4
91	3EPXxR3ImUwfayaurPi3cm	Be Alright	Dean Lewis	6131797	136	2	91	45
92	75ZvA4QfFiZvzhj2xkaWAh	I Fall Apart	Post Malone	5907169	98	45	10	6
93	0STK94RxUulYqWzwFlyAb5	Sober	Demi Lovato	5895696	156	3	93	63
94	6IaieqiCVvsNvEt6Y7yOFa	Ball For Me (feat. Nicki Minaj)	Post Malone	5888086	93	14	15	-1
95	6Hgh47WXVKtXN5zGOu0hjI	OTW	Khalid	5872997	87	15	24	-8
96	0At2qAoaVjIwWNAqrscXli	Boo'd Up	Ella Mai	5863946	78	7	58	-18
97	4178A5NkEjcsGc64jpBO6d	Calypso	Luis Fonsi	5833656	101	4	97	4
98	7GX5flRQZVHRAGd6B4TmDO	XO Tour Llif3	Lil Uzi Vert	5748743	99	49	10	1
99	21YnmkSDhUkmkkni22Svc4	In My Blood	Shawn Mendes	5728094	92	10	14	-7
100	4F1yvJfQ7gJkrcgFJQDjOr	Playinwitme (feat. Kehlani)	KYLE	5703992	72	11	28	-28
101	3T4UodGkfZObJ43RtA5KFU	Connection	OneRepublic	5680485	91	4	91	-10
102	4UKCKdYiLN6IMA5ZESUTL7	the remedy for a broken heart (why am I so in love)	XXXTENTACION	5648703	94	12	27	-8
103	0b9oOr2ZgvyQu88wzixux9	This Is America	Childish Gambino	5500119	90	13	1	-13
104	0SaYeGhSXN0dDWstyNTQ56	Bella - Remix	Wolfine	5495238	103	13	81	-1
105	5yNEdBlZMxpcVtGKz5NFk5	Side Effects (feat. Emily Warren)	The Chainsmokers	5459269	nan	1	105	new
106	1ZAyjvIk9YiD76yYy0TEG6	Plug Walk	Rich The Kid	5458423	nan	1	106	new
107	10Igtw8bSDyyFs7KIsKngZ	Freaky Friday (feat. Chris Brown)	Lil Dicky	5448410	102	20	7	-5
108	00EPIEnX1JFjff8sC6bccd	No Me Acuerdo	Thalía	5404977	138	2	108	30
109	2RttW7RAu5nOAfq6YFvApB	Happier	Ed Sheeran	5386982	108	62	10	-1
110	7sFYVcKSb24qg0dAkqLEFj	Mi Cama	KAROL G	5234492	60	9	52	-50
111	1snWlbcbgQpJfknoI30DWG	Darkside	Alan Walker	5229016	nan	1	111	new
112	2RM4jf1Xa9zPgMGRDiht8O	Big Bank feat. 2 Chainz, Big Sean, Nicki Minaj	YG	5215673	128	5	112	16
113	1mXVgsBdtIVeCLJnSnmtdV	Too Good At Goodbyes	Sam Smith	5205091	113	39	3	0
114	1gm616Plq4ScqNi7TVkZ5N	Call Out My Name	The Weeknd	5201718	107	18	1	-7
115	6Vf5qHrEJSkVYgyvYJ6QXs	Síguelo Bailando	Tropijazz	5167593	nan	1	115	new
116	7boPPE857KEqCIHNwFkDop	Audio	Sia	5159618	104	12	76	-12
117	3GCdLUSnKSMJhs4Tj6CV3s	All The Stars (with SZA)	Kendrick Lamar	5066433	106	23	3	-11
118	0Y4hwUppbGc8aIBmiTz30A	Familiar	Liam Payne	5009181	105	15	57	-13
119	6xTU6B6nFwKKTSZ9ySXS80	Remind Me to Forget	Kygo	4998060	118	20	29	-1
120	3qnoOm4fwZPBS116f5hpgF	All Mine	Kanye West	4979144	97	9	3	-23
121	6KuqAtoeVzxAYOaMveLNpH	Dura	Daddy Yankee	4956194	110	5	110	-11
122	2XVilv6s9GETnw9PG4T9Mz	El Préstamo	Maluma	4934868	116	11	59	-6
123	6n4U3TlzUGhdSFbUUhTvLP	Walk It Talk It	Migos	4932917	111	27	22	-12
124	2RVrdr062uLFxXwIxwdXPH	Te Amo	Piso 21	4917204	120	19	76	-4
125	2CWnuF7ht55Ajyeg4WPvWu	DDU-DU DDU-DU - KR Ver.	BLACKPINK	4827653	117	5	107	-8
126	7BKLCZ1jbUBVqRi2FVlTVw	Closer	The Chainsmokers	4824796	134	81	2	8
127	3S0OXQeoh0w6AY8WQVckRW	I'm Yours	Jason Mraz	4812035	131	18	127	4
128	2ZRo7axmMPeSVUvDbGkJah	Hope	XXXTENTACION	4806231	121	9	42	-7
129	31M5m42C3EGlbydf9XB5to	Duro y Suave	Leslie Grace	4794957	129	12	129	0
130	7KXjTSCq5nL1LoYtL7XAwS	HUMBLE.	Kendrick Lamar	4762851	130	68	1	0
131	7sO5G9EABYOXQKNPNiE9NR	Ric Flair Drip (& Metro Boomin)	Offset	4743489	124	40	32	-7
132	4h8VwCb1MTGoLKueQ1WgbD	Wake Me Up	Avicii	4701232	125	5	122	-7
133	5PTG6rrL6EPFD9E2QMI2pl	JAPAN	Famous Dex	4684539	126	17	34	-7
134	083Qf6hn6sFL6xiOHlZUyn	I'll Be There	Jess Glynne	4648947	123	13	66	-11
135	5uCax9HTNlzGybIStD3vDh	Say You Won't Let Go	James Arthur	4635296	141	81	7	6
136	7IBSffWIu7P2MC7kMwy2FM	Hopeless Romantic (feat. Swae Lee)	Wiz Khalifa	4628829	115	3	87	-21
137	2hl6q70unbviGo3g1R7uFx	Échame La Culpa	Luis Fonsi	4614645	133	5	128	-4
138	3a1lNhkSLSkpJE4MSHpDu9	Congratulations	Post Malone	4594987	142	78	20	4
139	6RUKPb4LETWmmr3iAEQktW	Something Just Like This	The Chainsmokers	4580735	146	74	2	7
140	2374M0fQpWi3dLnB54qaLX	Africa	TOTO	4545080	140	20	140	0
141	5h8VHxOBK1VWWj46T8fSly	TELÉFONO	Aitana	4436815	nan	1	141	new
142	4dSoDnmR9opAQ8KxUc9SbC	Mad Love	Sean Paul	4421609	137	5	130	-5
143	32lItqlMi4LBhb4k0BaSaC	Candy Paint	Post Malone	4410178	143	14	24	0
144	3EApebexZ7YqDIqw2EMTDh	I Might Need Security	Chance the Rapper	4379977	58	2	58	-86
145	2P91MQbaiQOfbiz9VqhqKQ	I Like Me Better	Lauv	4351939	150	9	142	5
146	6QgjcU0zLnzq5OrUoSZ3OK	Feel It Still	Portugal. The Man	4351235	149	55	18	3
147	6gBFPUFcJLzWGx4lenP6h2	goosebumps	Travis Scott	4336673	160	81	61	13
148	3JJYIoJ5FyY9E0DGjr7SXF	Enemies	Lauv	4329944	145	6	107	-3
149	1zi7xx7UVEFkmKfv06H8x0	One Dance	Drake	4312707	152	5	126	3
150	4R5xvs5X0phd0EYWyGigju	Medicina	Anitta	4303105	95	2	95	-55
151	1bhUWB0zJMIKr9yVPrkEuI	Perfect Duet (Ed Sheeran & Beyoncé)	Ed Sheeran	4255513	155	35	3	4
152	3B54sVLJ402zGa6Xm4YGNe	Unforgettable	French Montana	4237054	154	56	3	2
153	5bITfqKGaPakO1l99hOMsI	No Quiero Amarte (feat. Zion & Lennox)	Justin Quiles	4224484	162	4	153	9
154	7nD2JPaxIKUdxd2UWgnaGL	Toda - Remix	Alex Rose	4215702	190	2	154	36
155	07FkzikE6FuHIa8Ma7zJGc	Lie	NF	4208622	132	3	132	-23
156	0tBbt8CrmxbjRP0pueQkyU	Wolves	Selena Gomez	4196828	153	5	151	-3
157	5qqabIl2vWzo9ApSC317sa	Wonderwall - Remastered	Oasis	4195948	159	41	152	2
158	7vGuf3Y35N4wmASOKLUVVU	Silence	Marshmello	4191269	166	51	8	8
159	6Pgkp4qUoTmJIPn7ReaGxL	Without You (feat. Sandro Cavazza)	Avicii	4166562	147	5	140	-12
160	0GxQ1A5L9xnMOytbP6eKBG	What Lovers Do (feat. SZA)	Maroon 5	4159725	165	7	145	5
161	6VrBWh90BiwWmwKtvwWFcq	Ambiente	J Balvin	4140688	151	10	109	-10
162	4DnHUy01jEA4b5ydC3HgsT	Live It Up - Official Song 2018 FIFA World Cup Russia	Nicky Jam	4110186	135	9	79	-27
163	5Z3GHaZ6ec9bsiI5BenrbY	Young Dumb & Broke	Khalid	4109392	175	58	12	12
164	3Du2K5dLzmduCNp6uwuaL0	Sorry Not Sorry	Demi Lovato	4091944	183	5	164	19
165	1Slwb6dOYkBlWal1PGtnNg	Thinking out Loud	Ed Sheeran	4082452	174	81	58	9
166	40FLJc17FMZaPmCQEEZgB0	New Light	John Mayer	4074102	119	3	97	-47
167	2uaiyLKnYvazyfR0Ky3Kbk	Let Me Down Slowly	Alec Benjamin	4062896	177	5	167	10
168	1j6xOGusnyXq3l6IryKF3G	Déjala Que Vuelva (feat. Manuel Turizo)	Piso 21	4057416	161	12	73	-7
169	5Psnhdkyanjpgc2P8A5TSM	Emotionless	Drake	4049374	112	2	112	-57
170	4eWQlBRaTjPPUlzacqEeoQ	Never Be the Same	Camila Cabello	4024236	168	29	4	-2
171	6Qn5zhYkTa37e91HC1D7lb	Whatever It Takes	Imagine Dragons	3982725	172	2	171	1
172	3pWcj8hxj3fsb9TDAcMpEl	Somebody	The Chainsmokers	3975336	164	15	58	-8
173	2CvOqDpQIMw69cCzWqr5yr	Halo	Beyoncé	3941440	180	12	149	7
174	2EzRdhuoPyNJDlep7lnNf2	Dembow	Danny Ocean	3914207	167	29	65	-7
175	3uhBIQ7tv8j1FME8cFGEfG	All of Me	John Legend	3880468	189	5	173	14
176	52okn5MNA47tk87PeZJLEL	Let You Down	NF	3862408	185	6	54	9
177	1lXQskY1Op1KzFG4GVcVpe	Criminal	Trío Los Josefinos	3856488	nan	1	177	new
178	3D1rlKmZdpYUeMtRRLNawc	Let Me Live (feat. Anne-Marie & Mr Eazi)	Rudimental	3851171	173	3	160	-5
179	6XBjCetHKdO5L9cwMDVffw	Hipócrita	Anuel AA	3850951	nan	1	179	new
180	1RagpNpkD3KcjXMLGMe99V	Fr Fr (feat. Lil Skies)	Wiz Khalifa	3845478	139	3	130	-41
181	1BuZAIO8WZpavWVbbq3Lci	Powerglide (feat. Juicy J) - From SR3MM	Rae Sremmurd	3838244	176	13	53	-5
182	6h5PAsRni4IRlxWr6uDPTP	More Than You Know	Axwell /\ Ingrosso	3833986	171	4	156	-11
183	152lZdxL1OR0ZMW6KquMif	Location	Khalid	3827877	nan	74	34	re-enter
184	0KKkJNfGyhkQ5aFogxQAPU	That's What I Like	Bruno Mars	3825016	195	76	6	11
185	7oK9VyNzrYvRFo7nQEYkWN	Mr. Brightside	The Killers	3821889	186	27	148	1
186	6RnkFd8Fqqgk1Uni8RgqCQ	Like I Do	David Guetta	3812154	169	23	24	-17
187	7COfe3P7KgfwDwIRB8LIDw	Mi Gente	J Balvin	3797653	192	10	106	5
188	6fxVffaTuwjgEk5h9QyRjy	Photograph	Ed Sheeran	3795835	200	74	41	12
189	7tFiyTwD0nx5a1eklYtX2J	Bohemian Rhapsody - 2011 Mix	Queen	3778619	199	2	189	10
190	2xGjteMU3E1tkEPVFBO08U	This Is Me	Keala Settle	3771541	191	29	30	1
191	3szf2z1Cy1QMrtHrbn8rz9	Elevate	Drake	3767120	127	2	127	-64
192	01TnVDiet1DFTsyWKUKovl	NUMB	XXXTENTACION	3762047	178	10	48	-14
193	4bHsxqR3GMrXTxEPLuK5ue	Don't Stop Believin'	Journey	3752576	nan	1	193	new
194	2fQrGHiQOvpL9UgPvtYy6G	Bank Account	21 Savage	3748959	nan	41	23	re-enter
195	6kp0inxIexxSiDJfWqq0ZL	TATI	6ix9ine	3741226	194	9	82	-1
196	447yWcDPg1ddgcHBLGpJC0	Better Not (feat. Wafia)	Louis The Child	3731864	181	8	119	-15
197	7hDVYcQq6MxkdJGweuCtl9	ocean eyes	Billie Eilish	3728000	109	7	108	-88
198	5tz69p7tJuGPeMGwNTxYuV	1-800-273-8255	Logic	3719781	nan	60	5	re-enter
199	1NbGcdgwRHZ5rbPIT9hdR3	Dance To This (feat. Ariana Grande)	Troye Sivan	3699712	163	5	75	-36
200	3DGar7krWlmrXRFHBcQF6z	Whenever (feat. Conor Maynard)	Kris Kross Amsterdam	3690390	nan	1	200	new
