position	song_id	song_name	artist	streams	last_week_position	weeks_on_chart	peak_position	position_status
1	1gm616Plq4ScqNi7TVkZ5N	Call Out My Name	The Weeknd	40628023	nan	1	1	new
2	2XW4DbS6NddZxRPm5rMCeY	God's Plan	Drake	38941068	1	11	1	-1
3	65NwOZqoXny4JxqAPlfxRF	Psycho (feat. Ty Dolla $ign)	Post Malone	28146377	2	6	2	-1
4	39N9RPD9MRb5WmoLzNzPeA	X	Nicky Jam	24447827	5	5	4	1
5	08bNPGLD8AhKpnnERrAc6G	FRIENDS	Marshmello	24267771	4	8	4	-1
6	2poOAWEj1CStqTVPgIHZ8s	Try Me	The Weeknd	24189356	nan	1	6	new
7	3ee8Jmje8o58CHK66QrVC2	SAD!	XXXTENTACION	22478204	3	3	3	-4
8	72TyiiduRmczEbDIEtKQdR	Wasted Times	The Weeknd	21345197	nan	1	8	new
9	76cy1WJvNGJTj78UqeA5zr	IDGAF	Dua Lipa	20566362	6	14	4	-3
10	2ARqIya5NAuvFVHSN3bL0m	The Middle	Zedd	20248458	8	6	6	-2
11	10Igtw8bSDyyFs7KIsKngZ	Freaky Friday (feat. Chris Brown)	Lil Dicky	20034897	13	3	11	2
12	45Egmo7icyopuzJN0oMEdk	Love Lies (with Normani)	Khalid	19280198	12	7	11	0
13	4qKcDkK6siZ7Jp1Jb4m0aL	Look Alive (feat. Drake)	BlocBoy JB	19118987	10	8	6	-3
14	3GCdLUSnKSMJhs4Tj6CV3s	All The Stars (with SZA)	Kendrick Lamar	18613793	9	6	3	-5
15	6tHWl8ows5JOZq9Yfaqn3M	Mine	Bazzi	17808465	11	11	3	-4
16	13wNEvWmBsWaWVtiLPRIW5	Hurt You	The Weeknd	17639162	nan	1	16	new
17	56d6kYZhfhzpoC3s1dRU2V	I Was Never There	The Weeknd	17597962	nan	1	17	new
18	5CLGzJsGqhCEECcpnFQA8x	These Days (feat. Jess Glynne, Macklemore & Dan Caplen)	Rudimental	17531448	14	11	9	-4
19	79jX8RM5CgPqDKdGEKNW9K	In My Blood	Shawn Mendes	16340800	7	2	7	-12
20	2U7Hu2RaNQNRi7izoJyZaX	rockstar	Post Malone	15478601	15	7	6	-5
21	26Fqtv4Aa7kyd1WWGHai6A	Privilege	The Weeknd	15068329	nan	1	21	new
22	2j2fIJGh4PMdXt9ULI5Tlc	Dura	Daddy Yankee	14614579	16	11	9	-6
23	1rfofaqEpACxVEHIZBJe6W	Havana (feat. Young Thug)	Camila Cabello	14385724	17	12	1	-6
24	7iDa6hUg2VgEL1o1HjmfBn	Meant to Be (feat. Florida Georgia Line)	Bebe Rexha	13974753	19	29	18	-5
25	6mAz8D1TmlTuef90dbNIiZ	Plug Walk	Rich The Kid	13541217	nan	1	25	new
26	6NFyWDv5CjfwuzoCkw47Xf	Delicate	Taylor Swift	12788750	59	6	26	33
27	6jA8JUuPCGYjFcgw0AoM5T	Me Niego (feat. Ozuna & Wisin)	Reik	12611562	22	7	22	-5
28	4ofvoCdXq99vpMZO4Cfp8x	Pray For Me (with Kendrick Lamar)	The Weeknd	12350980	21	9	3	-7
29	4eWQlBRaTjPPUlzacqEeoQ	Never Be the Same	Camila Cabello	12175824	20	12	4	-9
30	0JP9xo3adEtGSdUEISiszL	Moonlight	XXXTENTACION	11891884	18	3	14	-12
31	6RnkFd8Fqqgk1Uni8RgqCQ	Like I Do	David Guetta	11628653	24	6	24	-7
32	6n4U3TlzUGhdSFbUUhTvLP	Walk It Talk It	Migos	11358510	50	10	30	18
33	2ekn2ttSfGqwhhate0LSR0	New Rules	Dua Lipa	10953496	27	39	2	-6
34	3xcCix7Jv1Rp90YVmgo35D	Bella	Wolfine	10933199	28	4	28	-6
35	1zsG4eaZmkA1dvjDDsAGLK	Échame La Culpa	Luis Fonsi	10756813	26	20	7	-9
36	1LhMopPAallLeaeNutqbgS	Say Something	Justin Timberlake	10159478	35	9	25	-1
37	7qiZfU4dY1lWllzX7mPBI3	Shape of You	Ed Sheeran	10121069	36	63	1	-1
38	3ITvHA9zhZZdBJsOsAUegF	Amorfoda	Bad Bunny	10107333	29	7	10	-9
39	7sO5G9EABYOXQKNPNiE9NR	Ric Flair Drip (& Metro Boomin)	Offset	10102725	34	23	32	-5
40	0tgVpDi06FyKpA1z0VMD4v	Perfect	Ed Sheeran	10056946	33	55	4	-7
41	33bnxcjePIkcmNjEFTJX0l	Déjala Que Vuelva (feat. Manuel Turizo)	Piso 21	9818109	37	22	33	-4
42	63SevszngYpZOwf63o61K4	Nevermind	Dennis Lloyd	9682569	63	3	42	21
43	4EAV2cKiqKP5UPZmY6dejk	Everyday	Logic	9572764	31	4	16	-12
44	75ZvA4QfFiZvzhj2xkaWAh	I Fall Apart	Post Malone	9563476	40	28	10	-4
45	7EmGUiUaOSGDnUUQUDrOXC	Wolves	Selena Gomez	9557302	39	24	3	-6
46	7wvYmO5QscgIDDT0eNwbYX	Lost In Japan	Shawn Mendes	9508929	23	2	23	-23
47	3soOPBuMK8YMdWnV7xpEyf	Mad Love	Sean Paul	9291803	45	5	45	-2
48	6xTU6B6nFwKKTSZ9ySXS80	Remind Me to Forget	Kygo	9288664	46	3	46	-2
49	5UEnHoDYpsxlfzWLZIc7LD	River (feat. Ed Sheeran)	Eminem	9275810	38	16	2	-11
50	5Y9fnynLlIvqtM710MHzfz	Síguelo Bailando	Ozuna	9160075	43	14	43	-7
51	2UVbBKQOdFAekPTRsnkzcf	Stir Fry	Migos	9064006	30	10	16	-21
52	3Vo4wInECJQuz9BIBMOu8i	Finesse - Remix; feat. Cardi B	Bruno Mars	8975451	32	13	4	-20
53	2yUbCEiaolfSMluDo9RMmG	Powerglide (feat. Juicy J)	Rae Sremmurd	8493716	53	5	53	0
54	51rXHuKN8Loc4sUlKPODgH	King's Dead (with Kendrick Lamar, Future & James Blake)	Jay Rock	8370805	44	12	29	-10
55	4QtiVmuA88tPQiCOHZuQ5b	1, 2, 3 (feat. Jason Derulo & De La Ghetto)	Sofia Reyes	8348479	58	7	55	3
56	6QgjcU0zLnzq5OrUoSZ3OK	Feel It Still	Portugal. The Man	7958335	52	38	18	-4
57	6mrKP2jyIQmM0rw6fQryjr	Let You Down	NF	7957572	47	25	9	-10
58	7AFASza1mXqntmGtbxXprO	changes	XXXTENTACION	7807749	41	3	27	-17
59	2JfXj2TERIkHwJpnG9f8uX	Sick Boy	The Chainsmokers	7799780	42	3	31	-17
60	739vCwA3EpBSkk3uDsI2wB	Lemon - Drake Remix	N.E.R.D	7799031	71	2	60	11
61	3Ga6eKrUFf12ouh9Yw3v2D	Downtown	Anitta	7685894	49	20	21	-12
62	4lESS6vuruP6a79KWRaQou	Corazón	Maluma	7661459	51	22	17	-11
63	26gceVsA1ybT8qsX3aYLEn	Thunder	Imagine Dragons	7646251	61	6	46	-2
64	6Za3190Sbw39BBC77WSS1C	Criminal	Natti Natasha	7598804	57	21	21	-7
65	6tvQzeCPwOytDlBYCIOY0n	Breathe	Jax Jones	7464127	48	12	48	-17
66	5AEtlRudpgdT5FtNiuly6Y	Let Me Go (with Alesso, Florida Georgia Line & watt)	Hailee Steinfeld	7419876	56	29	16	-10
67	7GX5flRQZVHRAGd6B4TmDO	XO Tour Llif3	Lil Uzi Vert	7256359	62	32	10	-5
68	3towKHKVOXCCcL1fHv6xFO	Capital Letters	Hailee Steinfeld	7168075	60	11	34	-8
69	33IOhptvC2Qoy2UhjiHXLV	Flames	David Guetta	7087435	85	2	69	16
70	1mXVgsBdtIVeCLJnSnmtdV	Too Good At Goodbyes	Sam Smith	6977546	64	22	3	-6
71	7Izh7zLJGw1Nscd62Exxj4	Believer	Imagine Dragons	6940201	68	6	68	-3
72	4QfNOZN7vrQCQKK1ZJ3XPb	Heaven	Julia Michaels	6903931	54	8	34	-18
73	7m9OqQk4RVRkw9JJdeAw96	Jocelyn Flores	XXXTENTACION	6861037	67	32	15	-6
74	2EzRdhuoPyNJDlep7lnNf2	Dembow	Danny Ocean	6854871	70	12	65	-4
75	0QS5rZpm5zN9wV9lJgjyUE	El Préstamo	Maluma	6825315	80	4	75	5
76	7vGuf3Y35N4wmASOKLUVVU	Silence	Marshmello	6804604	72	34	8	-4
77	3a1lNhkSLSkpJE4MSHpDu9	Congratulations	Post Malone	6742471	75	61	20	-2
78	0CZ8lquoTX2Dkg7Ak2inwA	1950	King Princess	6679903	90	3	78	12
79	4lTiuD1DwBKo4L7wqMkD7C	JAPAN	Famous Dex	6641492	96	2	79	17
80	5k38wzpLb15YgncyWdTZE4	Him & I (with Halsey)	G-Eazy	6582234	65	16	7	-15
81	5hM6sP0Gh1jD57drszNueC	For You (Fifty Shades Freed) (& Rita Ora)	Liam Payne	6562385	55	13	27	-26
82	2vvdTrdryjsl8DmPIMDWZU	EL BAÑO (feat. Bad Bunny)	Enrique Iglesias	6555025	73	12	38	-9
83	5hcisvFMidkMJlElTO9Qmw	Sensualidad	Bad Bunny	6551810	69	22	21	-14
84	2xmrfQpmS2iJExTlklLoAL	I Miss You (feat. Julia Michaels)	Clean Bandit	6384363	76	23	23	-8
85	7KXjTSCq5nL1LoYtL7XAwS	HUMBLE.	Kendrick Lamar	6261369	78	51	1	-7
86	4zWO4gvuFtw6EJZC5FFGlr	Bum Bum Tam Tam	MC Fioti	6218715	79	16	66	-7
87	5Z3GHaZ6ec9bsiI5BenrbY	Young Dumb & Broke	Khalid	6120653	82	41	12	-5
88	2xGjteMU3E1tkEPVFBO08U	This Is Me	Keala Settle	6111666	86	14	30	-2
89	6J3YPOejivwLSjM2dru5Ad	Be Careful	Cardi B	6053194	nan	1	89	new
90	3pIigjAWkzwAonXpJ1fmSF	Everybody Hates Me	The Chainsmokers	6025394	66	3	56	-24
91	630sXRhIcfwr2e4RdNtjKN	Rewrite The Stars	Zac Efron	6014395	83	14	20	-8
92	3hBBKuWJfxlIlnd9QFoC8k	What Lovers Do (feat. SZA)	Maroon 5	5849750	84	22	5	-8
93	6MNGxu8MprKGkchUchkJsy	Machika	J Balvin	5832379	81	11	63	-12
94	3B54sVLJ402zGa6Xm4YGNe	Unforgettable	French Montana	5749748	97	39	3	3
95	3ncgNpxLoBQ65ABk4djDyd	PICK IT UP (feat. A$AP Rocky)	Famous Dex	5712022	89	21	60	-6
96	42CeaId2XNlxugDvyqHfDf	Candy Paint	Post Malone	5630232	88	24	17	-8
97	0eHCArTPhwUxatY7cEXRiK	New Freezer (feat. Kendrick Lamar)	Rich The Kid	5612950	nan	1	97	new
98	2u7mxWSeoqTXndK5e08jMp	Nowadays (feat. Landon Cube)	Lil Skies	5552481	95	13	87	-3
99	1j4kHkkpqZRBwE0A4CN4Yv	Dusk Till Dawn - Radio Edit	ZAYN	5526730	93	30	4	-6
100	7rwX0O3RlxqqIjQM8evm5E	Solita	Ozuna	5504581	87	10	75	-13
101	1bhUWB0zJMIKr9yVPrkEuI	Perfect Duet (Ed Sheeran & Beyoncé)	Ed Sheeran	5497785	91	18	3	-10
102	7uYgVgRSgqluZclLS7wpp4	El Farsante - Remix	Ozuna	5489554	106	9	102	4
103	1m69ELEgE6k5ZWsap40ozt	Se Preparó	Ozuna	5387216	92	31	30	-11
104	5uCax9HTNlzGybIStD3vDh	Say You Won't Let Go	James Arthur	5353989	99	64	7	-5
105	5tz69p7tJuGPeMGwNTxYuV	1-800-273-8255	Logic	5350434	107	47	5	2
106	4UKCKdYiLN6IMA5ZESUTL7	the remedy for a broken heart (why am I so in love)	XXXTENTACION	5213690	74	3	41	-32
107	3ZYwSDF9knZI0RVlKR4PHC	Bad Company (feat. BlocBoy JB)	A$AP Rocky	5211831	nan	1	107	new
108	2fQrGHiQOvpL9UgPvtYy6G	Bank Account	21 Savage	5206197	103	28	23	-5
109	6RUKPb4LETWmmr3iAEQktW	Something Just Like This	The Chainsmokers	5169496	105	57	2	-4
110	6De0lHrwBfPfrhorm9q1Xl	Me Rehúso	Danny Ocean	5150363	104	57	20	-6
111	7EI6Iki24tBHAMxtb4xQN2	Anywhere	Rita Ora	5136866	94	24	39	-17
112	1wjzFQodRWrPcQ0AnYnvQ9	I Like Me Better	Lauv	5132600	108	43	29	-4
113	32DGGj6KlNuBr6WaqRxpxi	How Long	Charlie Puth	5083178	100	26	15	-13
114	1nfyE13arjOuO54HH0zmqj	Esperándote	Manuel Turizo	5072295	114	11	107	0
115	3m660poUr1chesgkkjQM7P	Sorry Not Sorry	Demi Lovato	5003787	111	27	10	-4
116	7F3uo3304R2CTvOseU3H7u	Whatever It Takes	Imagine Dragons	4981272	110	6	110	-6
117	6NWl2m8asvH83xjuXVNsuG	Betrayed	Lil Xan	4921804	102	22	55	-15
118	152lZdxL1OR0ZMW6KquMif	Location	Khalid	4915167	120	59	34	2
119	4iLqG9SeJSnt0cSPICSjxv	Attention	Charlie Puth	4902943	113	48	6	-6
120	1OilOIju6R9ia8vilNjChh	Beautiful	Bazzi	4881286	134	5	120	14
121	3e7Y6sfFlIdBMJhX7wpqVO	44 More	Logic	4825563	77	4	30	-44
122	1xznGGDReH1oQq0xzbwXa3	One Dance	Drake	4823507	122	64	12	0
123	6gBFPUFcJLzWGx4lenP6h2	goosebumps	Travis Scott	4817914	132	64	61	9
124	2z4pcBLQXF2BXKFvd0BuB6	Tip Toe (feat. French Montana)	Jason Derulo	4798711	115	21	45	-9
125	7AQim7LbvFVZJE3O8TYgf2	Fuck Love (feat. Trippie Redd)	XXXTENTACION	4748327	119	32	41	-6
126	2DQ1ITjI0YoLFzuADN1ZBW	No Limit	G-Eazy	4717046	123	16	18	-3
127	5yFSF6qQA1rcLsQRnBsZgb	All Falls Down (feat. Juliander)	Alan Walker	4678108	117	23	52	-10
128	5lZsh9Qf7CbHI9Fcc7Zcsq	Bounce Out With That	YBN Nahmir	4647320	124	8	113	-4
129	0wbnC9AUenxp613TYaJsGK	Narcos	Migos	4620722	98	10	24	-31
130	0OlnLZY4cmQzT6ZGttvWBM	So Far Away (feat. Jamie Scott & Romy Dya)	Martin Garrix	4616174	121	18	42	-9
131	71bBFbfn2OBK5QwUJSLS44	More Than You Know	Axwell /\ Ingrosso	4612383	129	16	53	-2
132	5aAx2yezTd8zXrkmtKl66Z	Starboy	The Weeknd	4609554	180	64	1	48
133	7BKLCZ1jbUBVqRi2FVlTVw	Closer	The Chainsmokers	4572389	137	64	2	4
134	0MIcPSq9n2z5H8TAfEstri	Quiero Repetir	Ozuna	4560575	126	14	86	-8
135	3VClLWqNn80Llv0PJOsKgr	Báilame - Remix	Nacho	4558396	130	33	58	-5
136	2rb5MvYT7ZIxbKW5hfcHx8	Mi Gente	J Balvin	4553786	128	40	1	-8
137	3ZhTT6yjZwpPph5MIJ53XY	Red Roses (feat. Landon Cube)	Lil Skies	4529560	133	7	133	-4
138	74ZovzRxHBvCq5yIwe8boh	OKRA	Tyler, The Creator	4523203	nan	1	138	new
139	2RVrdr062uLFxXwIxwdXPH	Te Amo	Piso 21	4468706	147	2	139	8
140	43ZyHQITOjhciSUUNPVRHc	Gucci Gang	Lil Pump	4442046	135	26	6	-5
141	6tarvNiKnEjYMj1VZhlDqR	66	Lil Yachty	4433655	116	4	74	-25
142	79cuOz3SPQTuFrp8WgftAu	There's Nothing Holdin' Me Back	Shawn Mendes	4414214	127	48	5	-15
143	0VKkyBKCXyR99navhVRqcP	La player (Bandolera)	Zion & Lennox	4405038	154	3	143	11
144	3xWEI23MLJrD0dpDcDUTW6	Déjate Llevar	Juan Magán	4402399	138	14	97	-6
145	1Slwb6dOYkBlWal1PGtnNg	Thinking out Loud	Ed Sheeran	4382923	140	64	58	-5
146	1yxgsra98r3qAtxqiGZPiX	BUTTERFLY EFFECT	Travis Scott	4362595	150	44	40	4
147	5FOCkGt7bp22nBVfQ4WSIT	Indecente	Anitta	4343129	nan	1	147	new
148	6PGoSes0D9eUDeeAafB2As	LOVE. FEAT. ZACARI.	Kendrick Lamar	4331710	157	49	14	9
149	3GVkPk8mqxz0itaAriG1L7	Everybody Dies In Their Nightmares	XXXTENTACION	4314561	136	24	52	-13
150	5CtI0qwDJkDQGwXD1H1cLb	Despacito - Remix	Luis Fonsi	4294663	141	49	1	-9
151	7amMgNDcObIDkIXv4xcvc2	Barking	Ramz	4258740	166	11	151	15
152	4dVpf9jZjcORqGTLUaeYj9	Plain Jane	A$AP Ferg	4251601	144	29	37	-8
153	4wFjTWCunQFKtukqrNijEt	MotorSport	Migos	4250108	142	10	36	-11
154	6fxVffaTuwjgEk5h9QyRjy	Photograph	Ed Sheeran	4225507	149	64	41	-5
155	0TFVOjSvPTjFHkiZZekK5k	Pineapple (feat. Gucci Mane & Quavo)	Ty Dolla $ign	4218652	nan	1	155	new
156	7JNh1cfm0eXjqFVOzKLyau	Mayores	Becky G	4210175	139	36	33	-17
157	0KKkJNfGyhkQ5aFogxQAPU	That's What I Like	Bruno Mars	4175041	153	64	6	-4
158	75FDPwaULRdYDn4StFN2rT	Bartier Cardi (feat. 21 Savage)	Cardi B	4115400	155	15	22	-3
159	1x5sYLZiu9r5E43kMlt9f8	Symphony (feat. Zara Larsson)	Clean Bandit	4105812	151	53	11	-8
160	5qqabIl2vWzo9ApSC317sa	Wonderwall - Remastered	Oasis	4098591	164	27	152	4
161	2771LMNxwf62FTAdpJMQfM	Bodak Yellow	Cardi B	4080458	165	36	21	4
162	7ofxPmTNMj2GP07g1VZa0O	Que Va	Alex Sensation	4054729	152	32	54	-10
163	54OB85nuxYGfl7qRQXuz7c	Ahora	J Balvin	4017868	158	4	158	-5
164	2374M0fQpWi3dLnB54qaLX	Africa	TOTO	4017390	172	4	164	8
165	2VgJDTfkuwlm7WIHnvtRCQ	You Are The Reason	Calum Scott	4003085	nan	1	165	new
166	7oK9VyNzrYvRFo7nQEYkWN	Mr. Brightside	The Killers	3989485	167	21	148	1
167	5WoaF1B5XIEnWfmb5NZikf	Sky Walker (feat. Travis Scott)	Miguel	3937142	178	18	69	11
168	0Zbbxnx4SGGHoIow4PpISP	Stargazing	Kygo	3935935	159	28	15	-9
169	6lOWoTqVnAWXchddtTH31W	Leave a Light On	Tom Walker	3935721	174	7	169	5
170	5mCPDVBb16L4XQwDdbRUpz	Passionfruit	Drake	3932185	177	8	147	7
171	2CRbiMK0W14l71SpDKqKZM	Loca Remix	KHEA	3913921	146	3	146	-25
172	5TmZYdHW6HJ9gt7Aokuql5	SUTRA	Sebastian Yatra	3909154	156	23	96	-16
173	5yuShbu70mtHXY0yLzCQLQ	Go Flex	Post Malone	3907574	168	39	52	-5
174	0afhq8XCExXpqazXczTSve	Galway Girl	Ed Sheeran	3902525	169	55	2	-5
175	3S0OXQeoh0w6AY8WQVckRW	I'm Yours	Jason Mraz	3894090	183	2	175	8
176	3DXncPQOG4VBw3QHh3S817	I'm the One (feat. Justin Bieber, Quavo, Chance the Rapper & Lil Wayne)	DJ Khaled	3868640	179	45	2	3
177	43ay9lQZ5rfNcOOHhRF2cM	The Greatest Show	Hugh Jackman	3864244	182	14	73	5
178	6EpRaXYhGOB3fj4V2uDkMJ	Strip That Down	Liam Payne	3850158	163	44	9	-15
179	7Il2yWQmsqKgSkLQvHTPUI	Tequila	Dan + Shay	3833887	nan	1	179	new
180	7vu0JkJh0ldukEYbTVcqd0	Issues	Julia Michaels	3811811	170	16	137	-10
181	38zwkK6TtTjIW9tpYBfZ3D	Paradise	George Ezra	3801625	162	2	162	-19
182	5TysCiZtv1HnSWcTcUFusI	Suena El Dembow	Joey Montana	3789401	161	29	66	-21
183	4LmAnpjlhWTahvRkYR8xJa	X (with 2 Chainz & Saudi)	ScHoolboy Q	3768169	173	8	28	-10
184	0LKErfBZ5FbBiLB4OcZRbL	El Clavo	Prince Royce	3761994	148	2	148	-36
185	7CkbRn6S0itJqcqn88AtSV	going down!	XXXTENTACION	3761268	101	3	55	-84
186	7bRRHQelMfrP86QYQlCsAq	BILLY	6ix9ine	3742409	175	6	86	-11
187	76S09sHj7GGMJAtOLjmVQ2	Done For Me (feat. Kehlani)	Charlie Puth	3709030	145	3	120	-42
188	0qFX9pVJQB4lBMxRoFXqGr	End Of Discussion (feat. Lil Wayne)	Rich The Kid	3674205	nan	1	188	new
189	3NdDpSvN911VPGivFlV5d0	"I Don’t Wanna Live Forever (Fifty Shades Darker) - From ""Fifty Shades Darker (Original Motion Picture Soundtrack)"""	ZAYN	3660497	199	64	2	10
190	2CvOqDpQIMw69cCzWqr5yr	Halo	Beyoncé	3659069	191	4	149	1
191	40oKW22ZNNkEdZLJTScaQI	Roll In Peace (feat. XXXTENTACION)	Kodak Black	3652390	181	33	79	-10
192	3kxfsdsCpFgN412fpnW85Y	Redbone	Childish Gambino	3647015	197	64	35	5
193	5GXAXm5YOmYT0kL5jHvYBt	I Feel It Coming	The Weeknd	3642830	nan	54	9	re-enter
194	01TnVDiet1DFTsyWKUKovl	NUMB	XXXTENTACION	3632224	112	3	48	-82
195	4aWmUDTfIPGksMNLV2rQP2	Despacito (Featuring Daddy Yankee)	Luis Fonsi	3630741	185	60	4	-10
196	0RUTnY2B3s05fZuCHsNaUP	Alien	Sabrina Carpenter	3597952	nan	1	196	new
197	0JcNysfWVWaMS7R6vzGB2k	Robarte un Beso	Carlos Vives	3595233	171	21	74	-26
198	4qSsjDGXplb6422X2INvFW	Say Amen (Saturday Night)	Panic! At The Disco	3594335	109	2	109	-89
199	1xy4apMFecGGkgBeaHFZ2M	Chasing Fire	Lauv	3592475	nan	1	199	new
200	0Qh38w01QRXK6KHIv0e3hb	What About Us	P!nk	3589018	190	25	18	-10
