position	song_id	song_name	artist	streams	last_week_position	weeks_on_chart	peak_position	position_status
1	7qiZfU4dY1lWllzX7mPBI3	Shape of You	Ed Sheeran	180458	1	23	1	0
2	1rfofaqEpACxVEHIZBJe6W	Havana (feat. Young Thug)	Camila Cabello	145181	2	3	2	0
3	4IouQaO9GkaHC7AtMErdSa	打上花火	DAOKO	141194	3	7	2	0
4	7EmGUiUaOSGDnUUQUDrOXC	Wolves	Selena Gomez	132361	4	14	2	0
5	3Vo4wInECJQuz9BIBMOu8i	Finesse - Remix; feat. Cardi B	Bruno Mars	128512	5	4	5	0
6	2gasr6aemUqZIBBN05EO03	My Boo	Shota Shimizu	127078	14	23	5	8
7	5AEtlRudpgdT5FtNiuly6Y	Let Me Go (with Alesso, Florida Georgia Line & watt)	Hailee Steinfeld	114870	6	20	6	-1
8	2ekn2ttSfGqwhhate0LSR0	New Rules	Dua Lipa	110866	7	23	4	-1
9	0YAMQSmHk6BSUGTYpaoqTJ	Wherever you are	ONE OK ROCK	108138	9	23	7	0
10	3hBBKuWJfxlIlnd9QFoC8k	What Lovers Do (feat. SZA)	Maroon 5	107251	8	13	3	-2
11	09IStsImFySgyp0pIQdqAc	The Middle	Zedd	102046	nan	1	11	new
12	7CmWXD3w1xOO53AAO4LRVQ	愛をこめて花束を	Superfly	101083	11	23	11	-1
13	0PAyiPTz8gL0udQnSasc5G	TT - Japanese ver.	TWICE	99678	10	23	3	-3
14	46gSY0U7ZZCmd7EuJuo15N	恋音と雨空	AAA	97490	16	23	9	2
15	4eWQlBRaTjPPUlzacqEeoQ	Never Be the Same	Camila Cabello	96578	12	3	8	-3
16	4Eb5cLWxKQUoUQaKUYSRgI	LIKEY	TWICE	95373	13	14	5	-3
17	40cPkRjw5aLQIOjaqgUVnB	RAIN	SEKAI NO OWARI	94473	15	20	8	-2
18	0I20rLT2MJDhcF96AjbNYo	Stay	Zedd	92949	18	5	4	0
19	7iXHLtPosbHvglVSJ4rxLq	愛唄	GReeeeN	92049	19	23	17	0
20	5Bg0HkfaRYRx8A7tMrjT9Z	君が好き	Shota Shimizu	90604	28	23	16	8
21	0mf82mK5aeZm4vN9HM2InQ	I LOVE YOU	Chris Hart	88418	21	9	21	0
22	2xmrfQpmS2iJExTlklLoAL	I Miss You (feat. Julia Michaels)	Clean Bandit	87323	17	14	17	-5
23	0ve9Tpz8Yw0I4eXhWsy21o	ワタリドリ	[Alexandros]	85675	20	23	15	-3
24	7jqDzXJS0K0Re8uphYNit0	Sick Boy	The Chainsmokers	85290	22	2	22	-2
25	6PO8T4qt3FHfauSs98zO9j	Dream	Shota Shimizu	84815	34	23	17	9
26	7swIKcU4tFRk4iFJpi12Fg	小さな恋のうた	MONGOL800	84661	24	23	22	-2
27	76cy1WJvNGJTj78UqeA5zr	IDGAF	Dua Lipa	82072	45	3	27	18
28	5UEnHoDYpsxlfzWLZIc7LD	River (feat. Ed Sheeran)	Eminem	81793	26	7	26	-2
29	2XW4DbS6NddZxRPm5rMCeY	God's Plan	Drake	80947	59	2	29	30
30	5ofnFjLvOgZP94zmDXi3HT	Influencer	Nogizaka46	79628	27	5	15	-3
31	7vwXjDrZT2mqiFynlEwwgG	さよならの前に	AAA	78643	30	23	21	-1
32	7BKLCZ1jbUBVqRi2FVlTVw	Closer	The Chainsmokers	78467	29	23	12	-3
33	39GvWlUAF4Y3qzboUyvBkg	Candy Pop	TWICE	77986	25	3	23	-8
34	7ztdl6cnbJgHRdMkKldkts	キセキ	GReeeeN	76390	36	23	28	2
35	12SJpYZEdj4kzWZ8FPFg4Y	All The Stars (with SZA)	Kendrick Lamar	75613	33	3	33	-2
36	32DGGj6KlNuBr6WaqRxpxi	How Long	Charlie Puth	75599	23	17	8	-13
37	0tgVpDi06FyKpA1z0VMD4v	Perfect	Ed Sheeran	75319	31	23	12	-6
38	5SE57ljOIUJ1ybL9U6CuBH	DNA	BTS	74668	32	20	3	-6
39	1mXVgsBdtIVeCLJnSnmtdV	Too Good At Goodbyes	Sam Smith	74314	37	13	10	-2
40	1x5sYLZiu9r5E43kMlt9f8	Symphony (feat. Zara Larsson)	Clean Bandit	73775	40	23	24	0
41	6RUKPb4LETWmmr3iAEQktW	Something Just Like This	The Chainsmokers	70250	42	23	11	1
42	3HGTwcMgf0cyennr2giebW	花束を君に	Hikaru Utada	70171	39	4	27	-3
43	4iLqG9SeJSnt0cSPICSjxv	Attention	Charlie Puth	68700	44	23	13	1
44	6wVOY8vYQhBWcozuiUdzGG	ゲリラ × 向井太一	AKKOGORILLA	67758	38	5	14	-6
45	66KjxbYrSBdnxJcHjnLM7o	ONE	Aimer	66793	46	16	29	1
46	4clwFLZjrvTtnrMviJnVKh	花	ORANGE RANGE	66746	48	18	46	2
47	5PF0IW8iHqOcTWAyRqiDzb	Home	Shota Shimizu	66555	57	23	47	10
48	1YTnoQVLzQrXR1gu6Hdzz1	Good Life	Shota Shimizu	65214	nan	1	48	new
49	6q2cJXwzu89N8okT69L7KC	One More Time	TWICE	64929	41	16	3	-8
50	6wKCaqrTm48XPfRRq6zMyV	BIG CITY RODEO	GENERATIONS from EXILE TRIBE	64889	43	4	30	-7
51	4f3nDjgqXurMryYBSp0TZD	The Beginning	ONE OK ROCK	63086	49	23	40	-2
52	7iDa6hUg2VgEL1o1HjmfBn	Meant to Be (feat. Florida Georgia Line)	Bebe Rexha	60920	51	12	51	-1
53	7EI6Iki24tBHAMxtb4xQN2	Anywhere	Rita Ora	59375	53	10	53	0
54	6mrKP2jyIQmM0rw6fQryjr	Let You Down	NF	58949	54	16	52	0
55	1bhUWB0zJMIKr9yVPrkEuI	Perfect Duet (Ed Sheeran & Beyoncé)	Ed Sheeran	58745	35	9	8	-20
56	0V2axJ946WH1vt9t5SGMLV	Story	AI	58720	55	12	55	-1
57	0KKkJNfGyhkQ5aFogxQAPU	That's What I Like	Bruno Mars	57741	108	23	43	51
58	6b8Be6ljOzmkOmFslEb23P	24K Magic	Bruno Mars	57393	125	23	58	67
59	1tkWfKfJqdqbY3oadsjXCf	鱗(うろこ)	Motohiro Hata	56640	58	5	55	-1
60	73xYYths9kvmFvYsd9gC9Z	楓	SPITZ	56538	47	8	36	-13
61	6gxF4ibm6S95UUC6vyIiln	Heart Shaker	TWICE	56349	50	7	30	-11
62	6YcvfXy4wTvjaIniIBuh30	AM11:00	HY	53769	77	2	62	15
63	17DfKcV1gBdfMBdzsf4NQx	Kataomoi	miwa	52459	66	23	52	3
64	6IxWbmElUUj7AstEEzIgtl	LIFE	AAA	52310	61	18	35	-3
65	23mknRzp3IpdyE9XULtv0B	Kimini Todoke	flumpool	52179	70	12	65	5
66	7nZmah2llfvLDiUjm0kiyz	Friends (with BloodPop®)	Justin Bieber	51898	56	23	4	-10
67	0eio2xxlLcgMCSMPgJseeI	R.Y.U.S.E.I.	J Soul Brothers III from EXILE TRIBE	51474	72	16	52	5
68	4jgmMySpab1UwgOga72w5q	Lonely One	Nariaki Obukuro	51438	52	3	52	-16
69	2wAf64UF5cK7mlAUfvVPl9	Tda'''Aitakute	EXILE	51244	71	23	69	2
70	5CtI0qwDJkDQGwXD1H1cLb	Despacito - Remix	Luis Fonsi	51187	62	23	5	-8
71	6CU3VvoeQgkg4Wb1vS0zj7	Chocolate	CHANMINA	51026	65	12	18	-6
72	0afhq8XCExXpqazXczTSve	Galway Girl	Ed Sheeran	51014	84	23	46	12
73	3m660poUr1chesgkkjQM7P	Sorry Not Sorry	Demi Lovato	50276	67	18	8	-6
74	2NgQV5lmGPPTTlrHXeAPJ7	Yasashisade Afureruyouni	Flower	50115	74	23	59	0
75	4PqDkR6YM80Sy590Qsy6mm	ハナミズキ	Yo Hitoto	49992	63	8	63	-12
76	0albLGvYx6ftOUJ7KF0i5I	STAY TUNE	Suchmos	48580	79	23	60	3
77	0NiXXAI876aGImAd6rTj8w	Mama	Jonas Blue	48554	69	23	7	-8
78	4m8ayeTlVnsYAtR42NhDqZ	WanteD! WanteD!	Mrs. GREEN APPLE	48146	64	23	10	-14
79	5k38wzpLb15YgncyWdTZE4	Him & I (with Halsey)	G-Eazy	47608	60	7	60	-19
80	09ts3GnICqYEU5PkQCpJK3	Say Something	Justin Timberlake	47365	nan	1	80	new
81	2OqENlvR9PA6nRVptuQIFe	明日、また	[Alexandros]	47291	68	9	68	-13
82	5KaplUYIDvsFe69z7UArVt	光榮之橋	Yuzu	47217	76	6	54	-6
83	630sXRhIcfwr2e4RdNtjKN	Rewrite The Stars	Zac Efron	46990	100	3	83	17
84	05HuGF8QJGxH2UiQ77ldTK	ALRIGHT! ALRIGHT!	GENERATIONS from EXILE TRIBE	46691	89	4	70	5
85	79cuOz3SPQTuFrp8WgftAu	There's Nothing Holdin' Me Back	Shawn Mendes	46677	87	23	15	2
86	2OALaHcDdKkjYEpAr0Qzab	Lonely Together (feat. Rita Ora)	Avicii	46458	75	23	11	-11
87	3Xrd2febrBti5pNuRTVmra	SORA	GENERATIONS from EXILE TRIBE	46374	85	23	48	-2
88	3pzjHKrQSvXGHQ98dx18HI	What Do You Mean?	Justin Bieber	46316	81	23	35	-7
89	1zsG4eaZmkA1dvjDDsAGLK	Échame La Culpa	Luis Fonsi	45850	92	11	44	3
90	1j4kHkkpqZRBwE0A4CN4Yv	Dusk Till Dawn - Radio Edit	ZAYN	44967	73	21	18	-17
91	5YP52gnoypy9H1jg5RIwUW	ロビンソン	SPITZ	44363	83	8	83	-8
92	3MmAtS5q33iKDcRvu6U5p3	First Love	Hikaru Utada	43800	91	3	91	-1
93	2z4pcBLQXF2BXKFvd0BuB6	Tip Toe (feat. French Montana)	Jason Derulo	43740	80	5	80	-13
94	4c2W3VKsOFoIg2SFaO6DY5	Your Song	Rita Ora	43516	98	23	16	4
95	0ijT1F143SdGb45SQB3rHk	Milk Tea	Shota Shimizu	42657	140	23	58	45
96	0tKcYR2II1VCQWT79i5NrW	Thunder	Imagine Dragons	42400	103	23	47	7
97	7wGoVu4Dady5GV0Sv4UIsx	rockstar	Post Malone	42340	86	17	14	-11
98	3DXncPQOG4VBw3QHh3S817	I'm the One (feat. Justin Bieber, Quavo, Chance the Rapper & Lil Wayne)	DJ Khaled	42264	102	23	7	4
99	2SJAhpAZZLKYIWWu7S2idS	Jupiter	Little Glee Monster	41723	78	3	78	-21
100	7vGuf3Y35N4wmASOKLUVVU	Silence	Marshmello	41679	94	23	26	-6
101	2DQ1ITjI0YoLFzuADN1ZBW	No Limit	G-Eazy	41277	97	7	97	-4
102	6QgjcU0zLnzq5OrUoSZ3OK	Feel It Still	Portugal. The Man	41167	105	21	44	3
103	6EpRaXYhGOB3fj4V2uDkMJ	Strip That Down	Liam Payne	41046	107	23	26	4
104	2xGjteMU3E1tkEPVFBO08U	This Is Me	Keala Settle	40786	99	3	99	-5
105	5troof8mcGO3AafoDbk1gc	Look What You Made Me Do	Taylor Swift	40776	96	5	49	-9
106	1Qg9jWGDkKAGZXj5v2OG59	Wait	Maroon 5	40364	106	11	106	0
107	2UVbBKQOdFAekPTRsnkzcf	Stir Fry	Migos	39417	nan	1	107	new
108	0zHwzOAeXZkLfZGdclqAJ6	Flavor Of Life	Hikaru Utada	39324	90	3	90	-18
109	72jbDTw1piOOj770jWNeaG	Paris	The Chainsmokers	39084	109	23	66	0
110	1Slwb6dOYkBlWal1PGtnNg	Thinking out Loud	Ed Sheeran	38954	115	23	110	5
111	3A7qX2QjDlPnazUsRk5y0M	2U (feat. Justin Bieber)	David Guetta	38240	112	23	6	1
112	3NdDpSvN911VPGivFlV5d0	"I Don’t Wanna Live Forever (Fifty Shades Darker) - From ""Fifty Shades Darker (Original Motion Picture Soundtrack)"""	ZAYN	38045	114	23	76	2
113	5RGf8qn1TBWVplLyyKUsuV	Blood Sweat & Tears	BTS	37877	111	22	109	-2
114	2mfUa8bLs2s5N4VaqJZ4lZ	Most Girls	Hailee Steinfeld	37558	119	23	51	5
115	69bp2EbF7Q2rqc5N3ylezZ	Sorry	Justin Bieber	37287	116	23	58	1
116	1NDxZ7cFAo481dtYWdrUnR	Pretty Girl - Cheat Codes X CADE Remix	Maggie Lindemann	37105	120	22	29	4
117	6g93YtKKHU2H1qIqhLIL0Y	Kataomoi	Aimer	36492	117	22	57	0
118	6Flllj0iIJPwXUpxL9KdxC	Choucho Musubi	Aimer	36365	124	18	60	6
119	6CQ5WvprBENUd53lv9UzAh	Pieces of a Dream	CHEMISTRY	36262	126	8	119	7
120	3iC2EnDtXJZj7aSi44HGGv	Wait & See ~リスク~	Hikaru Utada	36231	104	3	69	-16
121	2x0WlnmfG39ZuDmstl9xfX	End Game	Taylor Swift	36186	88	3	88	-33
122	6Qq8UOS6QzeSYFUVXC5wEB	何度でも	DREAMS COME TRUE	36081	131	7	122	9
123	1nMbZ9OsVNSLEyijI80EST	TT	TWICE	36043	122	23	36	-1
124	68EMU2RD1ECNeOeJ5qAXCV	We Don't Talk Anymore	Charlie Puth	35164	135	23	96	11
125	75ZvA4QfFiZvzhj2xkaWAh	I Fall Apart	Post Malone	35154	118	17	78	-7
126	6YtmVjtDWDbac5tcto0BAn	Sobakasu	JUDY AND MARY	35091	128	13	122	2
127	4jaaMznp3KPllxbmRdiIbx	Hanataba No Kawari Ni Melody Wo	Shota Shimizu	34987	154	22	72	27
128	5nq1uTNIR1cBR72T87viS0	Go Go	BTS	34920	123	20	40	-5
129	5hM6sP0Gh1jD57drszNueC	For You (Fifty Shades Freed) (& Rita Ora)	Liam Payne	34818	138	3	129	9
130	0OlnLZY4cmQzT6ZGttvWBM	So Far Away (feat. Jamie Scott & Romy Dya)	Martin Garrix	34628	82	7	82	-48
131	22aZD7yaGYfhgCYazL4nbc	366日	HY	34448	144	2	131	13
132	0as7lPxkBPctZ7uVmchRNM	Miss You (with Major Lazer & Tory Lanez)	Cashmere Cat	34404	nan	1	132	new
133	5knuzwU65gJK7IF5yJsuaW	Rockabye (feat. Sean Paul & Anne-Marie)	Clean Bandit	34206	132	23	115	-1
134	1wjzFQodRWrPcQ0AnYnvQ9	I Like Me Better	Lauv	33934	129	23	28	-5
135	2LwjA3u1bTgnhfbR4MsPxw	Because of You	Shota Shimizu	33902	175	22	58	40
136	3JrxNi0sQ1Lnx8eGonp3Ma	にじいろ	ayaka	33391	139	16	91	3
137	75FDPwaULRdYDn4StFN2rT	Bartier Cardi (feat. 21 Savage)	Cardi B	33389	127	5	113	-10
138	315z5bDr8oJ0OAxD3jQZmH	ひまわりの約束	Motohiro Hata	33288	136	22	66	-2
139	1XT0cpl9g0GuRQJao2nqXd	Kanzen kankaku Dreamer	ONE OK ROCK	33223	134	23	69	-5
140	3hB5DgAiMAQ4DzYbsMq1IT	Love Yourself	Justin Bieber	33033	137	23	70	-3
141	0Zbbxnx4SGGHoIow4PpISP	Stargazing	Kygo	32926	110	19	33	-31
142	4pLwZjInHj3SimIyN9SnOz	Side To Side	Ariana Grande	32889	149	23	77	7
143	3eR23VReFzcdmS7TYCrhCe	It Ain't Me (with Selena Gomez)	Kygo	32137	141	23	64	-2
144	7BqBn9nzAq8spo5e7cZ0dJ	Just the Way You Are	Bruno Mars	32110	nan	15	144	re-enter
145	0eEaGQuEZo5sEuJzU5kwkW	Fire	Shota Shimizu	32085	nan	19	71	re-enter
146	0K4Wg6Pwx0cOuJkN8xvuto	MAGIC	AAA	31924	142	23	59	-4
147	0wMfMGp7nz7JMNw7tei9f5	今宵の月のように	Elephant Kashimashi	31862	113	5	81	-34
148	1X2Zd5wKGbY1oKzb8dzJRy	Break Free	Ariana Grande	31807	150	23	87	2
149	5UnRutJ5phJ9Ti4WnFgEoJ	CHEER UP - Japanese ver.	TWICE	31506	145	23	56	-4
150	2yLa0QULdQr0qAIvVwN6B5	...Ready For It?	Taylor Swift	31460	156	9	109	6
151	7sO5G9EABYOXQKNPNiE9NR	Ric Flair Drip (& Metro Boomin)	Offset	31449	143	8	126	-8
152	1bHgnjGsRCxlCxD5BobatI	"奏(かなで) - ARENA TOUR '07 ""W-ARENA"""	Sukima Switch	31440	161	16	72	9
153	71bBFbfn2OBK5QwUJSLS44	More Than You Know	Axwell /\ Ingrosso	31303	159	7	106	6
154	1louJpMmzEicAn7lzDalPW	No Promises (feat. Demi Lovato)	Cheat Codes	31206	147	23	52	-7
155	7bJwvubZZaoGE1AGEfu8Fi	One Last Time	Ariana Grande	30812	158	23	73	3
156	494OU6M7NOf4ICYb4zWCf5	Sugar	Maroon 5	30772	151	23	92	-5
157	2cYLtAVzzTAMf5QBQCeQPt	LUXE	Hiroomi Tosaka	30669	nan	1	157	new
158	0cqRj7pUJDkTCEsJkx8snD	Shake It Off	Taylor Swift	30655	153	23	84	-5
159	6WbADFqMvR8N5u0BvtsWQE	Without You (feat. Sandro Cavazza)	Avicii	30642	152	23	10	-7
160	1pZdegOXTZ2ftINo3oUuRZ	Bedroom Floor	Liam Payne	30642	160	10	107	0
161	4Ls20opS0EzPb7NuA6F8VI	ハピネス	AI	30600	164	8	86	3
162	2PeCrMLUayMPZnLZPkJxOJ	NAO	HY	30302	195	2	162	33
163	5CLGzJsGqhCEECcpnFQA8x	These Days (feat. Jess Glynne, Macklemore & Dan Caplen)	Rudimental	30261	nan	1	163	new
164	2Tq2R8sRftNEqdgJK5HadO	My My My!	Troye Sivan	30245	95	3	93	-69
165	10Le5UMzkGs2vb7Dna5vev	キラキラ	AI	29989	121	5	84	-44
166	3XqQ0lZWvh47ySXRQaEXso	Sukida	Little Glee Monster	29914	162	5	78	-4
167	3zfyzbHuqcT2AAffAyLm02	プラネタリウム	Ai Otsuka	29868	172	2	167	5
168	5HwnezK198pJCEj1l2Adjy	She Loves Control	Camila Cabello	29868	nan	2	115	re-enter
169	6IcrwGdIvRsrImOnoYfG9Z	See You Again (feat. Charlie Puth)	Wiz Khalifa	29818	169	23	113	0
170	5hcisvFMidkMJlElTO9Qmw	Sensualidad	Bad Bunny	29754	157	4	157	-13
171	4R7QVSqBN0koJHcOL7PGb5	SIGNAL - Japanese ver.	TWICE	29710	155	23	44	-16
172	4tCtwWceOPWzenK2HAIJSb	Work from Home (feat. Ty Dolla $ign)	Fifth Harmony	29646	173	23	95	1
173	2bnUATKYS3JykGpZjjlbXV	Like OOH-AHH - Japanese ver.	TWICE	29628	163	22	71	-10
174	0kN8xEmgMW9mh7UmDYHlJP	Versace on the Floor	Bruno Mars	29563	nan	8	158	re-enter
175	2GLp1Arz4ZtihdjdL9m80W	愛してるのに、愛せない	AAA	29497	174	22	145	-1
176	6PCUP3dWmTjcTtXY02oFdT	Castle on the Hill	Ed Sheeran	29480	168	23	114	-8
177	6kex4EBAj0WHXDKZMEJaaF	Swalla (feat. Nicki Minaj & Ty Dolla $ign)	Jason Derulo	29222	186	23	38	9
178	1Zyd6zQnC6XIIzmg3hP7Ot	As If It's Your Last	BLACKPINK	29115	167	22	70	-11
179	18SSDuDfgGNir2UmKorq7U	Everything	MISIA	29092	171	9	129	-8
180	1KT0xdIjm7t053xByACrrg	美女と野獣	Ariana Grande	29034	188	23	110	8
181	4feDzcxtXRU8clyOluco5Y	どんなときも。	Noriyuki Makihara	28908	183	7	154	2
182	0ZOmKSTgLKEKnn85wieY7O	道	Hikaru Utada	28724	148	3	109	-34
183	5SDVaYU4nfaIV0rNSlWSCa	三日月	ayaka	28677	192	17	147	9
184	7Ed6BkggCS2KaKY5YlINaF	MIC Drop (feat. Desiigner) [Steve Aoki Remix]	BTS	28664	101	10	37	-83
185	60QO7SvW5aaFgMLvltlr6E	Overflows~言葉にできなくて~	Naoto	28653	189	17	104	4
186	7fSPXg9avmHAkLopHA7YFe	Down	Fifth Harmony	28449	187	11	131	1
187	6qt4DNJ94JlcYw5aZJP9D1	愛のうた	Kumi Koda	28348	190	2	187	3
188	4kjF1ooqgWABonCJOQee0Y	ITO	EXILE ATSUSHI	28106	nan	15	95	re-enter
189	3A0VFRUxhqpJeOxo0rklqC	友よ 〜 この先もずっと・・・	Ketsumeishi	27949	185	13	159	-4
190	3BPoSr2pO34Aan6alFfVto	BBoom BBoom	MOMOLAND	27848	nan	1	190	new
191	4pdPtRcBmOSQDlJ3Fk945m	Let Me Love You	DJ Snake	27748	nan	21	111	re-enter
192	1qAPA8TooLVEqAZ58fhcrt	BOOMBAYAH - KR Ver.	BLACKPINK	27690	191	20	74	-1
193	4hrpoqJMVE7FxBu1YWx0eQ	Not Today	BTS	27454	196	4	185	3
194	6IghCx6jRj5VHEmXKQH2pR	Re:make	ONE OK ROCK	27339	193	22	92	-1
195	1P3cdB5wydoRlTFRz0bNLO	Take what you want (featuring 5 Seconds of Summer)	ONE OK ROCK	27321	nan	20	66	re-enter
196	5LkQpbBFgoyQm1jGlznT7p	KNOCK KNOCK - Japanese ver.	TWICE	27313	179	19	78	-17
197	2SYa5Lx1uoCvyDIW4oee9b	MIC Drop	BTS	27309	181	19	45	-16
198	6DNtNfH8hXkqOX1sjqmI7p	Cold Water (feat. Justin Bieber & MØ)	Major Lazer	27275	182	20	142	-16
199	1xtecrg5NPRM84NJKEkg1r	AGEHA	GENERATIONS from EXILE TRIBE	27159	178	3	155	-21
200	23VkJhoXjUWNBKNfAH1iOw	Song for…	HY	27155	nan	1	200	new
