position	song_id	song_name	artist	streams	last_week_position	weeks_on_chart	peak_position	position_status
1	1rgnBhdG2JDFTbYkYRZAku	Dance Monkey	Tones And I	42934057	1	18	1	0
2	3ZCTVFBt2Brf31RLEnCkWJ	everything i wanted	Billie Eilish	40323676	102	2	2	100
3	2b8fOow8UzyDFAE27YhOZM	Memories	Maroon 5	30696174	2	9	2	-1
4	696DnlkuDOXcMAnKlTgXXK	ROXANNE	Arizona Zervas	30284841	nan	1	4	new
5	21jGcNKet2qwijlDFuPiPb	Circles	Post Malone	27993218	4	10	2	-1
6	1HfMVBKM75vxSfsQ5VefZ5	Lose You To Love Me	Selena Gomez	26188196	3	5	1	-3
7	6WrI0LAC5M1Rw2MnX2ZvEg	Don't Start Now	Dua Lipa	25716644	5	3	5	-2
8	7qEHsqek33rTcFNT9PFqLf	Someone You Loved	Lewis Capaldi	23635137	8	27	4	0
9	6cy3ki60hLwimwIje7tALf	RITMO (Bad Boys For Life)	Black Eyed Peas	23528266	10	6	9	1
10	3eekarcy7kvN4yt5ZFzltW	HIGHEST IN THE ROOM	Travis Scott	22138889	7	7	1	-3
11	6v3KW9xbzN5yKLt9YKDYA2	Señorita	Shawn Mendes	22001173	9	17	1	-2
12	7aiClxsDWFRQ0Kzk5KI5ku	hot girl bummer	blackbear	20112837	11	13	9	-1
13	2tnVG71enUj33Ic2nFN6kZ	Ride It	Regard	16936400	12	11	12	-1
14	2plLJpUcYPFrl1sW2pMG63	Lights Up	Harry Styles	16454034	20	6	5	6
15	2Fxmhks0bxGSBdJ92vM42m	bad guy	Billie Eilish	15784887	15	34	1	0
16	70eFcWOvlMObDhURTqT4Fv	Beautiful People (feat. Khalid)	Ed Sheeran	14874302	14	19	3	-2
17	2ksOAxtIxY8yElEWw8RhgK	China	Anuel AA	14712140	16	18	2	-1
18	2wrJq5XKLnmhRXHIAf9xBa	10,000 Hours (with Justin Bieber)	Dan + Shay	14447797	13	7	5	-5
19	1iQDltZqI7BXnHrFy4Qo1k	Trampoline (with ZAYN)	SHAED	13588283	19	8	19	0
20	6b2RcmUt1g9N9mQ3CbjX2Y	How Do You Sleep?	Sam Smith	13468811	17	18	7	-3
21	1e9oZCCiX42nJl0AcqriVo	Watermelon Sugar	Harry Styles	13067797	nan	1	21	new
22	4vUmTMuQqjdnvlZmAH61Qk	South of the Border (feat. Camila Cabello & Cardi B)	Ed Sheeran	12977289	22	19	10	0
23	51Fjme0JiitpyXKuyQiCDo	Lalala	Y2K	12409065	23	21	4	0
24	0hVXuCcriWRGvwMV1r5Yn9	I Don't Care (with Justin Bieber)	Ed Sheeran	12316956	24	19	2	0
25	6RyaV7owmVU6fzEPE17sF1	Que Tire Pa Lante	Daddy Yankee	12258421	39	5	25	14
26	6Gg1gjgKi2AK4e0qzsR7sd	Bandit (with YoungBoy Never Broke Again)	Juice WRLD	12226004	18	7	14	-8
27	3GRSqlALWISqLeNncZMbpX	Mean It	Lauv	12015729	nan	1	27	new
28	7k4t7uLgtOxPwTpFmtJNTY	Tusa	KAROL G	11911506	67	2	28	39
29	7LzouaWGFCy4tkXDOOnEyM	Liar	Camila Cabello	11781268	26	11	22	-3
30	0RiRZpuVRbi7oqRdSMwhQY	Sunflower - Spider-Man: Into the Spider-Verse	Post Malone	11743469	28	10	14	-2
31	6mAN61JH0dzyZpWslS11jy	Fantasias	Rauw Alejandro	11635203	32	8	31	1
32	6vBdBCoOhKHiYDDOcorfNo	Goodbyes (Feat. Young Thug)	Post Malone	11469916	27	20	2	-5
33	3i9UVldZOE0aD0JnyfAZZ0	Lover (Remix) [feat. Shawn Mendes]	Taylor Swift	11458619	nan	1	33	new
34	0fea68AdmYNygeTGI4RC18	LA CANCIÓN	J Balvin	11358555	30	21	17	-4
35	4yI3HpbSFSgFZtJP2kDe5m	Look At Her Now	Selena Gomez	11314118	25	4	9	-10
36	3jbT1Y5MoPwEIpZndDDwVq	Adicto (with Anuel AA & Ozuna)	Tainy	11251105	29	13	24	-7
37	7CHi4DtfK4heMlQaudCuHK	Lose Control	MEDUZA	11229576	34	5	34	-3
38	2QpGZOhTCHHiKmpSO9FW4h	Follow God	Kanye West	11117716	21	4	4	-17
39	07Oz5StQ7GRoygNLaXs2pd	Good as Hell (feat. Ariana Grande) - Remix	Lizzo	10904717	35	4	29	-4
40	2TH65lNHgvLxCKXM3apjxI	Callaita	Bad Bunny	10758050	36	25	7	-4
41	5DqdesEfbRyOlSS3Tf6c29	It's You	Ali Gatie	10369517	33	2	33	-8
42	4R8BJggjosTswLxtkw8V7P	No Me Conoce - Remix	Jhay Cortez	10216207	40	26	20	-2
43	1lOe9qE0vR9zwWQAOk6CoO	Ransom	Lil Tecca	10163698	31	7	16	-12
44	2pWOMNQJW3g2zmGjP0Vkb0	Whine Up	Nicky Jam	9731771	47	3	44	3
45	2W4yABdLc4Jnds67Poi5Nl	Yellow Hearts	Ant Saunders	9342018	nan	1	45	new
46	6V9fHiv84WlVTg7CSnIVY2	Graveyard	Halsey	9165937	42	10	31	-4
47	56AMYGJzxBO6p8v0wEe9de	Hot (Remix) [feat. Gunna and Travis Scott]	Young Thug	9162094	38	3	33	-9
48	6Y4PDQv4XjYjHLeLmvyOt0	Si Te Vas	Sech	9020095	48	8	48	0
49	7iHHxY2NLlJRAmlAmC4ahQ	Stuck In A Dream (feat. Gunna)	Lil Mosey	8962760	37	2	37	-12
50	37zdqI4r1gswIzczSBkRon	Aventura	Lunay	8817917	54	4	50	4
51	1mpD5Q8IM32I4bF6eCpU74	Up All Night	Khalid	8804919	nan	1	51	new
52	4sjiIpEv617LDXaidKioOI	223's (feat. 9lokknine)	YNW Melly	8582328	41	11	32	-11
53	7CZyCXKG6d5ALeq41sLzbw	Take What You Want (feat. Ozzy Osbourne & Travis Scott)	Post Malone	8547606	43	10	16	-10
54	6osaMSJh9NguagEDQcZaKx	Loco Contigo (feat. J. Balvin & Tyga)	DJ Snake	8525129	45	17	11	-9
55	2VxeLyX666F8uXCJ0dZF8B	Shallow	Lady Gaga	8427469	51	59	3	-4
56	0bYg9bo50gSsH3LtXe2SQn	All I Want for Christmas Is You	Mariah Carey	8344450	82	17	1	26
57	7BlBVFwvbWvcwNcUarQmjk	Yo x Ti, Tu x Mi	ROSALÍA	8335993	50	14	20	-7
58	2YpeDb67231RjR0MgVLzsG	Old Town Road - Remix	Lil Nas X	8297377	46	17	6	-12
59	5Id5B3dxJZhPcV9GzgYZZe	Quizas	Rich Music LTD	8163151	53	6	52	-6
60	59s0s39NFWScuHDbHytI14	Indeciso	Reik	8083484	60	11	60	0
61	0u2P5u6lvoDfwTYjAADbn4	lovely (with Khalid)	Billie Eilish	7941466	64	61	24	3
62	1nocRtwyNPVtGcIJqfgdzZ	Tutu	Camilo	7922544	55	15	27	-7
63	7HwvPmK74MBRDhCIyMXReP	blun7 a swishland	tha Supreme	7614936	nan	1	63	new
64	4TnjEaWOeW0eKTKIEvJyCa	Falling	Trevor Daniel	7610731	nan	1	64	new
65	5qmq61DAAOUaW8AUo8xKhh	Truth Hurts	Lizzo	7587251	58	29	16	-7
66	4Of7rzpRpV1mWRbhp5rAqG	Bruises	Lewis Capaldi	7561281	72	18	66	6
67	3cphb8kdsjElYR7r5icK3H	Nice To Meet Ya	Niall Horan	7530019	57	7	56	-10
68	43zdsphuZLzwA9k4DJhU0I	when the party's over	Billie Eilish	7514704	77	34	9	9
69	6Ozh9Ok6h4Oi1wUSLtBseN	BOP	DaBaby	7491650	150	8	32	81
70	6ocbgoVGwYJhOv1GgI9NsF	7 rings	Ariana Grande	7437221	62	41	1	-8
71	1000nHvUdawXuUHgBod4Wv	Panini	Lil Nas X	7266872	52	10	15	-19
72	7jzldCBnJjpJM3epzJ85KE	Tongue Tied (with YUNGBLUD & blackbear)	Marshmello	7250495	nan	1	72	new
73	5ry2OE6R2zPQFDO85XkgRb	Money In The Grave (Drake ft. Rick Ross)	Drake	7224467	61	23	5	-12
74	63VyEdzMM3w4ZQ1WtARa2S	Takeaway (feat. Lennon Stella)	The Chainsmokers	7173191	44	2	44	-30
75	6XHVuErjQ4XNm6nDPVCxVX	No Guidance (feat. Drake)	Chris Brown	7158496	59	21	14	-16
76	598yNsG1JFrGd4n2kMoz7F	Woah	Lil Baby	7081473	56	2	56	-20
77	2dpaYNEQHiRxtZbfNsse99	Happier	Marshmello	6996316	73	66	2	-4
78	6oJ6le65B3SEqPwMRNXWjY	Higher Love	Kygo	6986842	65	21	31	-13
79	4t9a07PAghtQMRAIP9FQ7Z	Soltera - Remix	Lunay	6943918	78	4	72	-1
80	1DFD5Fotzgn6yYXkYsKiGs	Piece Of Your Heart	MEDUZA	6943193	70	29	14	-10
81	1VJwtWR6z7SpZRwipI12be	Candy	Doja Cat	6937409	90	2	81	9
82	4sWuPniHClkInYAnzXAYUF	Camelot	NLE Choppa	6830181	66	10	47	-16
83	6kls8cSlUyHW2BUOkDJIZE	Hate Me (with Juice WRLD)	Ellie Goulding	6782728	74	15	66	-9
84	4u7EnebtmKWzUH433cf5Qv	Bohemian Rhapsody - 2011 Mix	Queen	6749787	80	35	39	-4
85	6JsHgIkMYHcbNtKfsal2Mg	Jerry Sprunger (with T-Pain)	Tory Lanez	6740180	nan	1	85	new
86	364spZLB5bhNlnPrzvUB41	Reply (feat. Lil Uzi Vert)	A Boogie Wit da Hoodie	6725748	nan	1	86	new
87	5aUSEPNd3m5xliFK4pn5mU	Good Thing (with Kehlani)	Zedd	6662351	71	8	53	-16
88	4wopYJ5wpYOM6ogm2Jugnw	fuck, i'm lonely (with Anne-Marie) - from “13 Reasons Why: Season 3”	Lauv	6626921	79	2	79	-9
89	1ndyl3wJCFs872XZ3ztPk6	DJ No Pare (feat. Zion, Dalex, Lenny Tavárez) - Remix	Justin Quiles	6536741	85	10	85	-4
90	0Z26mbSHJ1dkUu7g9DDgif	Trigger	Major Lazer	6481289	68	4	50	-22
91	0pqnGHJpmpxLKifKRmU6WP	Believer	Imagine Dragons	6463517	81	70	68	-10
92	22vgEDb5hykfaTwLuskFGD	Sucker	Jonas Brothers	6434813	83	24	9	-9
93	7pWK1kMgHy5lNNiIfuRbkP	Used To Love (with Dean Lewis)	Martin Garrix	6425845	89	3	89	-4
94	5p7ujcrUXASCNwRaWNHR1C	Without Me	Halsey	6328098	91	59	4	-3
95	4bTZeO72FwMa6wKOiqoynL	Otro Trago - Remix	Sech	6283679	92	17	11	-3
96	1G2CAJeP7rCwOZjlSJ0Zw3	Que Calor (with J Balvin & El Alfa)	Major Lazer	6266959	107	10	77	11
97	0e7ipj03S05BNilyu5bRzt	rockstar (feat. 21 Savage)	Post Malone	6221018	98	82	8	1
98	2xLMifQCjDGFmkHkpNLD9h	SICKO MODE	Travis Scott	6191872	93	68	2	-5
99	7xQAfvXzm3AkraOtGPWIZg	Wow.	Post Malone	6167590	95	10	42	-4
100	2FRnf9qhLbvw8fu4IBXx78	Last Christmas	Wham!	6166454	162	14	2	62
101	1jg9clsGCDqOumfS0X5xm9	Living Proof	Camila Cabello	6163667	nan	1	101	new
102	2qG5sZ7Si6sdK74qLxedYM	Con Altura	ROSALÍA	6152147	100	34	30	-2
103	26wLOs3ZuHJa2Ihhx6QIE6	Teeth	5 Seconds of Summer	6141072	88	13	46	-15
104	0fySG6A6qLE8IvDpayb5bM	VIBEZ	DaBaby	6110760	105	8	53	1
105	6hw1Sy9wZ8UCxYGdpKrU6M	Roller	Apache 207	6101708	84	4	71	-21
106	2bT1PH7Cw3J9p3t7nlXCdh	If I Can't Have You	Shawn Mendes	6053654	96	17	26	-10
107	7qiZfU4dY1lWllzX7mPBI3	Shape of You	Ed Sheeran	5996311	108	148	1	1
108	25ZAibhr3bdlMCLmubZDVt	QUE PRETENDES	J Balvin	5993080	97	21	15	-11
109	3s4mrPrEFFPF0LmAfutW0n	The London (feat. J. Cole & Travis Scott)	Young Thug	5935429	94	14	29	-15
110	0DiDStADDVh3SvAsoJAFMk	Only Human	Jonas Brothers	5879526	112	24	31	2
111	314ZkcV7oLWG8yWE7LABvH	Make It Right (feat. Lauv)	BTS	5853519	69	5	40	-42
112	5099x34vBakWpGkHourFxP	Qué Pena	Maluma	5769524	104	8	77	-8
113	5uCax9HTNlzGybIStD3vDh	Say You Won't Let Go	James Arthur	5763410	114	148	7	1
114	25sgk305KZfyuqVBQIahim	Sweet but Psycho	Ava Max	5759710	113	60	6	-1
115	3QzAOrNlsabgbMwlZt7TAY	Ballin' (with Roddy Ricch)	Mustard	5756539	130	7	115	15
116	3e9HZxeyfWwjeyPAMmWSSQ	thank u, next	Ariana Grande	5753402	115	41	3	-1
117	7fa9MBXhVfQ8P8Df9OEbD8	Girls Like You (feat. Cardi B)	Maroon 5	5751049	117	75	2	0
118	6Qs4SXO9dwPj5GKvVOv8Ki	Dancing With A Stranger (with Normani)	Sam Smith	5747839	111	45	7	-7
119	36orMWv2PgvnzXsd5CJ0yL	Post Malone (feat. RANI)	Sam Feldt	5738859	110	14	62	-9
120	7FGq80cy8juXBCD2nrqdWU	Eastside (with Halsey & Khalid)	benny blanco	5731059	118	50	16	-2
121	0c7K73roy6RW4ebDkf4yGh	VALENTINO	24kGoldn	5717005	99	8	99	-22
122	285pBltuF7vW8TeWk8hdRR	Lucid Dreams	Juice WRLD	5692941	116	50	24	-6
123	7KbF6AdprOXEEHlsq11Z6d	11 PM	Maluma	5671050	103	27	31	-20
124	0rIAC4PXANcKmitJfoqmVm	Motivation	Normani	5598349	86	14	42	-38
125	4a6q8CR2hzLk2plDkSxkfD	I.F.L.Y.	Bazzi	5582700	75	15	47	-50
126	6gBFPUFcJLzWGx4lenP6h2	goosebumps	Travis Scott	5572214	121	118	61	-5
127	0tgVpDi06FyKpA1z0VMD4v	Perfect	Ed Sheeran	5554315	123	140	4	-4
128	4ZLzoOkj0MPWrTLvooIuaa	Get You The Moon (feat. Snøw)	Kina	5547992	122	24	95	-6
129	6muOWhMh7Tf0UFUtMDBhUR	Orphans	Coldplay	5525500	106	4	52	-23
130	0Xek5rqai2jcOWCYWJfVCF	Enemies (feat. DaBaby)	Post Malone	5493839	119	10	19	-11
131	6TqXcAFInzjp0bODyvrWEq	Talk (feat. Disclosure)	Khalid	5460675	127	33	10	-4
132	1dGr1c8CrMLDpV6mPbImSI	Lover	Taylor Swift	5375840	109	13	2	-23
133	1tpbAGsGpZee5jDHMcLrUJ	Bellaquita	Dalex	5359696	137	5	133	4
134	5C0ivQMxes2lWuOANhvVAm	GIANTS	True Damage	5346208	132	2	132	-2
135	2gwkD6igEhQbDQegRCcdoB	Suge	DaBaby	5325389	140	30	26	5
136	05mDaV9Vb3wrzjF6OPZnhq	Saint-Tropez	Post Malone	5314043	101	10	9	-35
137	2kJwzbxV2ppxnQoYw4GLBZ	If the World Was Ending - feat. Julia Michaels	JP Saxe	5282387	156	2	137	19
138	5a6pdCHlWS2ekOOQ70QnAr	July	Noah Cyrus	5280073	151	4	138	13
139	6RRNNciQGZEXnqk8SQ9yv5	You Need To Calm Down	Taylor Swift	5268811	136	13	17	-3
140	0RLLvYBopDwooCyvnTwgYu	F.N	Lil Tjay	5249969	120	6	82	-20
141	5qrSlOut2rNAWv3ubArkNy	Be Alright	Dean Lewis	5248445	134	29	78	-7
142	5stPVcRqb4qixbafP9e8lt	Hola - Remix	Dalex	5239407	nan	1	142	new
143	6zegtH6XXd2PDPLvy1Y0n2	Don’t Call Me Angel (Charlie’s Angels) (with Miley Cyrus & Lana Del Rey)	Ariana Grande	5229185	125	3	85	-18
144	4SSnFejRGlZikf02HLewEF	bury a friend	Billie Eilish	5213149	170	34	5	26
145	2P91MQbaiQOfbiz9VqhqKQ	I Like Me Better	Lauv	5210254	141	77	86	-4
146	2iUXsYOEPhVqEBwsqP70rE	Youngblood	5 Seconds of Summer	5208017	142	75	8	-4
147	0Ryd8975WihbObpp5cPW1t	boyfriend (with Social House)	Ariana Grande	5201679	126	16	3	-21
148	5MPPttjfGap2C6j6eKcO6J	Baby (Lil Baby feat. DaBaby)	Quality Control	5195517	149	14	67	1
149	7dt6x5M1jzdTEt8oCbisTK	Better Now	Post Malone	5176104	138	82	1	-11
150	7sWRlDoTDX8geTR8zzr2vt	Hollywood's Bleeding	Post Malone	5149046	129	10	17	-21
151	1tNJrcVe6gwLEiZCtprs1u	3 Nights	Dominic Fike	5123529	133	34	51	-18
152	0lizgQ7Qw35od7CYaoMBZb	Santa Tell Me	Ariana Grande	5121609	nan	7	4	re-enter
153	2qxmye6gAegTMjLKEBoR3d	Let Me Down Slowly	Alec Benjamin	5065851	148	45	27	-5
154	18uwL0vNUanqZH0ro2QcOP	comethru	Jeremy Zucker	5036051	146	20	111	-8
155	3ee8Jmje8o58CHK66QrVC2	SAD!	XXXTENTACION	5030780	144	88	1	-11
156	5w9c2J52mkdntKOmRLeM2m	Con Calma	Daddy Yankee	5021452	145	43	2	-11
157	2rc7BkzO8qepMFAxHtOrXc	Blanco	J Balvin	4959133	nan	1	157	new
158	1rqqCSm0Qe4I9rUvWncaom	High Hopes	Panic! At The Disco	4951411	153	74	9	-5
159	6LcauUZjF1eXQrgqMUecHX	Ayy Macarena	Tyga	4859062	nan	1	159	new
160	4hPpVbbakQNv8YTHYaOJP4	One Thing Right	Marshmello	4853003	139	22	30	-21
161	4IO8X9W69dIQe0EC5ALXhq	Immortal	21 Savage	4851870	124	3	62	-37
162	0qaWEvPkts34WF68r8Dzx9	Turn Me On (feat. Vula)	Riton	4809901	184	2	162	22
163	3U4isOIWM3VvDubwSI3y7a	All of Me	John Legend	4781886	165	26	163	2
164	5YxP1CkunbhUQVvctFOHa7	fuck 3x	tha Supreme	4777307	nan	1	164	new
165	2JvzF1RMd7lE3KmFlsyZD8	MIDDLE CHILD	J. Cole	4777298	154	44	2	-11
166	5iwz1NiezX7WWjnCgY5TH4	Calma - Remix	Pedro Capó	4770791	171	54	5	5
167	5T8EDUDqKcs6OSOwEsfqG7	Don't Stop Me Now - 2011 Mix	Queen	4765482	159	56	51	-8
168	1cL3ucXzG2hj3XOUPIWdvZ	Feelings	Lauv	4749975	87	2	87	-81
169	6ofuqm2qLMi9lBFEF9mJMb	Hasta Que Salga el Sol	Ozuna	4734904	182	2	169	13
170	1zB4vmk8tFRmM9UULNzbLB	Thunder	Imagine Dragons	4696559	164	70	81	-6
171	7f5trao56t7sB7f14QDTmp	Juicy	Doja Cat	4682996	194	2	171	23
172	2BgEsaKNfHUdlh97KmvFyo	2002	Anne-Marie	4681355	168	67	28	-4
173	7m9OqQk4RVRkw9JJdeAw96	Jocelyn Flores	XXXTENTACION	4675108	173	117	7	0
174	1mXVgsBdtIVeCLJnSnmtdV	Too Good At Goodbyes	Sam Smith	4666355	163	106	3	-11
175	5PYQUBXc7NYeI1obMKSJK0	Never Really Over	Katy Perry	4665923	167	25	10	-8
176	6klLvorLoo1sxvZcjJIY8I	Make No Sense	YoungBoy Never Broke Again	4663271	147	6	141	-29
177	1cVlW9WQiGlFdWUXFdFZGh	Pa' Olvidarme De Ella	Piso 21	4662702	190	2	177	13
178	6IJTc8xo6XasOU8fpxMU57	Call You Mine (feat. Bebe Rexha)	The Chainsmokers	4648104	179	2	178	1
179	5vdp5UmvTsnMEMESIF2Ym7	Another One Bites The Dust - Remastered 2011	Queen	4616792	177	56	36	-2
180	4fj7e6Tc48Bmomwyz2Z2XC	Te Quemaste	Manuel Turizo	4608958	161	11	120	-19
181	6RUKPb4LETWmmr3iAEQktW	Something Just Like This	The Chainsmokers	4606527	186	124	2	5
182	6fxVffaTuwjgEk5h9QyRjy	Photograph	Ed Sheeran	4594698	175	136	41	-7
183	5F8ffc8KWKNawllr5WsW0r	Surtada - Remix Brega Funk	Dadá Boladão	4566554	152	5	152	-31
184	0JP9xo3adEtGSdUEISiszL	Moonlight	XXXTENTACION	4555267	178	88	2	-6
185	1Av69kr9JitqPWo7WJLS5q	Can We Kiss Forever?	Kina	4552432	192	2	185	7
186	0rKtyWc8bvkriBthvHKY8d	SLOW DANCING IN THE DARK	Joji	4542124	183	12	95	-3
187	684EjRHwNsZQ9hCQxL4NYL	El Favor (with Nicky Jam & Sech, feat. Farruko, Zion & Lunay)	Dimelo Flow	4533813	172	12	87	-15
188	6IRdLKIyS4p7XNiP8r6rsx	all the good girls go to hell	Billie Eilish	4531067	nan	20	11	re-enter
189	6K5BsR04ijf3FHNzjbaagD	Si Se Da - Remix	Myke Towers	4490293	185	16	68	-4
190	6zeeWid2sgw4lap2jV61PZ	Better	Khalid	4487359	155	56	10	-35
191	0F7FA14euOIX8KcbEturGH	Old Town Road	Lil Nas X	4456910	188	17	53	-3
192	0mjAU3yKR1QnXnHtjGJqTM	Rescue Me	OneRepublic	4449136	187	27	32	-5
193	2Rk4JlNc2TPmZe2af99d45	ME! (feat. Brendon Urie of Panic! At The Disco)	Taylor Swift	4442196	195	12	33	2
194	5qqabIl2vWzo9ApSC317sa	Wonderwall - Remastered	Oasis	4437310	199	93	152	5
195	2IRZnDFmlqMuOrYOLnZZyc	Going Bad (feat. Drake)	Meek Mill	4432659	196	51	11	1
196	6CcJMwBtXByIz4zQLzFkKc	i love you	Billie Eilish	4426820	nan	27	21	re-enter
197	27qRmG3zOWPvMYUkpPdQ1g	Gan-Ga - Remix	Bryant Myers	4409061	nan	1	197	new
198	6K4t31amVTZDgR3sKmwUJJ	The Less I Know The Better	Tame Impala	4402176	181	6	181	-17
199	2B94bbI1a4LyBpK1439oP7	Cuerpo en Venta	Noriel	4395525	191	8	175	-8
200	4Ta3PhWmY50ZLU1uhKFKPE	Outnumbered	Dermot Kennedy	4351571	166	7	93	-34
