position	song_id	song_name	artist	streams	last_week_position	weeks_on_chart	peak_position	position_status
1	2Fxmhks0bxGSBdJ92vM42m	bad guy	Billie Eilish	43659589	1	3	1	0
2	6u7jPi22kF8CTQ3rb9DHE7	Old Town Road (feat. Billy Ray Cyrus) - Remix	Lil Nas X	36616698	2	2	2	0
3	5KawlOMHjWeUjQtnuRs22c	Boy With Luv (feat. Halsey)	BTS	31340590	nan	1	3	new
4	53CJANUxooaqGOtdsBTh7O	Old Town Road	Lil Nas X	30080138	3	5	3	-1
5	6nDKrPlXdpomGBgAlO7UdP	SOS	Avicii	28587934	157	2	5	152
6	5w9c2J52mkdntKOmRLeM2m	Con Calma	Daddy Yankee	26186933	4	12	2	-2
7	6ocbgoVGwYJhOv1GgI9NsF	7 rings	Ariana Grande	23499798	6	10	1	-1
8	4y3OI86AEP6PQoDE6olYhO	Sucker	Jonas Brothers	22277734	7	7	2	-1
9	3KkXRkHbMCARz0aVfEt68P	Sunflower - Spider-Man: Into the Spider-Verse	Post Malone	22018965	8	16	1	-1
10	4SSnFejRGlZikf02HLewEF	bury a friend	Billie Eilish	19724627	10	3	5	0
11	6MWtB6iiXyIwun0YzU6DFP	Wow.	Post Malone	19056174	11	17	2	0
12	4pUCKHjJ4Ijewc37rRrvHn	Kill This Love	BLACKPINK	18968591	5	2	5	-7
13	2VxeLyX666F8uXCJ0dZF8B	Shallow	Lady Gaga	18145285	12	28	3	-1
14	6TqXcAFInzjp0bODyvrWEq	Talk (feat. Disclosure)	Khalid	17935324	13	2	13	-1
15	5WHTFyqSii0lmT9R21abT8	Don't Call Me Up	Mabel	17704582	14	11	11	-1
16	3Fj47GNK2kUF0uaEDgXLaD	wish you were gay	Billie Eilish	16694253	9	3	3	-7
17	224EVTFiLsdQignUFLvDeH	Pa Mí - Remix	Dalex	15702075	20	7	17	3
18	31UjYv5vLsDkzchJOtUMtW	HP	Maluma	15445245	26	7	18	8
19	6Qs4SXO9dwPj5GKvVOv8Ki	Dancing With A Stranger (with Normani)	Sam Smith	15303025	18	14	7	-1
20	43zdsphuZLzwA9k4DJhU0I	when the party's over	Billie Eilish	15201243	15	3	9	-5
21	5iwz1NiezX7WWjnCgY5TH4	Calma - Remix	Pedro Capó	15172875	21	23	5	0
22	25sgk305KZfyuqVBQIahim	Sweet but Psycho	Ava Max	14703721	22	29	6	0
23	5icOoE6VgqFKohjWWNp0Ac	Here With Me	Marshmello	14698724	19	6	16	-4
24	2dpaYNEQHiRxtZbfNsse99	Happier	Marshmello	14127144	24	35	2	0
25	1wJRveJZLSb1rjhnUHQiv6	Swervin (feat. 6ix9ine)	A Boogie Wit da Hoodie	13939719	28	16	25	3
26	7uH27oIt4a6cIFCA8ZPcyG	Baila Baila Baila	Ozuna	13568991	29	14	12	3
27	4kV4N9D1iKVxx1KLvtTpjS	break up with your girlfriend, i'm bored	Ariana Grande	13489254	16	10	2	-11
28	2qxmye6gAegTMjLKEBoR3d	Let Me Down Slowly	Alec Benjamin	13409808	27	14	27	-1
29	2JvzF1RMd7lE3KmFlsyZD8	MIDDLE CHILD	J. Cole	13140884	34	13	2	5
30	7COXchtUOMd6uIT6HvmRaI	i'm so tired...	Lauv	13118438	31	12	18	1
31	5p7ujcrUXASCNwRaWNHR1C	Without Me	Halsey	12898771	32	28	4	1
32	5W83ErFkO3aKAIS1WMi6u0	Secreto	Anuel AA	12731808	33	13	11	1
33	5hnbE5BF2e8BCk9OMR1UVC	Mikrokosmos	BTS	12651474	nan	1	33	new
34	6KUE0HSSudAp9AOycaF6SH	Make It Right	BTS	12389441	nan	1	34	new
35	3e9HZxeyfWwjeyPAMmWSSQ	thank u, next	Ariana Grande	12280156	36	10	3	1
36	4lzxJ4jCuFDXXGkE1LmpKR	Verte Ir	DJ Luian	12013114	45	3	36	9
37	7lthOBXNue2IvedLRfkod8	HOME	BTS	11938652	nan	1	37	new
38	2IRZnDFmlqMuOrYOLnZZyc	Going Bad (feat. Drake)	Meek Mill	11563113	40	20	11	2
39	6v0lAdFF4haL8xjBIUjtOw	Te Robaré	Nicky Jam	11532767	50	4	39	11
40	09oZ9eXQ2fo6YDrPzJqAoP	Outta My Head (with John Mayer)	Khalid	11511784	17	2	17	-23
41	2qG5sZ7Si6sdK74qLxedYM	Con Altura	ROSALÍA	11331613	41	3	41	0
42	4n7jnSxVLd8QioibtTDBDq	On My Way	Alan Walker	11307170	49	4	42	7
43	1NJcg626wLln4pGHpiV7mf	lovely	Billie Eilish	11294648	44	19	43	1
44	1rqqCSm0Qe4I9rUvWncaom	High Hopes	Panic! At The Disco	11163219	42	43	9	-2
45	6IRdLKIyS4p7XNiP8r6rsx	all the good girls go to hell	Billie Eilish	10927438	35	3	11	-10
46	3XiNC94b4Tq1xwv70sQJGN	Sanguine Paradise	Lil Uzi Vert	10795935	nan	1	46	new
47	7eBqSVxrzQZtK2mmgRG6lC	Murder On My Mind	YNW Melly	10720394	43	9	19	-4
48	6zeeWid2sgw4lap2jV61PZ	Better	Khalid	10625081	30	25	10	-18
49	6JdS5rJvJaRA7B1tcm7kxZ	Dionysus	BTS	10602014	nan	1	49	new
50	3XF5xLJHOQQRbWya6hBp7d	you should see me in a crown	Billie Eilish	10566057	37	3	15	-13
51	0eeeyCAGnGZInPtpkdYiPa	Jamais Vu	BTS	10441199	nan	1	51	new
52	46lvmzK8wxAy66tjzXXSh0	Tal Vez	Paulo Londra	10412557	84	2	52	32
53	6tsOcBnaKgzK22yEiqRh8P	MONOPOLY (with Victoria Monét)	Ariana Grande	10377091	23	3	23	-30
54	4w8niZpiMy6qz1mntFA5uM	Taki Taki (with Selena Gomez, Ozuna & Cardi B)	DJ Snake	10147170	46	29	1	-8
55	4QIo4oxwzzafcBWkKjDpXY	xanny	Billie Eilish	9927499	39	3	13	-16
56	3Tc57t9l2O8FwQZtQOvPXK	my strange addiction	Billie Eilish	9873067	38	3	16	-18
57	2TIlqbIneP0ZY1O0EzYLlc	Someone You Loved	Lewis Capaldi	9806666	57	15	49	0
58	0uUNN1nSoUx1A4fkDCWDQ7	So Am I	Ava Max	9763722	67	6	58	9
59	4u7EnebtmKWzUH433cf5Qv	Bohemian Rhapsody - 2011 Mix	Queen	9592758	52	4	39	-7
60	5itOtNx0WxtJmi1TQ3RuRd	Giant (with Rag'n'Bone Man)	Calvin Harris	9494530	48	14	21	-12
61	63cd4JkwGgYJrbOizbfmsp	Pure Water (with Migos)	Mustard	9493705	53	13	38	-8
62	1WSGTYKLEpKfNQYYW5Oymt	I Can’t Get Enough (benny blanco, Selena Gomez, J Balvin, Tainy)	benny blanco	9461862	54	7	21	-8
63	6FyRXC8tJUh863JCkyWqtk	Adan y Eva	Paulo Londra	9425374	56	23	11	-7
64	7FGq80cy8juXBCD2nrqdWU	Eastside (with Halsey & Khalid)	benny blanco	9404906	55	19	16	-9
65	2XKFnwB6djxrJCjR3PdeRb	My Bad	Khalid	9341237	25	2	25	-40
66	116H0KvKr2Zl4RPuVBruDO	MIA (feat. Drake)	Bad Bunny	9303393	51	27	1	-15
67	7dt6x5M1jzdTEt8oCbisTK	Better Now	Post Malone	9084599	59	51	1	-8
68	7ql71hBakyMi0Lxiq3Mugs	Who Do You Love	The Chainsmokers	9081870	62	2	62	-6
69	0s5DNDV6LAKn2u2Ufa3VjQ	Desconocidos	Mau y Ricky	9042958	61	23	34	-8
70	059bcIhyc2SBwm6sw2AZzd	Te Vi	Piso 21	8748866	66	14	50	-4
71	2isSdmQfVv32j2haL6hk9x	Intro : Persona	BTS	8745353	nan	1	71	new
72	2xLMifQCjDGFmkHkpNLD9h	SICKO MODE	Travis Scott	8513142	68	37	2	-4
73	2vrpcQNg6itmgVZWsNjWe0	Un Año	Sebastian Yatra	8406268	nan	1	73	new
74	2H4gf1wLxvYreMj1jcaN0k	Be Alright	Dean Lewis	8344889	69	4	47	-5
75	0e7ipj03S05BNilyu5bRzt	rockstar (feat. 21 Savage)	Post Malone	8246143	71	51	8	-4
76	6Hj9jySrnFppAI0sEMCZpJ	Robbery	Juice WRLD	8216693	70	6	18	-6
77	7fa9MBXhVfQ8P8Df9OEbD8	Girls Like You (feat. Cardi B)	Maroon 5	8113371	74	44	2	-3
78	3Ol2xnObFdKV9pmRD2t9x8	Look Back at It	A Boogie Wit da Hoodie	8013038	72	17	20	-6
79	3JjaofJ0lCeEsFSZqppzOp	Contra La Pared	Sean Paul	7992887	90	3	79	11
80	5kfNriitmkNE8mUbZ7gbq8	Saturday Nights	Khalid	7948075	47	24	19	-33
81	0PG9fbaaHFHfre2gUVo7AN	Please Me	Cardi B	7835842	65	9	20	-16
82	7njKgVl3AnLflRad38o7AG	Paradise	Bazzi	7781822	83	2	82	1
83	1LiN0Z98FkR1t0m8KmLcAH	Amanece	Anuel AA	7758402	75	18	45	-8
84	2RSHsoi04658QL5xgQVov3	Bad Liar	Imagine Dragons	7630349	81	23	17	-3
85	3f5lA8nnc4YYF1qf78WpHw	Ella Quiere Beber - Remix	Anuel AA	7603773	79	7	45	-6
86	285pBltuF7vW8TeWk8hdRR	Lucid Dreams	Juice WRLD	7587361	82	19	24	-4
87	6vWEAOUSxohKxhp0K1BsxL	Mixed Personalities (feat. Kanye West)	YNW Melly	7584676	78	9	59	-9
88	38lQ7lYhN3eSWepnZHaiBF	Rolex	Capital Bra	7557272	nan	1	88	new
89	5JEx7HbmvHQQswJCsoo9rA	Close To Me (with Diplo) (feat. Swae Lee)	Ellie Goulding	7540686	85	25	19	-4
90	3g4UyIcQwutiG0TfW32GnX	Esclavo de Tus Besos	Manuel Turizo	7523593	80	8	73	-10
91	3ee8Jmje8o58CHK66QrVC2	SAD!	XXXTENTACION	7390106	88	57	1	-3
92	7qiZfU4dY1lWllzX7mPBI3	Shape of You	Ed Sheeran	7167638	99	117	1	7
93	6ya8ejoKgw906Y8LWclqrp	Racks in the Middle (feat. Roddy Ricch and Hit-Boy)	Nipsey Hussle	7134302	76	3	76	-17
94	4PkIDTPGedm0enzdvilLNd	Sixteen	Ellie Goulding	7101558	nan	1	94	new
95	2t8yVaLvJ0RenpXUIAC52d	a lot	21 Savage	7100225	86	17	21	-9
96	6CcJMwBtXByIz4zQLzFkKc	i love you	Billie Eilish	7064740	63	3	21	-33
97	78QR3Wp35dqAhFEc2qAGjE	Drip Too Hard (Lil Baby & Gunna)	Lil Baby	7016951	92	28	13	-5
98	03x2rVJRFUrvwlfxoHd9Mo	Just You and I	Tom Walker	6975737	97	7	94	-1
99	3oh6SCCeLuXhFpEyepla6G	Thotiana	Blueface	6943879	89	12	29	-10
100	7qEKqBCD2vE5vIBsrUitpD	ilomilo	Billie Eilish	6921107	64	3	23	-36
101	0JP9xo3adEtGSdUEISiszL	Moonlight	XXXTENTACION	6892080	98	57	2	-3
102	7DHApOHsIFo7EyfieArYGE	Walk Me Home	P!nk	6888020	95	8	81	-7
103	2rbDhOo9Fh61Bbu23T2qCk	Always Remember Us This Way	Lady Gaga	6877177	96	25	35	-7
104	2iUXsYOEPhVqEBwsqP70rE	Youngblood	5 Seconds of Summer	6816313	94	44	8	-10
105	01DOm09B2AbiTARAbXVI6g	CHopstix (with Travis Scott)	ScHoolboy Q	6728297	nan	1	105	new
106	0pqnGHJpmpxLKifKRmU6WP	Believer	Imagine Dragons	6652108	105	39	68	-1
107	0E9ZjEAyAwOXZ7wJC0PD33	In My Mind	Dynoro	6608979	104	41	6	-3
108	5T8EDUDqKcs6OSOwEsfqG7	Don't Stop Me Now - 2011 Mix	Queen	6568421	101	25	51	-7
109	0tMSssfxAL2oV8Vri0mFHE	listen before i go	Billie Eilish	6397892	77	3	31	-32
110	1ThmUihH9dF8EV08ku5AXN	Faucet Failure	Ski Mask The Slump God	6378529	103	7	97	-7
111	5KbBGUpIZd6gVFUU8tqYiQ	Si Se Da	Myke Towers	6365281	118	5	111	7
112	2BgEsaKNfHUdlh97KmvFyo	2002	Anne-Marie	6338343	112	36	28	0
113	3QmolSZqjjLksTUvZJ6pPS	Cool	Jonas Brothers	6327779	58	2	58	-55
114	40T5GIqQ1CegGm2PTEl8Bu	idontwannabeyouanymore	Billie Eilish	6326999	107	19	67	-7
115	5N5k9nd479b1xpDZ4usjrg	Promises (with Sam Smith)	Calvin Harris	6320911	108	35	5	-7
116	7BuHdm4lQqcyG3qTwdkxus	Aullando	Wisin & Yandel	6315548	111	7	111	-5
117	5vdp5UmvTsnMEMESIF2Ym7	Another One Bites The Dust - Remastered 2011	Queen	6297024	109	25	36	-8
118	58q2HKrzhC3ozto2nDdN4z	I Like It	Cardi B	6272893	115	54	2	-3
119	0tgVpDi06FyKpA1z0VMD4v	Perfect	Ed Sheeran	6203921	120	109	4	1
120	0FZ4Dmg8jJJAPJnvBIzD9z	ZEZE (feat. Travis Scott & Offset)	Kodak Black	6203845	110	18	10	-10
121	6WkJ2OK163XXS2oARUC9JM	Dancin (feat. Luvli) - Krono Remix	Aaron Smith	6170644	119	7	101	-2
122	1xzBco0xcoJEDXktl7Jxrr	Mo Bamba	Sheck Wes	6150514	113	28	11	-9
123	4T4CZ3Q4z3GG7lU720YYhM	Soltera	Lunay	6148312	122	6	104	-1
124	05t7JMip6JrLuSrMV5yYjX	Envy Me	Calboy	6093486	128	7	124	4
125	5IaHrVsrferBYDm0bDyABy	Taste (feat. Offset)	Tyga	5979825	125	48	6	0
126	2P91MQbaiQOfbiz9VqhqKQ	I Like Me Better	Lauv	5972747	123	46	86	-3
127	7K7MUBCnzgBAvMVW2RTWNs	Body (feat. brando)	Loud Luxury	5967343	124	37	19	-3
128	0YammaEkYSeo9vQYZ1OwS6	Say My Name	David Guetta	5936422	114	30	68	-14
129	3swc6WTsr7rl9DqQKQA55C	Psycho (feat. Ty Dolla $ign)	Post Malone	5936047	116	51	2	-13
130	6MJUCumnQsQEKbCy28tbCP	Adictiva	Daddy Yankee	5935612	117	23	37	-13
131	703iVQrfbQsXt7Uzgy1h8k	Cristina	Sebastian Yatra	5881056	nan	1	131	new
132	6DCZcSspjsKoFjzjrWoCdn	God's Plan	Drake	5863709	131	39	19	-1
133	7m9OqQk4RVRkw9JJdeAw96	Jocelyn Flores	XXXTENTACION	5808916	129	86	7	-4
134	6X29iaaazwho3ab7GNue5r	8	Billie Eilish	5793350	91	3	37	-43
135	2G1tXoGBaEMJ7FKGnkf6ud	Wake Up in the Sky	Gucci Mane	5716609	132	19	39	-3
136	1tNJrcVe6gwLEiZCtprs1u	3 Nights	Dominic Fike	5684396	nan	3	136	re-enter
137	7ef4DlsgrMEH11cDZd32M6	One Kiss (with Dua Lipa)	Calvin Harris	5683880	137	54	2	0
138	2qT1uLXPVPzGgFOx4jtEuo	no tears left to cry	Ariana Grande	5570893	136	35	16	-2
139	2uIX8YMNjGMD7441kqyyNU	ocean eyes	Billie Eilish	5544925	144	22	117	5
140	3id2EVGKc3eFAMn9nFnB0r	Love Someone	Lukas Graham	5464859	130	25	53	-10
141	1zB4vmk8tFRmM9UULNzbLB	Thunder	Imagine Dragons	5463008	145	39	81	4
142	51NFxnQvaosfDDutk0tams	bellyache	Billie Eilish	5460649	138	21	70	-4
143	27rdGxbavYJeBphck5MZAF	Nothing Breaks Like a Heart (feat. Miley Cyrus)	Mark Ronson	5448319	140	20	22	-3
144	5lCxlSBFyP5g4EhVypAoOu	Au DD	PNL	5407706	87	2	87	-57
145	79esEXlqqmq0GPz0xQSZTV	Lost In Japan	Shawn Mendes	5382757	143	11	103	-2
146	6Dma0t0hOe6Bd6u5YRKF3n	No New Friends (feat. Sia, Diplo, and Labrinth)	Sia	5290582	nan	1	146	new
147	1mXVgsBdtIVeCLJnSnmtdV	Too Good At Goodbyes	Sam Smith	5276282	142	75	3	-5
148	0A5gdlrpAuQqZ2iFgnqBFW	Moonlight	Gaullin	5236628	153	4	148	5
149	2fuCquhmrzHpu5xcA1ci9x	Under Pressure - Remastered	Queen	5166198	148	24	55	-1
150	5uCax9HTNlzGybIStD3vDh	Say You Won't Let Go	James Arthur	5160557	151	117	7	1
151	2FY7b99s15jUprqC0M5NCT	Natural	Imagine Dragons	5131967	152	23	19	1
152	76cy1WJvNGJTj78UqeA5zr	IDGAF	Dua Lipa	5112543	156	68	4	4
153	09IStsImFySgyp0pIQdqAc	The Middle	Zedd	5111318	165	46	11	12
154	4pCEIQ6wBVuaJdER5bALtO	That's a Rack	Lil Uzi Vert	5066936	nan	1	154	new
155	3a1lNhkSLSkpJE4MSHpDu9	Congratulations	Post Malone	4974268	154	114	20	-1
156	1TaQciB8qqRZ9fxWGhS65X	Don't Know What To Do	BLACKPINK	4969429	100	2	100	-56
157	0fcq51a3gOI6gPvzc0YLsk	Wow. - Remix	Post Malone	4966755	159	4	129	2
158	2x8TNY9KwNvD19gVGs4WOP	Ela É do Tipo	MC Kevin o Chris	4949308	191	2	158	33
159	2G7V7zsVDxg1yRsu7Ew9RJ	In My Feelings	Drake	4946860	163	39	1	4
160	7hzlzoOwCZ4D3Ow5YZK4kj	Insomnia	Daya	4934599	164	2	160	4
161	75ZvA4QfFiZvzhj2xkaWAh	I Fall Apart	Post Malone	4921132	155	82	10	-6
162	1rfofaqEpACxVEHIZBJe6W	Havana (feat. Young Thug)	Camila Cabello	4917152	166	66	1	4
163	3npzogdOEiVsieXmmhBepL	The Bones	Maren Morris	4916017	135	5	119	-28
164	1E6DEDWDKHoOW0fcFuDghV	Don't Pretend (feat. SAFE)	Khalid	4856523	60	2	60	-104
165	1mT47pKLXUwPYGwB91GcNz	Créeme	KAROL G	4842927	161	19	114	-4
166	4VUwkH455At9kENOfzTqmF	Beautiful (feat. Camila Cabello)	Bazzi	4840020	149	37	30	-17
167	507tQXutCPYNFkpOq8tmKF	Don't Worry Bout Me	Zara Larsson	4835894	147	3	126	-20
168	2D3z17LBMJ2HEHeBFFjTLi	Reggaeton	J Balvin	4800806	167	21	74	-1
169	1rCcsYnmqbMYdkG7kS9GC5	Speechless (feat. Erika Sirola)	Robin Schulz	4800661	170	12	116	1
170	6JqpFboOH2bq9pzaYbkKBn	R.I.P. (feat. Rita Ora & Anitta)	Sofia Reyes	4789847	133	5	35	-37
171	08bNPGLD8AhKpnnERrAc6G	FRIENDS	Marshmello	4788521	175	62	4	4
172	3r1cV21xPMkgCmxk8VqWOB	Cherry Lady	Capital Bra	4767539	126	4	40	-46
173	7BKLCZ1jbUBVqRi2FVlTVw	Closer	The Chainsmokers	4767331	177	117	2	4
174	4ofwffwvvnbSkrMSCKQDaC	Shotgun	George Ezra	4754432	171	43	35	-3
175	5p1ex0pXv6jSPJ6QbumQpD	Piece Of Your Heart	MEDUZA	4728104	nan	1	175	new
176	4NBTZtAt1F13VvlSKe6KTl	This Feeling	The Chainsmokers	4723770	181	18	114	5
177	1OUPXna2MCgAt3VNmXJBtg	Bola Rebola	Tropkillaz	4713985	158	8	73	-19
178	6fxVffaTuwjgEk5h9QyRjy	Photograph	Ed Sheeran	4709004	173	108	41	-5
179	1k1CJlU1eAEpAbNK0TVeKD	Que Mas Pues - Remix	Sech	4683996	nan	1	179	new
180	7AFASza1mXqntmGtbxXprO	changes	XXXTENTACION	4666201	176	57	9	-4
181	6RUKPb4LETWmmr3iAEQktW	Something Just Like This	The Chainsmokers	4650863	nan	94	2	re-enter
182	0TlLq3lA83rQOYtrqBqSct	Nonstop	Drake	4643497	174	39	16	-8
183	3NuK5xMlSlB6K2Qp16zf3h	Solo (feat. Demi Lovato)	Clean Bandit	4633307	187	20	63	4
184	4h8VwCb1MTGoLKueQ1WgbD	Wake Me Up	Avicii	4617663	nan	13	122	re-enter
185	4DbhxwlkhTbCTqlZptxmI6	Swing	Danny Ocean	4607073	nan	1	185	new
186	14mHfNsSHN0FbLftyjrV9g	Leave Me Alone	Flipp Dinero	4603499	168	32	34	-18
187	2xJCMIJfcNYDc5iR0sAm2O	New Rules	Dua Lipa	4603494	190	26	88	3
188	4ZT9FnbFu1PaBfV3itxiqT	I	Lil Skies	4595224	172	7	58	-16
189	0i0wnv9UoFdZ5MfuFGQzMy	Last Hurrah	Bebe Rexha	4586483	134	9	63	-55
190	0NJp8GyCOWnQh71xKSPfuV	Freaky	Tory Lanez	4567614	183	5	148	-7
191	13hvHEstJ4sNbzdroPrPI3	Kiss and Make Up	Dua Lipa	4542486	180	26	16	-11
192	7GX5flRQZVHRAGd6B4TmDO	XO Tour Llif3	Lil Uzi Vert	4536990	nan	85	10	re-enter
193	2LskIZrCeLxRvCiGP8gxlh	Arms Around You (feat. Maluma & Swae Lee)	XXXTENTACION	4533835	178	25	3	-15
194	2ktoFujjJtantyMoVdBJlX	Pa Olvidarte (feat. Manuel Turizo) - Remix	ChocQuibTown	4486084	195	9	130	1
195	675w3ACw5xZR3ODhUJlEVN	Sola	Manuel Turizo	4479118	194	14	156	-1
196	08aYFNUTIOMGq93e2VSArQ	Que Le De	Rauw Alejandro	4465013	nan	1	196	new
197	3V8UKqhEK5zBkBb6d6ub8i	Te Boté - Remix	Nio Garcia	4434665	nan	52	8	re-enter
198	6ZRuF2n1CQxyxxAAWsKJOy	Nights Like This (feat. Ty Dolla $ign)	Kehlani	4434371	nan	7	48	re-enter
199	2374M0fQpWi3dLnB54qaLX	Africa	TOTO	4430309	nan	48	137	re-enter
200	1Slwb6dOYkBlWal1PGtnNg	Thinking out Loud	Ed Sheeran	4419059	nan	111	58	re-enter
