position	song_id	song_name	artist	streams	last_week_position	weeks_on_chart	peak_position	position_status
1	6v3KW9xbzN5yKLt9YKDYA2	Señorita	Shawn Mendes	48269764	1	4	1	0
2	2ksOAxtIxY8yElEWw8RhgK	China	Anuel AA	30684023	2	5	2	0
3	1kBbgxAUc4HQv7cgIayIDH	Ransom	Lil Tecca	26560753	3	9	3	0
4	6vBdBCoOhKHiYDDOcorfNo	Goodbyes (Feat. Young Thug)	Post Malone	24606971	4	7	2	0
5	70eFcWOvlMObDhURTqT4Fv	Beautiful People (feat. Khalid)	Ed Sheeran	23886612	5	6	3	0
6	0hVXuCcriWRGvwMV1r5Yn9	I Don't Care (with Justin Bieber)	Ed Sheeran	22982750	6	6	2	0
7	6b2RcmUt1g9N9mQ3CbjX2Y	How Do You Sleep?	Sam Smith	20969001	8	5	7	1
8	0Ryd8975WihbObpp5cPW1t	boyfriend (with Social House)	Ariana Grande	20709201	7	3	3	-1
9	2Fxmhks0bxGSBdJ92vM42m	bad guy	Billie Eilish	20452628	10	21	1	1
10	7qEHsqek33rTcFNT9PFqLf	Someone You Loved	Lewis Capaldi	19867195	13	14	7	3
11	2YpeDb67231RjR0MgVLzsG	Old Town Road - Remix	Lil Nas X	19804907	9	4	6	-2
12	6osaMSJh9NguagEDQcZaKx	Loco Contigo (feat. J. Balvin & Tyga)	DJ Snake	19780215	11	4	11	-1
13	0bzbvANY6oETSJLc0wlVGY	Lover	Taylor Swift	19675126	nan	1	13	new
14	2TH65lNHgvLxCKXM3apjxI	Callaita	Bad Bunny	18858085	12	12	7	-2
15	51Fjme0JiitpyXKuyQiCDo	Lalala	Y2K	16254209	18	8	15	3
16	1rgnBhdG2JDFTbYkYRZAku	Dance Monkey	Tones And I	15975191	22	5	16	6
17	0fea68AdmYNygeTGI4RC18	LA CANCIÓN	J Balvin	15398033	17	8	17	0
18	6XHVuErjQ4XNm6nDPVCxVX	No Guidance (feat. Drake)	Chris Brown	15189746	14	8	14	-4
19	4bTZeO72FwMa6wKOiqoynL	Otro Trago - Remix	Sech	15018079	15	4	11	-4
20	4R8BJggjosTswLxtkw8V7P	No Me Conoce - Remix	Jhay Cortez	14989110	23	13	20	3
21	5ry2OE6R2zPQFDO85XkgRb	Money In The Grave (Drake ft. Rick Ross)	Drake	14929422	16	10	5	-5
22	3KkXRkHbMCARz0aVfEt68P	Sunflower - Spider-Man: Into the Spider-Verse	Post Malone	14906739	19	34	1	-3
23	5qmq61DAAOUaW8AUo8xKhh	Truth Hurts	Lizzo	14224778	21	16	16	-2
24	1DFD5Fotzgn6yYXkYsKiGs	Piece Of Your Heart	MEDUZA	13743644	20	16	14	-4
25	2qMnZF5Ja2WvmfbblByQza	Soltera (Remix)	Lunay	13672557	nan	1	25	new
26	7BlBVFwvbWvcwNcUarQmjk	Yo x Ti, Tu x Mi	ROSALÍA	12725627	nan	1	26	new
27	6fTt0CH2t0mdeB2N9XFG5r	Panini	Lil Nas X	12684450	25	9	7	-2
28	6wo37KVqFJhtuxPTpLCcfe	Takeaway (feat. Lennon Stella)	The Chainsmokers	12304615	30	4	28	2
29	3s4mrPrEFFPF0LmAfutW0n	The London (feat. J. Cole & Travis Scott)	Young Thug	12104267	nan	1	29	new
30	6moU77g9RQyMzHNuKEaQKq	It's You	Ali Gatie	12083979	27	10	27	-3
31	44ADyYoY5liaRa3EOAl4uf	Slide Away	Miley Cyrus	11820439	nan	1	31	new
32	3yNZ5r3LKfdmjoS3gkhUCT	bad guy (with Justin Bieber)	Billie Eilish	11462682	26	6	9	-6
33	2bT1PH7Cw3J9p3t7nlXCdh	If I Can't Have You	Shawn Mendes	11435438	28	4	26	-5
34	25ZAibhr3bdlMCLmubZDVt	QUE PRETENDES	J Balvin	11098139	29	8	15	-5
35	7KbF6AdprOXEEHlsq11Z6d	11 PM	Maluma	11013673	31	14	31	-4
36	6oJ6le65B3SEqPwMRNXWjY	Higher Love	Kygo	10635490	35	8	31	-1
37	6ocbgoVGwYJhOv1GgI9NsF	7 rings	Ariana Grande	10596572	34	28	1	-3
38	5w9c2J52mkdntKOmRLeM2m	Con Calma	Daddy Yankee	10336016	33	30	2	-5
39	29fRTIKsJhLUJoldM89GZS	You Need To Calm Down	Taylor Swift	10300170	46	10	4	7
40	1nocRtwyNPVtGcIJqfgdzZ	Tutu	Camilo	10237609	49	2	40	9
41	322tcqPhma7F6hfCeLisx0	fuck, i'm lonely	Lauv	10230533	42	3	39	1
42	0rIAC4PXANcKmitJfoqmVm	Motivation	Normani	10210474	nan	1	42	new
43	2qG5sZ7Si6sdK74qLxedYM	Con Altura	ROSALÍA	10041761	44	21	30	1
44	2VxeLyX666F8uXCJ0dZF8B	Shallow	Lady Gaga	9949217	39	46	3	-5
45	22vgEDb5hykfaTwLuskFGD	Sucker	Jonas Brothers	9805414	40	11	9	-5
46	1GeNui6m825V8jP4uKiIaH	Bad Bad Bad (feat. Lil Baby)	Young Thug	9588772	nan	1	46	new
47	5PYQUBXc7NYeI1obMKSJK0	Never Really Over	Katy Perry	9451457	41	12	10	-6
48	4a6q8CR2hzLk2plDkSxkfD	I.F.L.Y.	Bazzi	9398991	47	2	47	-1
49	1Ej96GIBCTvgH7tNX1r3qr	Otro Trago	Sech	9355838	37	17	4	-12
50	6TqXcAFInzjp0bODyvrWEq	Talk (feat. Disclosure)	Khalid	9264182	45	20	10	-5
51	40OMBMYRk5IQL6xCzGM0JA	Summer Days (feat. Macklemore & Patrick Stump of Fall Out Boy)	Martin Garrix	9232443	43	7	25	-8
52	5N1o6d8zGcSZSeMFkOUQOk	Hot Girl Summer (feat. Nicki Minaj & Ty Dolla $ign)	Megan Thee Stallion	8829364	32	2	32	-20
53	2dpaYNEQHiRxtZbfNsse99	Happier	Marshmello	8808592	48	53	2	-5
54	4hPpVbbakQNv8YTHYaOJP4	One Thing Right	Marshmello	8339375	50	9	30	-4
55	0u2P5u6lvoDfwTYjAADbn4	lovely (with Khalid)	Billie Eilish	8061397	59	48	24	4
56	0mjAU3yKR1QnXnHtjGJqTM	Rescue Me	OneRepublic	7980978	55	14	32	-1
57	5iwz1NiezX7WWjnCgY5TH4	Calma - Remix	Pedro Capó	7925612	51	41	5	-6
58	6MWtB6iiXyIwun0YzU6DFP	Wow.	Post Malone	7920826	56	35	2	-2
59	2gwkD6igEhQbDQegRCcdoB	Suge	DaBaby	7882417	61	17	26	2
60	0F7FA14euOIX8KcbEturGH	Old Town Road	Lil Nas X	7846297	53	4	53	-7
61	43zdsphuZLzwA9k4DJhU0I	when the party's over	Billie Eilish	7695835	63	21	9	2
62	4vUmTMuQqjdnvlZmAH61Qk	South of the Border (feat. Camila Cabello & Cardi B)	Ed Sheeran	7693583	54	6	10	-8
63	4lzxJ4jCuFDXXGkE1LmpKR	Verte Ir	DJ Luian	7647547	60	21	25	-3
64	6Qs4SXO9dwPj5GKvVOv8Ki	Dancing With A Stranger (with Normani)	Sam Smith	7517420	64	32	7	0
65	1tNJrcVe6gwLEiZCtprs1u	3 Nights	Dominic Fike	7513320	65	21	51	0
66	2x0RZdkZcD8QRI53XT4GI5	SOS (feat. Aloe Blacc)	Avicii	7495243	58	11	5	-8
67	5MPPttjfGap2C6j6eKcO6J	Baby (Lil Baby feat. DaBaby)	Quality Control	7412183	nan	1	67	new
68	2sqsNXfN0HtgDEgaHXiUTa	Won't Be Late (feat. Drake)	Swae Lee	7391277	nan	1	68	new
69	6K5BsR04ijf3FHNzjbaagD	Si Se Da - Remix	Myke Towers	7380027	71	3	69	2
70	4NmE2ytXI8S2svTRSmEdpO	Small Talk	Katy Perry	7368374	38	2	38	-32
71	4u7EnebtmKWzUH433cf5Qv	Bohemian Rhapsody - 2011 Mix	Queen	7328591	67	22	39	-4
72	5p7ujcrUXASCNwRaWNHR1C	Without Me	Halsey	7308323	66	46	4	-6
73	6v0lAdFF4haL8xjBIUjtOw	Te Robaré	Nicky Jam	7274315	52	22	28	-21
74	3Yh9lZcWyKrK9GjbhuS0hR	Good as Hell	Lizzo	7258785	nan	1	74	new
75	5WHTFyqSii0lmT9R21abT8	Don't Call Me Up	Mabel	7178415	69	29	11	-6
76	4wuCQX7JvAZLlrcmH4AeZF	Cross Me (feat. Chance the Rapper & PnB Rock)	Ed Sheeran	7141745	57	6	16	-19
77	4MsUsFfWseB9M2plGJyuIw	ME! (feat. Brendon Urie of Panic! At The Disco)	Taylor Swift	7030102	88	14	13	11
78	5DSfqrLkUHLZ9bW0SS3rVy	Ransom (with Juice WRLD) - Remix	Lil Tecca	6994409	nan	1	78	new
79	25sgk305KZfyuqVBQIahim	Sweet but Psycho	Ava Max	6964818	72	47	6	-7
80	0e7ipj03S05BNilyu5bRzt	rockstar (feat. 21 Savage)	Post Malone	6931267	76	69	8	-4
81	3e9HZxeyfWwjeyPAMmWSSQ	thank u, next	Ariana Grande	6926634	74	28	3	-7
82	5jW3rF4URMdK7tO2xjS5EI	Tal Vez	Paulo Londra	6908704	70	13	24	-12
83	0U6bQIAh6MCGo1xjbIIx2S	Instagram	Dimitri Vegas & Like Mike	6842008	92	7	83	9
84	7FGq80cy8juXBCD2nrqdWU	Eastside (with Halsey & Khalid)	benny blanco	6834446	81	37	16	-3
85	6uFn47ACjqYkc0jADwEdj1	Pop Out (feat. Lil Tjay)	Polo G	6834320	75	11	40	-10
86	7BuSE9uTIw931wtZYzvZcQ	Runaway	Sebastian Yatra	6737504	77	9	57	-9
87	6kls8cSlUyHW2BUOkDJIZE	Hate Me (with Juice WRLD)	Ellie Goulding	6732767	80	8	66	-7
88	5Z8HZM6iQMhhqyPcCGY5g9	Hot (feat. Gunna)	Young Thug	6670605	nan	1	88	new
89	0Zp10WiPeEi6EUJZvWcNT9	Mad Love	Mabel	6666552	78	3	74	-11
90	7qiZfU4dY1lWllzX7mPBI3	Shape of You	Ed Sheeran	6625672	83	135	1	-7
91	0pqnGHJpmpxLKifKRmU6WP	Believer	Imagine Dragons	6587265	84	57	68	-7
92	36orMWv2PgvnzXsd5CJ0yL	Post Malone (feat. RANI)	Sam Feldt	6552131	nan	1	92	new
93	7g8YaUQABMal0zWe7a2ijz	Pa Mí - Remix	Dalex	6537296	79	15	22	-14
94	7dt6x5M1jzdTEt8oCbisTK	Better Now	Post Malone	6522966	89	69	1	-5
95	7Aem1fAapTdGcHwAYyQYU4	Love Me	Lil Tecca	6519393	95	3	95	0
96	4SSnFejRGlZikf02HLewEF	bury a friend	Billie Eilish	6444796	91	21	5	-5
97	7anSoGdgtmJTAPZBzcPhO6	Cuaderno	Dalex	6439466	86	13	66	-11
98	2S93hylQBYLndMnaJuso8S	Nicki Nicole: Bzrp Music Sessions, Vol. 13	Bizarrap	6430495	nan	1	98	new
99	1SNiXDwSilLujcYdvfqVpT	Call You Mine	The Chainsmokers	6393771	nan	1	99	new
100	1DhRbox3xkceP64k3JeYfW	Antisocial (with Travis Scott)	Ed Sheeran	6364180	62	6	7	-38
101	1rqqCSm0Qe4I9rUvWncaom	High Hopes	Panic! At The Disco	6304063	94	61	9	-7
102	5dW1VZPcFqB4n0P08rGDgm	The Git Up	Blanco Brown	6232505	93	10	64	-9
103	2qxmye6gAegTMjLKEBoR3d	Let Me Down Slowly	Alec Benjamin	6225391	101	32	27	-2
104	02itaCXOdC54J0ISjqqFAp	All Around The World (La La La)	R3HAB	6224644	87	11	59	-17
105	67XyC1GdSkKb9sbRRkUDXS	Shotta Flow (Feat. Blueface) [Remix]	NLE Choppa	6137263	100	6	97	-5
106	1kK6DwzyXJSp58u5HYWwuD	Go Loko (feat. Tyga, Jon Z)	YG	6130617	96	13	38	-10
107	7fa9MBXhVfQ8P8Df9OEbD8	Girls Like You (feat. Cardi B)	Maroon 5	6110114	99	62	2	-8
108	4Clmg1g8n2yBYG13Z1oSdG	Baila Conmigo (feat. Kelly Ruiz)	Dayvi	6082192	104	4	104	-4
109	1LIqNVhaIgxXUt2eVoIQJ3	HP	Maluma	6015608	97	14	23	-12
110	1kMUGCt7XLDc5Q64Vl0H8S	Bellacoso	Residente	6009584	85	4	83	-25
111	5KawlOMHjWeUjQtnuRs22c	Boy With Luv (feat. Halsey)	BTS	5987583	98	19	3	-13
112	6PYnUsNEpYC7A4BS2sjw3L	Right Back (feat. A Boogie Wit Da Hoodie)	Khalid	5928045	115	2	112	3
113	3M9Apu4OZfylLTFKvgEtKa	Ritual	Tiësto	5818809	105	12	72	-8
114	6zeeWid2sgw4lap2jV61PZ	Better	Khalid	5790065	109	43	10	-5
115	2xLMifQCjDGFmkHkpNLD9h	SICKO MODE	Travis Scott	5789439	106	55	2	-9
116	7MRU4vOkywuhZ9kbFiPuiu	Si Supieras	Daddy Yankee	5778297	103	8	98	-13
117	2iUXsYOEPhVqEBwsqP70rE	Youngblood	5 Seconds of Summer	5773569	113	62	8	-4
118	18uwL0vNUanqZH0ro2QcOP	comethru	Jeremy Zucker	5761162	111	7	111	-7
119	0KoiMHhqKLoL4xM54rcWYY	Taki Taki (feat. Selena Gomez, Ozuna & Cardi B)	DJ Snake	5741878	107	4	103	-12
120	6CcJMwBtXByIz4zQLzFkKc	i love you	Billie Eilish	5699121	110	21	21	-10
121	285pBltuF7vW8TeWk8hdRR	Lucid Dreams	Juice WRLD	5691533	116	37	24	-5
122	2JvzF1RMd7lE3KmFlsyZD8	MIDDLE CHILD	J. Cole	5651551	114	31	2	-8
123	1EoEU4HY57qaITp06TkC6B	Goteo	Duki	5641127	146	2	123	23
124	1gZFRYcPz3wKevEaNYRwfW	Time - Edit	NF	5634698	82	4	82	-42
125	7COXchtUOMd6uIT6HvmRaI	i'm so tired...	Lauv	5629280	117	30	18	-8
126	3KekO5WUfJsh7kYU9o2w50	Atrévete	Nicky Jam	5625741	123	3	123	-3
127	5hVghJ4KaYES3BFUATCYn0	EARFQUAKE	Tyler, The Creator	5611456	112	14	6	-15
128	5qrSlOut2rNAWv3ubArkNy	Be Alright	Dean Lewis	5570108	127	16	78	-1
129	0tgVpDi06FyKpA1z0VMD4v	Perfect	Ed Sheeran	5529479	121	127	4	-8
130	0E9ZjEAyAwOXZ7wJC0PD33	In My Mind	Dynoro	5507094	125	59	6	-5
131	5uCax9HTNlzGybIStD3vDh	Say You Won't Let Go	James Arthur	5458017	134	135	7	3
132	5icOoE6VgqFKohjWWNp0Ac	Here With Me	Marshmello	5441278	122	24	16	-10
133	4wyNKAZe82BNlp2lHiR1FX	CANGURO	WOS	5413976	195	2	133	62
134	0DiDStADDVh3SvAsoJAFMk	Only Human	Jonas Brothers	5402571	137	11	31	3
135	116H0KvKr2Zl4RPuVBruDO	MIA (feat. Drake)	Bad Bunny	5382155	131	45	1	-4
136	5T8EDUDqKcs6OSOwEsfqG7	Don't Stop Me Now - 2011 Mix	Queen	5365530	129	43	51	-7
137	2BgEsaKNfHUdlh97KmvFyo	2002	Anne-Marie	5351852	136	54	28	-1
138	1wJRveJZLSb1rjhnUHQiv6	Swervin (feat. 6ix9ine)	A Boogie Wit da Hoodie	5332355	126	34	25	-12
139	4kV4N9D1iKVxx1KLvtTpjS	break up with your girlfriend, i'm bored	Ariana Grande	5301856	130	28	2	-9
140	3dWpRjCmaHbroNahuSeX11	Rebota - Remix	Guaynaa	5300225	124	5	101	-16
141	7fODjB7BrQTGqh0hogW6XD	Que Mas Pues - Remix	Justin Quiles	5296750	128	18	70	-13
142	3ee8Jmje8o58CHK66QrVC2	SAD!	XXXTENTACION	5277700	132	75	1	-10
143	5pAbCxt9e3f81lOmjIXwzd	Be Honest (feat. Burna Boy)	Jorja Smith	5267234	nan	1	143	new
144	2IRZnDFmlqMuOrYOLnZZyc	Going Bad (feat. Drake)	Meek Mill	5260222	133	38	11	-11
145	0Rx0DJI556Ix5gBny6EWmn	Paradise	Bazzi	5224990	120	2	120	-25
146	2P91MQbaiQOfbiz9VqhqKQ	I Like Me Better	Lauv	5186712	139	64	86	-7
147	5vdp5UmvTsnMEMESIF2Ym7	Another One Bites The Dust - Remastered 2011	Queen	5146633	138	43	36	-9
148	2EEmzqzM70CybVspgM7YRT	La Boca - Remix	Mau y Ricky	5126667	140	4	140	-8
149	1zB4vmk8tFRmM9UULNzbLB	Thunder	Imagine Dragons	5079254	142	57	81	-7
150	0uUNN1nSoUx1A4fkDCWDQ7	So Am I	Ava Max	5025576	141	24	41	-9
151	2zjGJ0dChMR0KxBZS15aqo	Baguettes in the Face (feat. NAV, Playboi Carti & A Boogie Wit da Hoodie)	Mustard	5020890	160	8	132	9
152	01Qb6dN5suQNu87VJ1mIpf	Did It Again	Lil Tecca	4990385	nan	1	152	new
153	3Fj47GNK2kUF0uaEDgXLaD	wish you were gay	Billie Eilish	4827171	150	21	3	-3
154	58q2HKrzhC3ozto2nDdN4z	I Like It	Cardi B	4826023	148	72	2	-6
155	1rfofaqEpACxVEHIZBJe6W	Havana (feat. Young Thug)	Camila Cabello	4810338	149	84	1	-6
156	0JP9xo3adEtGSdUEISiszL	Moonlight	XXXTENTACION	4806495	145	75	2	-11
157	1mXVgsBdtIVeCLJnSnmtdV	Too Good At Goodbyes	Sam Smith	4802592	152	93	3	-5
158	7KhHA3mzt7A3LFlOJEAKpI	On My Way	Alan Walker	4747725	144	2	144	-14
159	4ak7xjvBeBOcJGWFDX9w5n	Rodeo	Lil Nas X	4743539	143	9	27	-16
160	56f5qnyAlZdlz8wrUDA50h	Desconocidos	Mau y Ricky	4714454	156	16	70	-4
161	2374M0fQpWi3dLnB54qaLX	Africa	TOTO	4712423	155	61	137	-6
162	6RUKPb4LETWmmr3iAEQktW	Something Just Like This	The Chainsmokers	4696033	158	111	2	-4
163	6DCZcSspjsKoFjzjrWoCdn	God's Plan	Drake	4661338	154	57	19	-9
164	3j84U36KvLeXNDPv4t5pI8	Pure Water (with Migos)	Mustard	4642720	157	8	112	-7
165	6fxVffaTuwjgEk5h9QyRjy	Photograph	Ed Sheeran	4632058	161	126	41	-4
166	37eGbhE1xVFSvcKkqGb6i1	Contra La Pared	Sean Paul	4613805	151	18	60	-15
167	5W83ErFkO3aKAIS1WMi6u0	Secreto	Anuel AA	4609644	153	31	11	-14
168	5KBARWIxeMGkvUax9VtVC9	My Type	Saweetie	4582187	185	2	168	17
169	7BKLCZ1jbUBVqRi2FVlTVw	Closer	The Chainsmokers	4570716	166	135	2	-3
170	4Of7rzpRpV1mWRbhp5rAqG	Bruises	Lewis Capaldi	4564824	188	6	126	18
171	10hMM5nsZQf66ldBlgWBfG	All For Us - from the HBO Original Series Euphoria	Labrinth	4561634	108	2	108	-63
172	4tNXntkAzQ5A2dfYRYGIIQ	Easier	5 Seconds of Summer	4553927	102	13	23	-70
173	6igOR5QCn09zAVF2ikZjsV	Surf (feat. Gunna)	Young Thug	4548335	nan	1	173	new
174	2uIX8YMNjGMD7441kqyyNU	ocean eyes	Billie Eilish	4544571	176	40	117	2
175	3U4isOIWM3VvDubwSI3y7a	All of Me	John Legend	4539893	177	14	175	2
176	7m9OqQk4RVRkw9JJdeAw96	Jocelyn Flores	XXXTENTACION	4528467	167	104	7	-9
177	5qqabIl2vWzo9ApSC317sa	Wonderwall - Remastered	Oasis	4527270	172	84	152	-5
178	2fuCquhmrzHpu5xcA1ci9x	Under Pressure - Remastered	Queen	4525084	171	41	55	-7
179	7K7MUBCnzgBAvMVW2RTWNs	Body (feat. brando)	Loud Luxury	4512483	173	55	19	-6
180	2toVe5hfuIi97ytDPDbQFt	Taste (feat. Offset)	Tyga	4489604	174	11	111	-6
181	132ALUzVLmqYB4UsBj5qD6	Adan y Eva	Paulo Londra	4478818	162	13	85	-19
182	5rAtoPMDrOFN5wLdM6YmRx	Who Do You Love	The Chainsmokers	4450945	nan	1	182	new
183	3S0OXQeoh0w6AY8WQVckRW	I'm Yours	Jason Mraz	4440453	186	54	124	3
184	78QR3Wp35dqAhFEc2qAGjE	Drip Too Hard (Lil Baby & Gunna)	Lil Baby	4428369	178	46	13	-6
185	3pTScODwk9tggZzmuH6xDY	What's the Move (feat. Lil Uzi Vert)	Young Thug	4420722	nan	1	185	new
186	09IStsImFySgyp0pIQdqAc	The Middle	Zedd	4419337	180	64	11	-6
187	7eBqSVxrzQZtK2mmgRG6lC	Murder On My Mind	YNW Melly	4406368	181	27	19	-6
188	79esEXlqqmq0GPz0xQSZTV	Lost In Japan	Shawn Mendes	4361450	179	29	103	-9
189	4pUCKHjJ4Ijewc37rRrvHn	Kill This Love	BLACKPINK	4360357	164	20	5	-25
190	5JEx7HbmvHQQswJCsoo9rA	Close To Me (with Diplo) (feat. Swae Lee)	Ellie Goulding	4354374	199	43	19	9
191	2WyRfGeHo97VC5mP1BBSzr	Mother's Daughter	Miley Cyrus	4343310	170	12	18	-21
192	4ZLzoOkj0MPWrTLvooIuaa	Get You The Moon (feat. Snøw)	Kina	4337714	183	14	95	-9
193	3swc6WTsr7rl9DqQKQA55C	Psycho (feat. Ty Dolla $ign)	Post Malone	4334449	184	69	2	-9
194	40T5GIqQ1CegGm2PTEl8Bu	idontwannabeyouanymore	Billie Eilish	4333573	187	37	67	-7
195	1JSTJqkT5qHq8MDJnJbRE1	Every Breath You Take	The Police	4311844	192	6	192	-3
196	3XF5xLJHOQQRbWya6hBp7d	you should see me in a crown	Billie Eilish	4306393	191	21	15	-5
197	4bHsxqR3GMrXTxEPLuK5ue	Don't Stop Believin'	Journey	4291180	190	7	188	-7
198	5N5k9nd479b1xpDZ4usjrg	Promises (with Sam Smith)	Calvin Harris	4280989	196	52	5	-2
199	7lR4UmEDJ1ngczVX2NiNi4	Te Soñé de Nuevo	Ozuna	4280156	nan	1	199	new
200	3a1lNhkSLSkpJE4MSHpDu9	Congratulations	Post Malone	4227296	200	124	20	0
