position	song_id	song_name	artist	streams	last_week_position	weeks_on_chart	peak_position	position_status
1	1HfMVBKM75vxSfsQ5VefZ5	Lose You To Love Me	Selena Gomez	47227738	16	2	1	15
2	1rgnBhdG2JDFTbYkYRZAku	Dance Monkey	Tones And I	46086874	1	15	1	-1
3	2b8fOow8UzyDFAE27YhOZM	Memories	Maroon 5	31572344	4	6	3	1
4	2QpGZOhTCHHiKmpSO9FW4h	Follow God	Kanye West	31273064	nan	1	4	new
5	21jGcNKet2qwijlDFuPiPb	Circles	Post Malone	30555030	3	7	2	-2
6	3eekarcy7kvN4yt5ZFzltW	HIGHEST IN THE ROOM	Travis Scott	29392489	2	4	1	-4
7	6v3KW9xbzN5yKLt9YKDYA2	Señorita	Shawn Mendes	26364020	5	14	1	-2
8	7qEHsqek33rTcFNT9PFqLf	Someone You Loved	Lewis Capaldi	24962682	6	24	4	-2
9	4yI3HpbSFSgFZtJP2kDe5m	Look At Her Now	Selena Gomez	21790923	nan	1	9	new
10	7aiClxsDWFRQ0Kzk5KI5ku	hot girl bummer	blackbear	20814917	10	10	10	0
11	2wrJq5XKLnmhRXHIAf9xBa	10,000 Hours (with Justin Bieber)	Dan + Shay	18576307	8	4	5	-3
12	3JWiDGQX2eTlFvKj3Yssj3	Closed On Sunday	Kanye West	17782756	nan	1	12	new
13	70eFcWOvlMObDhURTqT4Fv	Beautiful People (feat. Khalid)	Ed Sheeran	17770785	9	16	3	-4
14	2SasoXZyv82yYgHiVOvxQn	On God	Kanye West	17704688	nan	1	14	new
15	2plLJpUcYPFrl1sW2pMG63	Lights Up	Harry Styles	17687233	7	3	5	-8
16	39JRmdKFka1Oe09FoOCPI4	Selah	Kanye West	17475888	nan	1	16	new
17	2tnVG71enUj33Ic2nFN6kZ	Ride It	Regard	17371573	17	8	17	0
18	6b2RcmUt1g9N9mQ3CbjX2Y	How Do You Sleep?	Sam Smith	17160288	11	15	7	-7
19	2ksOAxtIxY8yElEWw8RhgK	China	Anuel AA	16845661	13	15	2	-6
20	2Fxmhks0bxGSBdJ92vM42m	bad guy	Billie Eilish	16691570	15	31	1	-5
21	6cy3ki60hLwimwIje7tALf	RITMO (Bad Boys For Life)	Black Eyed Peas	16602393	54	3	21	33
22	51Fjme0JiitpyXKuyQiCDo	Lalala	Y2K	16503228	12	18	4	-10
23	24bnCCysWnbNRNUT4LpHcP	Everything We Need	Kanye West	16438027	nan	1	23	new
24	6Gg1gjgKi2AK4e0qzsR7sd	Bandit (with YoungBoy Never Broke Again)	Juice WRLD	16028259	14	4	14	-10
25	0oPOuDmmkVp3h6puekhs6P	Use This Gospel	Kanye West	14843190	nan	1	25	new
26	6vBdBCoOhKHiYDDOcorfNo	Goodbyes (Feat. Young Thug)	Post Malone	14334322	18	17	2	-8
27	0hVXuCcriWRGvwMV1r5Yn9	I Don't Care (with Justin Bieber)	Ed Sheeran	14068267	19	16	2	-8
28	7LzouaWGFCy4tkXDOOnEyM	Liar	Camila Cabello	13920735	22	8	22	-6
29	4vUmTMuQqjdnvlZmAH61Qk	South of the Border (feat. Camila Cabello & Cardi B)	Ed Sheeran	13428160	27	16	10	-2
30	0RiRZpuVRbi7oqRdSMwhQY	Sunflower - Spider-Man: Into the Spider-Verse	Post Malone	13242148	21	7	14	-9
31	1WnqWQcWcuQbVzgE7ecfCY	Every Hour	Kanye West	12900186	nan	1	31	new
32	1iQDltZqI7BXnHrFy4Qo1k	Trampoline (with ZAYN)	SHAED	12849376	43	5	32	11
33	1lOe9qE0vR9zwWQAOk6CoO	Ransom	Lil Tecca	12795057	20	4	16	-13
34	6xRWoYwfwIKnT8bQGzKbxR	God Is	Kanye West	12735722	nan	1	34	new
35	454Epa1vrCGFddHXKyC1kb	Water	Kanye West	12604488	nan	1	35	new
36	07Oz5StQ7GRoygNLaXs2pd	Good as Hell (feat. Ariana Grande) - Remix	Lizzo	12495965	nan	1	36	new
37	3jbT1Y5MoPwEIpZndDDwVq	Adicto (with Anuel AA & Ozuna)	Tainy	12461725	24	10	24	-13
38	1000nHvUdawXuUHgBod4Wv	Panini	Lil Nas X	11904990	23	7	15	-15
39	0fea68AdmYNygeTGI4RC18	LA CANCIÓN	J Balvin	11842178	25	18	17	-14
40	2TH65lNHgvLxCKXM3apjxI	Callaita	Bad Bunny	11727722	28	22	7	-12
41	4R8BJggjosTswLxtkw8V7P	No Me Conoce - Remix	Jhay Cortez	11461442	29	23	20	-12
42	6V9fHiv84WlVTg7CSnIVY2	Graveyard	Halsey	11306406	32	7	31	-10
43	7r6aR2f57resC5r93LwMfK	Hands On	Kanye West	11183853	nan	1	43	new
44	7CZyCXKG6d5ALeq41sLzbw	Take What You Want (feat. Ozzy Osbourne & Travis Scott)	Post Malone	10965137	30	7	16	-14
45	6moU77g9RQyMzHNuKEaQKq	It's You	Ali Gatie	10899460	34	20	27	-11
46	2YpeDb67231RjR0MgVLzsG	Old Town Road - Remix	Lil Nas X	10706467	33	14	6	-13
47	6osaMSJh9NguagEDQcZaKx	Loco Contigo (feat. J. Balvin & Tyga)	DJ Snake	10420964	31	14	11	-16
48	5qmq61DAAOUaW8AUo8xKhh	Truth Hurts	Lizzo	10315476	26	26	16	-22
49	6mAN61JH0dzyZpWslS11jy	Fantasias	Rauw Alejandro	10241786	50	5	49	1
50	0Z26mbSHJ1dkUu7g9DDgif	Trigger	Major Lazer	10005477	nan	1	50	new
51	6wo37KVqFJhtuxPTpLCcfe	Takeaway (feat. Lennon Stella)	The Chainsmokers	9825827	39	14	28	-12
52	6muOWhMh7Tf0UFUtMDBhUR	Orphans	Coldplay	9468798	nan	1	52	new
53	7BlBVFwvbWvcwNcUarQmjk	Yo x Ti, Tu x Mi	ROSALÍA	9396746	42	11	20	-11
54	6Y4PDQv4XjYjHLeLmvyOt0	Si Te Vas	Sech	9387945	53	5	51	-1
55	4sjiIpEv617LDXaidKioOI	223's (feat. 9lokknine)	YNW Melly	9369304	35	8	32	-20
56	7sBgFMWqDWQgrsNSpIBoe8	Jesus Is Lord	Kanye West	9345667	nan	1	56	new
57	314ZkcV7oLWG8yWE7LABvH	Make It Right (feat. Lauv)	BTS	9310314	40	2	40	-17
58	5Z8HZM6iQMhhqyPcCGY5g9	Hot (feat. Gunna)	Young Thug	9200105	48	11	46	-10
59	5ry2OE6R2zPQFDO85XkgRb	Money In The Grave (Drake ft. Rick Ross)	Drake	9102412	44	20	5	-15
60	1nocRtwyNPVtGcIJqfgdzZ	Tutu	Camilo	9001287	41	12	27	-19
61	3cphb8kdsjElYR7r5icK3H	Nice To Meet Ya	Niall Horan	8851964	61	4	61	0
62	5Id5B3dxJZhPcV9GzgYZZe	Quizas	Rich Music LTD	8814040	55	3	52	-7
63	2VxeLyX666F8uXCJ0dZF8B	Shallow	Lady Gaga	8754601	49	56	3	-14
64	6XHVuErjQ4XNm6nDPVCxVX	No Guidance (feat. Drake)	Chris Brown	8700729	46	18	14	-18
65	6RyaV7owmVU6fzEPE17sF1	Que Tire Pa Lante	Daddy Yankee	8690730	111	2	65	46
66	3NkJNL3WqO1Lqc3uNDxvCN	Don’t Call Me Angel (Charlie’s Angels) (with Miley Cyrus & Lana Del Rey)	Ariana Grande	8684601	38	7	3	-28
67	7CHi4DtfK4heMlQaudCuHK	Lose Control	MEDUZA	8682821	94	2	67	27
68	6oJ6le65B3SEqPwMRNXWjY	Higher Love	Kygo	8539582	37	18	31	-31
69	1DFD5Fotzgn6yYXkYsKiGs	Piece Of Your Heart	MEDUZA	8530666	51	26	14	-18
70	5aUSEPNd3m5xliFK4pn5mU	Good Thing (with Kehlani)	Zedd	8485389	58	5	53	-12
71	6hw1Sy9wZ8UCxYGdpKrU6M	Roller	Apache 207	8395606	nan	1	71	new
72	6kls8cSlUyHW2BUOkDJIZE	Hate Me (with Juice WRLD)	Ellie Goulding	8044068	95	12	66	23
73	4t9a07PAghtQMRAIP9FQ7Z	Soltera - Remix	Lunay	7889155	nan	1	73	new
74	4sWuPniHClkInYAnzXAYUF	Camelot	NLE Choppa	7872437	57	7	47	-17
75	6ocbgoVGwYJhOv1GgI9NsF	7 rings	Ariana Grande	7796119	59	38	1	-16
76	0rIAC4PXANcKmitJfoqmVm	Motivation	Normani	7718623	65	11	42	-11
77	2dpaYNEQHiRxtZbfNsse99	Happier	Marshmello	7689419	62	63	2	-15
78	05mDaV9Vb3wrzjF6OPZnhq	Saint-Tropez	Post Malone	7582510	36	7	9	-42
79	4bTZeO72FwMa6wKOiqoynL	Otro Trago - Remix	Sech	7524654	66	14	11	-13
80	6dNB3XdAzx7kTf5wa8Rg89	Wieso tust Du dir das an?	Apache 207	7521380	nan	1	80	new
81	59s0s39NFWScuHDbHytI14	Indeciso	Reik	7449196	72	8	72	-9
82	0u2P5u6lvoDfwTYjAADbn4	lovely (with Khalid)	Billie Eilish	7411485	64	58	24	-18
83	4Of7rzpRpV1mWRbhp5rAqG	Bruises	Lewis Capaldi	7400710	92	15	83	9
84	4a6q8CR2hzLk2plDkSxkfD	I.F.L.Y.	Bazzi	7257615	76	12	47	-8
85	5nCthAh3jt4xKuLJAifAaR	Harleys In Hawaii	Katy Perry	7242689	47	2	47	-38
86	322tcqPhma7F6hfCeLisx0	fuck, i'm lonely	Lauv	7238307	60	13	30	-26
87	5hDAT527wXWNBnJlujhuUs	Stuck In A Dream (feat. Gunna)	Lil Mosey	7203206	86	5	86	-1
88	26wLOs3ZuHJa2Ihhx6QIE6	Teeth	5 Seconds of Summer	7156596	83	10	46	-5
89	4u7EnebtmKWzUH433cf5Qv	Bohemian Rhapsody - 2011 Mix	Queen	7077976	78	32	39	-11
90	22vgEDb5hykfaTwLuskFGD	Sucker	Jonas Brothers	7031287	79	21	9	-11
91	46D0hYb1B7qiU33VtXt21W	Easy	Camila Cabello	7000005	80	3	80	-11
92	3s4mrPrEFFPF0LmAfutW0n	The London (feat. J. Cole & Travis Scott)	Young Thug	6999193	67	11	29	-25
93	2xLMifQCjDGFmkHkpNLD9h	SICKO MODE	Travis Scott	6902101	84	65	2	-9
94	43zdsphuZLzwA9k4DJhU0I	when the party's over	Billie Eilish	6862147	74	31	9	-20
95	7xQAfvXzm3AkraOtGPWIZg	Wow.	Post Malone	6831297	70	7	42	-25
96	0y675KDleCZEudjoeL1sQQ	Feelings	Lauv	6831033	91	6	89	-5
97	0Xek5rqai2jcOWCYWJfVCF	Enemies (feat. DaBaby)	Post Malone	6734367	68	7	19	-29
98	0pqnGHJpmpxLKifKRmU6WP	Believer	Imagine Dragons	6724939	89	67	68	-9
99	36orMWv2PgvnzXsd5CJ0yL	Post Malone (feat. RANI)	Sam Feldt	6707925	63	11	62	-36
100	1ndyl3wJCFs872XZ3ztPk6	DJ No Pare (feat. Zion, Dalex, Lenny Tavárez) - Remix	Justin Quiles	6682269	103	7	100	3
101	25ZAibhr3bdlMCLmubZDVt	QUE PRETENDES	J Balvin	6638016	90	18	15	-11
102	5099x34vBakWpGkHourFxP	Qué Pena	Maluma	6633107	85	5	77	-17
103	7x9nXsowok1JszkVztI5NI	Writing on the Wall (feat. Post Malone & Cardi B)	French Montana	6597128	75	5	48	-28
104	7KbF6AdprOXEEHlsq11Z6d	11 PM	Maluma	6590652	93	24	31	-11
105	4fwo6czG5nvOQMzhOto1ya	Lonely (with Jonas Brothers)	Diplo	6586369	99	5	80	-6
106	2bT1PH7Cw3J9p3t7nlXCdh	If I Can't Have You	Shawn Mendes	6584311	88	14	26	-18
107	7sWRlDoTDX8geTR8zzr2vt	Hollywood's Bleeding	Post Malone	6502463	71	7	17	-36
108	1dGr1c8CrMLDpV6mPbImSI	Lover	Taylor Swift	6462447	87	10	2	-21
109	5p7ujcrUXASCNwRaWNHR1C	Without Me	Halsey	6429384	97	56	4	-12
110	0fySG6A6qLE8IvDpayb5bM	VIBEZ	DaBaby	6403876	82	5	53	-28
111	37zdqI4r1gswIzczSBkRon	Aventura	Lunay	6381702	nan	1	111	new
112	1G2CAJeP7rCwOZjlSJ0Zw3	Que Calor (with J Balvin & El Alfa)	Major Lazer	6380535	77	7	77	-35
113	2qG5sZ7Si6sdK74qLxedYM	Con Altura	ROSALÍA	6379169	96	31	30	-17
114	0e7ipj03S05BNilyu5bRzt	rockstar (feat. 21 Savage)	Post Malone	6343479	101	79	8	-13
115	4Ta3PhWmY50ZLU1uhKFKPE	Outnumbered	Dermot Kennedy	6311760	102	4	93	-13
116	0Ryd8975WihbObpp5cPW1t	boyfriend (with Social House)	Ariana Grande	6294511	81	13	3	-35
117	6TqXcAFInzjp0bODyvrWEq	Talk (feat. Disclosure)	Khalid	6242764	100	30	10	-17
118	0DiDStADDVh3SvAsoJAFMk	Only Human	Jonas Brothers	6168695	114	21	31	-4
119	6Qs4SXO9dwPj5GKvVOv8Ki	Dancing With A Stranger (with Normani)	Sam Smith	6095146	104	42	7	-15
120	3e9HZxeyfWwjeyPAMmWSSQ	thank u, next	Ariana Grande	6077893	117	38	3	-3
121	25sgk305KZfyuqVBQIahim	Sweet but Psycho	Ava Max	6065126	107	57	6	-14
122	7qiZfU4dY1lWllzX7mPBI3	Shape of You	Ed Sheeran	6052555	109	145	1	-13
123	6Ozh9Ok6h4Oi1wUSLtBseN	BOP	DaBaby	6019443	69	5	32	-54
124	7fa9MBXhVfQ8P8Df9OEbD8	Girls Like You (feat. Cardi B)	Maroon 5	5974965	115	72	2	-9
125	285pBltuF7vW8TeWk8hdRR	Lucid Dreams	Juice WRLD	5967758	112	47	24	-13
126	1tNJrcVe6gwLEiZCtprs1u	3 Nights	Dominic Fike	5954792	106	31	51	-20
127	6gBFPUFcJLzWGx4lenP6h2	goosebumps	Travis Scott	5910916	116	115	61	-11
128	0RLLvYBopDwooCyvnTwgYu	F.N	Lil Tjay	5905623	98	3	82	-30
129	3IWs9dAwTqN0EFhOIcBDfs	Be Honest	Jorja Smith	5885301	124	2	124	-5
130	7FGq80cy8juXBCD2nrqdWU	Eastside (with Halsey & Khalid)	benny blanco	5874804	110	47	16	-20
131	2PGA1AsJal6cyMNmKyE56q	200 km/h	Apache 207	5816103	nan	1	131	new
132	6RyuoOJXNzlVWpfC5xQyeI	Alocao (With Bad Gyal)	Omar Montes	5743134	nan	1	132	new
133	3Yh9lZcWyKrK9GjbhuS0hR	Good as Hell	Lizzo	5738530	45	11	44	-88
134	5uCax9HTNlzGybIStD3vDh	Say You Won't Let Go	James Arthur	5724483	121	145	7	-13
135	4fj7e6Tc48Bmomwyz2Z2XC	Te Quemaste	Manuel Turizo	5712670	128	8	120	-7
136	0c7K73roy6RW4ebDkf4yGh	VALENTINO	24kGoldn	5698119	120	5	120	-16
137	6RRNNciQGZEXnqk8SQ9yv5	You Need To Calm Down	Taylor Swift	5693078	105	10	17	-32
138	1ZPWWSwCkxKfqdp4H0RFCo	ROXANNE	Arizona Zervas	5686852	nan	1	138	new
139	684EjRHwNsZQ9hCQxL4NYL	El Favor (with Nicky Jam & Sech, feat. Farruko, Zion & Lunay)	Dimelo Flow	5647273	119	9	87	-20
140	5w9c2J52mkdntKOmRLeM2m	Con Calma	Daddy Yankee	5599450	122	40	2	-18
141	2gwkD6igEhQbDQegRCcdoB	Suge	DaBaby	5561860	118	27	26	-23
142	0tgVpDi06FyKpA1z0VMD4v	Perfect	Ed Sheeran	5528062	125	137	4	-17
143	67ojvEGRPAUCOohuMPqoRC	110	Capital Bra	5429113	113	4	65	-30
144	7dt6x5M1jzdTEt8oCbisTK	Better Now	Post Malone	5414005	126	79	1	-18
145	5PYQUBXc7NYeI1obMKSJK0	Never Really Over	Katy Perry	5399197	123	22	10	-22
146	4guBZjUyrGoHsTahO3IHdj	Did It Again	Lil Tecca	5341040	133	4	133	-13
147	5qrSlOut2rNAWv3ubArkNy	Be Alright	Dean Lewis	5312406	131	26	78	-16
148	2iUXsYOEPhVqEBwsqP70rE	Youngblood	5 Seconds of Summer	5310780	135	72	8	-13
149	3ee8Jmje8o58CHK66QrVC2	SAD!	XXXTENTACION	5285792	138	85	1	-11
150	4hPpVbbakQNv8YTHYaOJP4	One Thing Right	Marshmello	5281507	134	19	30	-16
151	2qxmye6gAegTMjLKEBoR3d	Let Me Down Slowly	Alec Benjamin	5277854	136	42	27	-15
152	2P91MQbaiQOfbiz9VqhqKQ	I Like Me Better	Lauv	5257993	130	74	86	-22
153	5MPPttjfGap2C6j6eKcO6J	Baby (Lil Baby feat. DaBaby)	Quality Control	5243350	127	11	67	-26
154	4SSnFejRGlZikf02HLewEF	bury a friend	Billie Eilish	5182149	148	31	5	-6
155	2JvzF1RMd7lE3KmFlsyZD8	MIDDLE CHILD	J. Cole	5145751	144	41	2	-11
156	18uwL0vNUanqZH0ro2QcOP	comethru	Jeremy Zucker	5145005	155	17	111	-1
157	51wFQM8W0YfXTmHusXUr5i	MAMACITA	Tyga	5120047	nan	1	157	new
158	6klLvorLoo1sxvZcjJIY8I	Make No Sense	YoungBoy Never Broke Again	5083788	173	3	158	15
159	1rqqCSm0Qe4I9rUvWncaom	High Hopes	Panic! At The Disco	5065897	141	71	9	-18
160	3QzAOrNlsabgbMwlZt7TAY	Ballin' (with Roddy Ricch)	Mustard	5060407	139	4	139	-21
161	0mjAU3yKR1QnXnHtjGJqTM	Rescue Me	OneRepublic	5020338	142	24	32	-19
162	0rFQ5cKYJ9WtHSKp9sxVYt	Heartless (feat. Morgan Wallen)	Diplo	5005902	170	6	162	8
163	4B7fTyj1FIPvP9tT5X3DnR	Behind Barz - Bonus	Drake	5004330	137	7	61	-26
164	5T8EDUDqKcs6OSOwEsfqG7	Don't Stop Me Now - 2011 Mix	Queen	4993065	157	53	51	-7
165	5iwz1NiezX7WWjnCgY5TH4	Calma - Remix	Pedro Capó	4970070	149	51	5	-16
166	2BgEsaKNfHUdlh97KmvFyo	2002	Anne-Marie	4967774	154	64	28	-12
167	6K5BsR04ijf3FHNzjbaagD	Si Se Da - Remix	Myke Towers	4956358	167	13	68	0
168	0F7FA14euOIX8KcbEturGH	Old Town Road	Lil Nas X	4929316	151	14	53	-17
169	6zeeWid2sgw4lap2jV61PZ	Better	Khalid	4928759	146	53	10	-23
170	4ZLzoOkj0MPWrTLvooIuaa	Get You The Moon (feat. Snøw)	Kina	4923686	160	21	95	-10
171	0KoiMHhqKLoL4xM54rcWYY	Taki Taki (feat. Selena Gomez, Ozuna & Cardi B)	DJ Snake	4912652	166	14	103	-5
172	2xyx0o4xNOLLjBSbOOdcbA	Playing Games (with Bryson Tiller) - Extended Version	Summer Walker	4912136	nan	2	115	re-enter
173	1zB4vmk8tFRmM9UULNzbLB	Thunder	Imagine Dragons	4893062	156	67	81	-17
174	4e0FYxSROat25pH16zMTZI	Love Me	Lil Tecca	4892365	153	4	149	-21
175	0TMGV2zMZXOILVtQLtkI3G	What Am I	Why Don't We	4892168	186	3	175	11
176	5F8ffc8KWKNawllr5WsW0r	Surtada - Remix Brega Funk	Dadá Boladão	4876313	196	2	176	20
177	5vdp5UmvTsnMEMESIF2Ym7	Another One Bites The Dust - Remastered 2011	Queen	4867324	165	53	36	-12
178	6uFn47ACjqYkc0jADwEdj1	Pop Out (feat. Lil Tjay)	Polo G	4866824	147	21	40	-31
179	0JP9xo3adEtGSdUEISiszL	Moonlight	XXXTENTACION	4852103	162	85	2	-17
180	3uhTOxvu2h2YEm0uPNF2vi	Doch in der Nacht	Apache 207	4842757	nan	1	180	new
181	1SNiXDwSilLujcYdvfqVpT	Call You Mine	The Chainsmokers	4829942	145	11	99	-36
182	2Rk4JlNc2TPmZe2af99d45	ME! (feat. Brendon Urie of Panic! At The Disco)	Taylor Swift	4800348	150	10	33	-32
183	1EoEU4HY57qaITp06TkC6B	Goteo	Duki	4788146	158	12	90	-25
184	0U6bQIAh6MCGo1xjbIIx2S	Instagram	Dimitri Vegas & Like Mike	4778612	143	17	81	-41
185	2B94bbI1a4LyBpK1439oP7	Cuerpo en Venta	Noriel	4772708	nan	5	175	re-enter
186	1Ej96GIBCTvgH7tNX1r3qr	Otro Trago	Sech	4761555	164	27	4	-22
187	7m9OqQk4RVRkw9JJdeAw96	Jocelyn Flores	XXXTENTACION	4758276	172	114	7	-15
188	1mXVgsBdtIVeCLJnSnmtdV	Too Good At Goodbyes	Sam Smith	4717027	163	103	3	-25
189	2C6WXnmZ66tHhHlnvwePiK	Die For Me (feat. Future & Halsey)	Post Malone	4713961	140	7	29	-49
190	6K4t31amVTZDgR3sKmwUJJ	The Less I Know The Better	Tame Impala	4706300	195	3	190	5
191	3U4isOIWM3VvDubwSI3y7a	All of Me	John Legend	4686855	171	23	165	-20
192	5a6pdCHlWS2ekOOQ70QnAr	July	Noah Cyrus	4683980	nan	1	192	new
193	4hQ6UGyWQIGJmHSo0J88JW	Back To You - From 13 Reasons Why – Season 2 Soundtrack	Selena Gomez	4679222	nan	34	19	re-enter
194	2zYzyRzz6pRmhPzyfMEC8s	Highway to Hell	AC/DC	4660169	nan	2	152	re-enter
195	5WHTFyqSii0lmT9R21abT8	Don't Call Me Up	Mabel	4657748	168	39	11	-27
196	2IRZnDFmlqMuOrYOLnZZyc	Going Bad (feat. Drake)	Meek Mill	4639322	185	48	11	-11
197	0rKtyWc8bvkriBthvHKY8d	SLOW DANCING IN THE DARK	Joji	4635174	169	9	95	-28
198	1GeNui6m825V8jP4uKiIaH	Bad Bad Bad (feat. Lil Baby)	Young Thug	4634256	174	11	46	-24
199	1wJRveJZLSb1rjhnUHQiv6	Swervin (feat. 6ix9ine)	A Boogie Wit da Hoodie	4591325	178	44	25	-21
200	6RUKPb4LETWmmr3iAEQktW	Something Just Like This	The Chainsmokers	4589763	180	121	2	-20
