position	song_id	song_name	artist	streams	last_week_position	weeks_on_chart	peak_position	position_status
1	7qiZfU4dY1lWllzX7mPBI3	Shape of You	Ed Sheeran	152360	1	7	1	0
2	7pcTLUekZJQnzDOUDuExVJ	打上花火	DAOKO	116511	2	7	1	0
3	6uFsE1JgZ20EXyU0JQZbUR	Look What You Made Me Do	Taylor Swift	102241	3	7	1	0
4	2ekn2ttSfGqwhhate0LSR0	New Rules	Dua Lipa	88760	4	7	4	0
5	7nZmah2llfvLDiUjm0kiyz	Friends (with BloodPop®)	Justin Bieber	86010	5	7	4	0
6	4mxWSdf71VFO52qFeY0fZt	What Lovers Do (feat. SZA)	Maroon 5	84065	6	6	6	0
7	5CtI0qwDJkDQGwXD1H1cLb	Despacito - Remix	Luis Fonsi	81094	7	7	5	0
8	0NiXXAI876aGImAd6rTj8w	Mama	Jonas Blue	79705	10	7	7	2
9	2gasr6aemUqZIBBN05EO03	My Boo	Shota Shimizu	79494	13	7	9	4
10	3m660poUr1chesgkkjQM7P	Sorry Not Sorry	Demi Lovato	74742	8	2	8	-2
11	5SE57ljOIUJ1ybL9U6CuBH	DNA	BTS	73310	9	4	3	-2
12	6RUKPb4LETWmmr3iAEQktW	Something Just Like This	The Chainsmokers	73284	11	7	11	-1
13	4m8ayeTlVnsYAtR42NhDqZ	WanteD! WanteD!	Mrs. GREEN APPLE	72643	16	7	10	3
14	0mel2N9Ws9r4yLQn5QE21Y	Too Good At Goodbyes - Edit	Sam Smith	72097	15	5	5	1
15	46gSY0U7ZZCmd7EuJuo15N	恋音と雨空	AAA	71886	24	7	15	9
16	2OALaHcDdKkjYEpAr0Qzab	Lonely Together (feat. Rita Ora)	Avicii	71437	25	7	16	9
17	0ofbQMrRDsUaVKq2mGLEAb	Havana	Camila Cabello	71404	14	7	14	-3
18	0tgVpDi06FyKpA1z0VMD4v	Perfect	Ed Sheeran	70270	29	7	18	11
19	0YAMQSmHk6BSUGTYpaoqTJ	Wherever you are	ONE OK ROCK	69974	20	7	19	1
20	4iLqG9SeJSnt0cSPICSjxv	Attention	Charlie Puth	69310	18	7	13	-2
21	1j4kHkkpqZRBwE0A4CN4Yv	Dusk Till Dawn - Radio Edit	ZAYN	68402	19	5	18	-2
22	0dA2Mk56wEzDgegdC6R17g	Stay (with Alessia Cara)	Zedd	66902	21	7	21	-1
23	7wGoVu4Dady5GV0Sv4UIsx	rockstar	Post Malone	66149	nan	1	23	new
24	6WbADFqMvR8N5u0BvtsWQE	Without You (feat. Sandro Cavazza)	Avicii	65421	17	7	10	-7
25	7BKLCZ1jbUBVqRi2FVlTVw	Closer	The Chainsmokers	65323	26	7	24	1
26	40cPkRjw5aLQIOjaqgUVnB	RAIN	SEKAI NO OWARI	63463	28	4	25	2
27	6PO8T4qt3FHfauSs98zO9j	Dream	Shota Shimizu	63335	34	7	27	7
28	79cuOz3SPQTuFrp8WgftAu	There's Nothing Holdin' Me Back	Shawn Mendes	63026	27	7	15	-1
29	3A7qX2QjDlPnazUsRk5y0M	2U (feat. Justin Bieber)	David Guetta	62199	12	7	6	-17
30	0PAyiPTz8gL0udQnSasc5G	TT - Japanese ver.	TWICE	61095	33	7	12	3
31	7vGuf3Y35N4wmASOKLUVVU	Silence	Marshmello	60200	31	7	26	0
32	7vwXjDrZT2mqiFynlEwwgG	さよならの前に	AAA	59419	39	7	32	7
33	5tz69p7tJuGPeMGwNTxYuV	1-800-273-8255	Logic	57655	32	7	27	-1
34	5bcTCxgc7xVfSaMV3RuVke	Feels (feat. Pharrell Williams, Katy Perry & Big Sean)	Calvin Harris	57602	30	7	8	-4
35	6EpRaXYhGOB3fj4V2uDkMJ	Strip That Down	Liam Payne	55638	35	7	26	0
36	3PEgB3fkiojxms35ntsTgs	More Than You Know	Axwell /\ Ingrosso	55162	37	7	24	1
37	5Bg0HkfaRYRx8A7tMrjT9Z	君が好き	Shota Shimizu	54277	45	7	37	8
38	0ve9Tpz8Yw0I4eXhWsy21o	ワタリドリ	[Alexandros]	53574	48	7	38	10
39	1wjzFQodRWrPcQ0AnYnvQ9	I Like Me Better	Lauv	53119	36	7	28	-3
40	7F9vK8hNFMml4GtHsaXui6	Back to You (feat. Bebe Rexha & Digital Farm Animals)	Louis Tomlinson	53024	38	7	25	-2
41	0Zbbxnx4SGGHoIow4PpISP	Stargazing	Kygo	52958	75	3	41	34
42	4c2W3VKsOFoIg2SFaO6DY5	Your Song	Rita Ora	52544	40	7	16	-2
43	0CokSRCu5hZgPxcZBaEzVE	Glorious (feat. Skylar Grey)	Macklemore	51583	41	3	38	-2
44	7fwXWKdDNI5IutOMc5OKYw	Mi Gente (feat. Beyoncé)	J Balvin	50694	51	2	44	7
45	3pzjHKrQSvXGHQ98dx18HI	What Do You Mean?	Justin Bieber	50656	47	7	41	2
46	3DXncPQOG4VBw3QHh3S817	I'm the One (feat. Justin Bieber, Quavo, Chance the Rapper & Lil Wayne)	DJ Khaled	48993	23	7	7	-23
47	31MkGwj0SWgZaTvEt5Hgxv	What About Us	P!nk	48529	49	7	45	2
48	6IxWbmElUUj7AstEEzIgtl	LIFE	AAA	48084	52	2	48	4
49	2rb5MvYT7ZIxbKW5hfcHx8	Mi Gente	J Balvin	47974	42	7	17	-7
50	3B54sVLJ402zGa6Xm4YGNe	Unforgettable	French Montana	45091	44	7	18	-6
51	32DGGj6KlNuBr6WaqRxpxi	How Long	Charlie Puth	44454	nan	1	51	new
52	7CmWXD3w1xOO53AAO4LRVQ	愛をこめて花束を	Superfly	44149	53	7	52	1
53	1OAh8uOEOvTDqkKFsKksCi	Wild Thoughts (feat. Rihanna & Bryson Tiller)	DJ Khaled	41722	50	7	15	-3
54	7swIKcU4tFRk4iFJpi12Fg	小さな恋のうた	MONGOL800	39842	57	7	54	3
55	7iXHLtPosbHvglVSJ4rxLq	愛唄	GReeeeN	38480	59	7	55	4
56	5PF0IW8iHqOcTWAyRqiDzb	Home	Shota Shimizu	38355	61	7	56	5
57	3Xrd2febrBti5pNuRTVmra	SORA	GENERATIONS from EXILE TRIBE	37950	60	7	48	3
58	4f3nDjgqXurMryYBSp0TZD	The Beginning	ONE OK ROCK	37183	62	7	58	4
59	6QgjcU0zLnzq5OrUoSZ3OK	Feel It Still	Portugal. The Man	37145	58	5	58	-1
60	1x5sYLZiu9r5E43kMlt9f8	Symphony (feat. Zara Larsson)	Clean Bandit	36944	54	7	34	-6
61	0tKcYR2II1VCQWT79i5NrW	Thunder	Imagine Dragons	36564	55	7	47	-6
62	2LwjA3u1bTgnhfbR4MsPxw	Because of You	Shota Shimizu	36401	66	7	62	4
63	7ztdl6cnbJgHRdMkKldkts	キセキ	GReeeeN	35020	73	7	63	10
64	3hRZsdTF5uyGA2uhNqEuhm	Too Much To Ask	Niall Horan	34304	46	4	46	-18
65	0afhq8XCExXpqazXczTSve	Galway Girl	Ed Sheeran	34294	67	7	59	2
66	17DfKcV1gBdfMBdzsf4NQx	Kataomoi	miwa	34190	77	7	66	11
67	4R7QVSqBN0koJHcOL7PGb5	SIGNAL - Japanese ver.	TWICE	34054	69	7	44	2
68	0K4Wg6Pwx0cOuJkN8xvuto	MAGIC	AAA	33697	80	7	68	12
69	5Z3GHaZ6ec9bsiI5BenrbY	Young Dumb & Broke	Khalid	33648	65	7	62	-4
70	69bp2EbF7Q2rqc5N3ylezZ	Sorry	Justin Bieber	33641	72	7	58	2
71	0eEaGQuEZo5sEuJzU5kwkW	Fire	Shota Shimizu	33458	85	7	71	14
72	2RobEQGaFJS8tZ0EWnCtld	鱗(うろこ)	Motohiro Hata	33395	68	7	68	-4
73	1nMbZ9OsVNSLEyijI80EST	TT	TWICE	33277	81	7	36	8
74	7FyHSAzfTFu88aDOpOIVtH	Story of Our Life	HIRAIDAI	33081	64	7	43	-10
75	1RGmoxDK77rPBGUNQbHKLW	No Way Back	AAA	32900	79	2	75	4
76	0KKkJNfGyhkQ5aFogxQAPU	That's What I Like	Bruno Mars	32493	70	7	43	-6
77	2771LMNxwf62FTAdpJMQfM	Bodak Yellow	Cardi B	32409	63	7	63	-14
78	4b5oBON2DgamONUxvP4JyQ	Slow & Easy	HIRAIDAI	32398	88	7	73	10
79	19WjVVgXjdKXfLXoaDPwTM	...Ready For It?	Taylor Swift	32196	43	5	6	-36
80	0D8ZpOXVjapLXrjz5VfZSD	Pray	Sam Smith	32044	nan	1	80	new
81	1XT0cpl9g0GuRQJao2nqXd	Kanzen kankaku Dreamer	ONE OK ROCK	31794	91	7	81	10
82	1CKd1PnqfYx0H12V9MSaIY	Get Low (with Liam Payne)	Zedd	31567	76	7	43	-6
83	3hB5DgAiMAQ4DzYbsMq1IT	Love Yourself	Justin Bieber	31365	92	7	70	9
84	3eR23VReFzcdmS7TYCrhCe	It Ain't Me (with Selena Gomez)	Kygo	31112	71	7	64	-13
85	0ijT1F143SdGb45SQB3rHk	Milk Tea	Shota Shimizu	31024	97	7	85	12
86	7GX5flRQZVHRAGd6B4TmDO	XO Tour Llif3	Lil Uzi Vert	30817	83	7	44	-3
87	0albLGvYx6ftOUJ7KF0i5I	STAY TUNE	Suchmos	30543	84	7	84	-3
88	20H2Hd5AkUcRjB4yL3UQtJ	Down	Fifth Harmony	30456	86	7	45	-2
89	2mfUa8bLs2s5N4VaqJZ4lZ	Most Girls	Hailee Steinfeld	30247	78	7	51	-11
90	7bJwvubZZaoGE1AGEfu8Fi	One Last Time	Ariana Grande	30178	93	7	90	3
91	4pLwZjInHj3SimIyN9SnOz	Side To Side	Ariana Grande	30029	95	7	77	4
92	75ZvA4QfFiZvzhj2xkaWAh	I Fall Apart	Post Malone	29707	nan	1	92	new
93	494OU6M7NOf4ICYb4zWCf5	Sugar	Maroon 5	29677	115	7	92	22
94	1X2Zd5wKGbY1oKzb8dzJRy	Break Free	Ariana Grande	29668	87	7	87	-7
95	7KXjTSCq5nL1LoYtL7XAwS	HUMBLE.	Kendrick Lamar	29611	89	7	67	-6
96	5UnRutJ5phJ9Ti4WnFgEoJ	CHEER UP - Japanese ver.	TWICE	29610	102	7	56	6
97	6b8Be6ljOzmkOmFslEb23P	24K Magic	Bruno Mars	29341	105	7	88	8
98	6IghCx6jRj5VHEmXKQH2pR	Re:make	ONE OK ROCK	29229	108	7	98	10
99	1P3cdB5wydoRlTFRz0bNLO	Take what you want (featuring 5 Seconds of Summer)	ONE OK ROCK	29160	96	5	66	-3
100	1Zyd6zQnC6XIIzmg3hP7Ot	As If It's Your Last	BLACKPINK	29056	104	6	70	4
101	3glfyV9FhK872pJcAtOjeI	涙のない世界	AAA	29051	109	7	101	8
102	2uSLx5uwRIhiA3sJJraNqX	Help Me Out (with Julia Michaels)	Maroon 5	28779	nan	1	102	new
103	72jbDTw1piOOj770jWNeaG	Paris	The Chainsmokers	28751	98	7	94	-5
104	68EMU2RD1ECNeOeJ5qAXCV	We Don't Talk Anymore	Charlie Puth	28728	116	7	96	12
105	21z1GxeHjfD3qkaF5CgCTO	Silhouette	KANA-BOON	28672	123	7	105	18
106	2k84FgJC2Qbj8lRf0lp1Qn	はじまりの予感	Ketsumeishi	28514	111	7	106	5
107	5AEtlRudpgdT5FtNiuly6Y	Let Me Go (with Alesso, Florida Georgia Line & watt)	Hailee Steinfeld	28374	56	4	56	-51
108	3NdDpSvN911VPGivFlV5d0	"I Don’t Wanna Live Forever (Fifty Shades Darker) - From ""Fifty Shades Darker (Original Motion Picture Soundtrack)"""	ZAYN	28361	99	7	76	-9
109	4jaaMznp3KPllxbmRdiIbx	Hanataba No Kawari Ni Melody Wo	Shota Shimizu	28347	140	6	109	31
110	5A4xCfm0MybwPbAdVqoJe2	Beautiful	HIRAIDAI	28271	118	7	104	8
111	3a1lNhkSLSkpJE4MSHpDu9	Congratulations	Post Malone	27964	101	7	91	-10
112	7m9OqQk4RVRkw9JJdeAw96	Jocelyn Flores	XXXTENTACION	27911	94	6	70	-18
113	1dB06EmjB6NyftV1pxq6Qk	BOOMBAYAH	BLACKPINK	27766	119	7	93	6
114	1KT0xdIjm7t053xByACrrg	美女と野獣	Ariana Grande	27728	110	7	110	-4
115	0Wv5wuenRLI3BcwgT3HPIP	A Different Way (with Lauv)	DJ Snake	27544	112	3	112	-3
116	5nq1uTNIR1cBR72T87viS0	Go Go	BTS	27541	74	4	40	-42
117	4tCtwWceOPWzenK2HAIJSb	Work from Home (feat. Ty Dolla $ign)	Fifth Harmony	27532	121	7	95	4
118	4v6edT4Ogf8qXGphyFfg1u	イト	Creep Hyp	27370	106	7	98	-12
119	6kex4EBAj0WHXDKZMEJaaF	Swalla (feat. Nicki Minaj & Ty Dolla $ign)	Jason Derulo	27277	82	7	38	-37
120	1qAPA8TooLVEqAZ58fhcrt	BOOMBAYAH - KR Ver.	BLACKPINK	27072	129	7	74	9
121	0cqRj7pUJDkTCEsJkx8snD	Shake It Off	Taylor Swift	27008	130	7	86	9
122	4AW9Fobw3ENnOFDKwKdq7Q	普通の今夜のことを ー let tonight be forever remembered ー	Daichi Miura	26976	131	2	122	9
123	4Rby6ujcqaaZIav9LQ2u67	Decided	UVERworld	26715	113	7	53	-10
124	2ISFfVz2EALjmUHfDxRnsB	キラキラ	AI	26573	103	7	58	-21
125	2eAZfqOm4EnOF9VvN50Tyc	The Way Life Goes (feat. Oh Wonder)	Lil Uzi Vert	26522	114	2	114	-11
126	4pdPtRcBmOSQDlJ3Fk945m	Let Me Love You	DJ Snake	26485	134	7	112	8
127	7fYbFYt7X4FZvuJJC90EX0	Problem	Ariana Grande	26323	117	7	117	-10
128	3awymLmIrvn9lkJeFpmRSf	また逢う日まで	HIRAIDAI	26176	127	7	114	-1
129	2Dovl1obNCp8nJoTT6oJOF	おいしい季節	Sheena Ringo	26032	nan	1	129	new
130	4QL5DKkPZwBXkph4fW2Y0Z	We are	ONE OK ROCK	25999	124	5	93	-6
131	2bnUATKYS3JykGpZjjlbXV	Like OOH-AHH - Japanese ver.	TWICE	25806	132	7	71	1
132	2SYa5Lx1uoCvyDIW4oee9b	MIC Drop	BTS	25694	100	4	45	-32
133	2fQrGHiQOvpL9UgPvtYy6G	Bank Account	21 Savage	25592	107	3	91	-26
134	31FaowDBExlcRt5DHIXOkQ	Mitakotomonaikeshiki	Masaki Suda	25542	128	7	80	-6
135	5XQMr19TL7Mfksq9zihbOu	Questions	Chris Brown	25457	135	7	71	0
136	0CcQNd8CINkwQfe1RDtGV6	Believer	Imagine Dragons	25455	122	7	100	-14
137	3oEekS4xhmFQ88ieCVTZ7H	Bang Bang	Jessie J	25304	126	7	126	-11
138	7yHEDfrJNd0zWOfXwydNH0	Into You	Ariana Grande	25229	120	7	120	-18
139	1Slwb6dOYkBlWal1PGtnNg	Thinking out Loud	Ed Sheeran	25089	139	7	139	0
140	6IcrwGdIvRsrImOnoYfG9Z	See You Again (feat. Charlie Puth)	Wiz Khalifa	24850	148	7	125	8
141	2tdq0CeAGSfhI2l4Gwkvgx	Best Of Me	BTS	24811	90	4	41	-51
142	6De0lHrwBfPfrhorm9q1Xl	Me Rehúso	Danny Ocean	24622	133	7	113	-9
143	6PCUP3dWmTjcTtXY02oFdT	Castle on the Hill	Ed Sheeran	24401	141	7	141	-2
144	1louJpMmzEicAn7lzDalPW	No Promises (feat. Demi Lovato)	Cheat Codes	24091	136	7	52	-8
145	1NDxZ7cFAo481dtYWdrUnR	Pretty Girl - Cheat Codes X CADE Remix	Maggie Lindemann	23657	125	7	29	-20
146	5LkQpbBFgoyQm1jGlznT7p	KNOCK KNOCK - Japanese ver.	TWICE	23460	138	7	78	-8
147	2Gl0FzuLxflY6nPifJp5Dr	First Time	Kygo	23382	137	7	111	-10
148	167NczpNbRF7oWakJaY3Hh	Slow Hands	Niall Horan	22803	146	7	56	-2
149	1Eck97uRMlprKOOJN9oO1E	Good Life (with G-Eazy & Kehlani)	G-Eazy	22508	156	7	120	7
150	6875MeXyCW0wLyT72Eetmo	Starving	Hailee Steinfeld	22440	147	7	124	-3
151	4A9wlW3RaNV2pUzx1Dyov0	その日は必ず来る - SINGLE VERSION	DREAMS COME TRUE	21945	nan	1	151	new
152	43ZyHQITOjhciSUUNPVRHc	Gucci Gang	Lil Pump	21761	nan	1	152	new
153	5RGf8qn1TBWVplLyyKUsuV	Blood Sweat & Tears	BTS	21693	171	6	153	18
154	5knuzwU65gJK7IF5yJsuaW	Rockabye (feat. Sean Paul & Anne-Marie)	Clean Bandit	21601	151	7	142	-3
155	7BqBn9nzAq8spo5e7cZ0dJ	Just the Way You Are	Bruno Mars	21060	157	7	149	2
156	32OlwWuMpZ6b0aN2RZOeMS	Uptown Funk (feat. Bruno Mars)	Mark Ronson	21057	158	7	156	2
157	315z5bDr8oJ0OAxD3jQZmH	ひまわりの約束	Motohiro Hata	20944	163	6	157	6
158	1u8c2t2Cy7UBoG4ArRcF5g	Blank Space	Taylor Swift	20938	152	7	134	-6
159	20I6sIOMTCkB6w7ryavxtO	Call Me Maybe	Carly Rae Jepsen	20759	155	7	150	-4
160	3KOAjzxIJdreRSzffGLYoa	366nichi (feat. Izumi Nakasone)	Shota Shimizu	20511	194	7	160	34
161	6g93YtKKHU2H1qIqhLIL0Y	Kataomoi	Aimer	20270	183	6	161	22
162	4Q6tJExe0LhBW6nhgEN8PC	LOVER	AAA	20154	168	7	162	6
163	1m69ELEgE6k5ZWsap40ozt	Se Preparó	Ozuna	19986	nan	1	163	new
164	6U1HaCuOL1ZouGk0OEpEbS	HAPPY	J Soul Brothers III from EXILE TRIBE	19867	nan	1	164	new
165	0QsvXIfqM0zZoerQfsI9lm	Don't Let Me Down	The Chainsmokers	19743	161	7	153	-4
166	6jIpuClSFwyBoGTwwpkKU5	CHEER UP	TWICE	19741	178	7	107	12
167	6DNtNfH8hXkqOX1sjqmI7p	Cold Water (feat. Justin Bieber & MØ)	Major Lazer	19717	169	7	149	2
168	3FiE2d325mIOc4YjkSLVJR	Everyday	Ariana Grande	19647	150	6	150	-18
169	2wAf64UF5cK7mlAUfvVPl9	Tda'''Aitakute	EXILE	19568	170	7	169	1
170	2GJxT761mGTQocouI2oLTe	Jelly Jelly	TWICE	19528	180	7	121	10
171	2GLp1Arz4ZtihdjdL9m80W	愛してるのに、愛せない	AAA	19521	160	7	160	-11
172	0ffweDHrg4bZqdG4IfGYuo	Pied Piper	BTS	19446	144	4	51	-28
173	3XIHNvOmDcZfxncVRglPxI	NEW	AAA	19425	188	2	173	15
174	7FJP35tUJ2121EJsFpU1Gh	Beautiful Now	Zedd	19413	165	7	161	-9
175	6eUncuJutsFi9BGO1JaBHh	If I'm Lucky	Jason Derulo	19383	172	5	172	-3
176	7aF09WaavZAmAWuUeYxlYD	Rich Love (with Seeb)	OneRepublic	19364	143	7	39	-33
177	0rduVGD3WmGciFFb6sUScg	オレンジ	GReeeeN	19346	nan	6	145	re-enter
178	26b8AQqACTxOEWpEejMPLY	Aitai	Miliyah	19292	181	5	178	3
179	3BbfgC1wM6x5TRYgAVZYi0	SIGNAL	TWICE	19290	193	7	119	14
180	4aWmUDTfIPGksMNLV2rQP2	Despacito (Featuring Daddy Yankee)	Luis Fonsi	19229	166	7	54	-14
181	5SDVaYU4nfaIV0rNSlWSCa	三日月	ayaka	19175	nan	1	181	new
182	5A4QP4EpcPxD5CapYSJfeV	Dirty Work	Austin Mahone	19156	175	7	139	-7
183	2NgQV5lmGPPTTlrHXeAPJ7	Yasashisade Afureruyouni	Flower	19114	179	7	145	-4
184	6FZGeOJzBQ6KI8lyqaztae	ふたりごと - 一生に一度のワープVer.	RADWIMPS	19112	177	7	175	-7
185	69Naniu2KjKjaQOBUagE8U	Homemade Dynamite (Feat. Khalid, Post Malone & SZA) - REMIX	Lorde	19100	191	2	185	6
186	000xQL6tZNLJzIrtIgxqSl	Still Got Time	ZAYN	19089	159	7	146	-27
187	5C5m0n29iXtAg5cQZt6cEN	Love ☆ Queen	E-girls	18959	145	7	115	-42
188	1vBVxhdaJWb1Eca4yc7K4t	Michi	EXILE	18930	182	5	182	-6
189	3ryjLm3oupIjJFGc39naNi	dimple	BTS	18912	142	4	50	-47
190	6Flllj0iIJPwXUpxL9KdxC	Choucho Musubi	Aimer	18878	196	2	190	6
191	7mm5xLUzKCmLfgpOmo1v56	WAY OF GLORY	AAA	18876	186	2	186	-5
192	4clwFLZjrvTtnrMviJnVKh	花	ORANGE RANGE	18873	198	2	192	6
193	0qYTZCo5Bwh1nsUFGZP3zn	Felices los 4	Maluma	18864	149	7	127	-44
194	67BbMuItfrHmaNqDxBPF7c	WHISTLE - KR Ver.	BLACKPINK	18831	195	7	138	1
195	0kN8xEmgMW9mh7UmDYHlJP	Versace on the Floor	Bruno Mars	18792	185	7	158	-10
196	7ANmgFJ8YDBh0uUOfSeYrX	Cut To The Feeling	Carly Rae Jepsen	18690	154	4	153	-42
197	0XLOf9LhyazPX9Ld8jPiUq	Fetish (feat. Gucci Mane)	Selena Gomez	18677	164	7	35	-33
198	3khLfnWKvEJuJLrcASCXWF	Girl	Motohiro Hata	18475	176	5	170	-22
199	60QO7SvW5aaFgMLvltlr6E	Overflows~言葉にできなくて~	Naoto	18397	192	2	192	-7
200	6g1NlCpW7fgqDnWbCCDrHl	Wake Me Up - Radio Edit	Avicii	18356	187	7	169	-13
