position	song_id	song_name	artist	streams	last_week_position	weeks_on_chart	peak_position	position_status
1	21jGcNKet2qwijlDFuPiPb	Circles	Post Malone	10186859	1	3	1	0
2	6EOKwHETwSkZ9gW2b6ASE0	Ransom	Lil Tecca	8132757	2	5	2	0
3	6Ozh9Ok6h4Oi1wUSLtBseN	BOP	DaBaby	7723114	nan	1	3	new
4	5qmq61DAAOUaW8AUo8xKhh	Truth Hurts	Lizzo	7437643	5	22	3	1
5	4sjiIpEv617LDXaidKioOI	223's (feat. 9lokknine)	YNW Melly	7206841	9	7	5	4
6	6vBdBCoOhKHiYDDOcorfNo	Goodbyes (Feat. Young Thug)	Post Malone	6707195	4	13	1	-2
7	0fySG6A6qLE8IvDpayb5bM	VIBEZ	DaBaby	6545748	nan	1	7	new
8	0RiRZpuVRbi7oqRdSMwhQY	Sunflower - Spider-Man: Into the Spider-Verse	Post Malone	6288477	8	3	8	0
9	05mDaV9Vb3wrzjF6OPZnhq	Saint-Tropez	Post Malone	6279002	3	3	3	-6
10	1000nHvUdawXuUHgBod4Wv	Panini	Lil Nas X	6173282	10	3	10	0
11	5Z8HZM6iQMhhqyPcCGY5g9	Hot (feat. Gunna)	Young Thug	6110168	16	7	11	5
12	7CZyCXKG6d5ALeq41sLzbw	Take What You Want (feat. Ozzy Osbourne & Travis Scott)	Post Malone	6079679	6	3	6	-6
13	6XHVuErjQ4XNm6nDPVCxVX	No Guidance (feat. Drake)	Chris Brown	6051178	11	14	6	-2
14	4sWuPniHClkInYAnzXAYUF	Camelot	NLE Choppa	6047000	14	3	14	0
15	77KMttn3Lic7ZQKDlPqp8v	INTRO	DaBaby	5946439	nan	1	15	new
16	7qEHsqek33rTcFNT9PFqLf	Someone You Loved	Lewis Capaldi	5842094	15	20	13	-1
17	7aiClxsDWFRQ0Kzk5KI5ku	hot girl bummer	blackbear	5834882	17	6	17	0
18	0Xek5rqai2jcOWCYWJfVCF	Enemies (feat. DaBaby)	Post Malone	5787755	7	3	6	-11
19	5ry2OE6R2zPQFDO85XkgRb	Money In The Grave (Drake ft. Rick Ross)	Drake	5711891	13	16	1	-6
20	6v3KW9xbzN5yKLt9YKDYA2	Señorita	Shawn Mendes	5675433	12	10	2	-8
21	5MPPttjfGap2C6j6eKcO6J	Baby (Lil Baby feat. DaBaby)	Quality Control	4652742	20	7	14	-1
22	2Fxmhks0bxGSBdJ92vM42m	bad guy	Billie Eilish	4600936	27	27	1	5
23	2gwkD6igEhQbDQegRCcdoB	Suge	DaBaby	4591862	26	27	4	3
24	3Yh9lZcWyKrK9GjbhuS0hR	Good as Hell	Lizzo	4516277	30	7	22	6
25	1CCDIow4pPYyJYzhtTUYz2	RAW SHIT (feat. Migos)	DaBaby	4478729	nan	1	25	new
26	2FvD20Z8aoWIePi7PoN8sG	TOES (feat. Lil Baby & Moneybagg Yo)	DaBaby	4436617	nan	1	26	new
27	7sWRlDoTDX8geTR8zzr2vt	Hollywood's Bleeding	Post Malone	4382539	18	3	10	-9
28	70eFcWOvlMObDhURTqT4Fv	Beautiful People (feat. Khalid)	Ed Sheeran	4357989	25	12	6	-3
29	51Fjme0JiitpyXKuyQiCDo	Lalala	Y2K	4291915	28	14	12	-1
30	3s4mrPrEFFPF0LmAfutW0n	The London (feat. J. Cole & Travis Scott)	Young Thug	4236356	19	7	8	-11
31	2b8fOow8UzyDFAE27YhOZM	Memories	Maroon 5	4200405	24	2	24	-7
32	6b2RcmUt1g9N9mQ3CbjX2Y	How Do You Sleep?	Sam Smith	4055493	31	11	10	-1
33	6V9fHiv84WlVTg7CSnIVY2	Graveyard	Halsey	3996683	38	3	18	5
34	2C6WXnmZ66tHhHlnvwePiK	Die For Me (feat. Future & Halsey)	Post Malone	3884144	22	3	12	-12
35	6alCTRgBPoeAFi2N4il9Q4	Did It Again	Lil Tecca	3875824	33	5	21	-2
36	3NkJNL3WqO1Lqc3uNDxvCN	Don’t Call Me Angel (Charlie’s Angels) (with Miley Cyrus & Lana Del Rey)	Ariana Grande	3848825	23	3	5	-13
37	1GeNui6m825V8jP4uKiIaH	Bad Bad Bad (feat. Lil Baby)	Young Thug	3841937	36	7	9	-1
38	4SDgTLDYrJ2UrHbkRkg7MD	Panini - DaBaby Remix	Lil Nas X	3762043	34	3	34	-4
39	7xQAfvXzm3AkraOtGPWIZg	Wow.	Post Malone	3727402	32	3	26	-7
40	12Fkyg9lpmaz2zmKOfw2Y2	On The Road (feat. Meek Mill & Lil Baby)	Post Malone	3701122	29	3	16	-11
41	0UPBidRYcgJ2mjZlk08V8x	F.N	Lil Tjay	3629528	46	8	41	5
42	0Ryd8975WihbObpp5cPW1t	boyfriend (with Social House)	Ariana Grande	3550902	35	9	2	-7
43	6uFn47ACjqYkc0jADwEdj1	Pop Out (feat. Lil Tjay)	Polo G	3515474	40	17	8	-3
44	7x9nXsowok1JszkVztI5NI	Writing on the Wall (feat. Post Malone & Cardi B)	French Montana	3435033	nan	1	44	new
45	0WoAkdHmgPmEXfiBox1flk	GOSPEL (feat. Chance The Rapper, Gucci Mane & YK Osiris)	DaBaby	3414316	nan	1	45	new
46	3e39X4Q74yJzsYUEeyf4ws	OFF THE RIP	DaBaby	3391720	nan	1	46	new
47	2TsD9kSbgYx5fSNRsoNURE	POP STAR (feat. Kevin Gates)	DaBaby	3362115	nan	1	47	new
48	0DZJACISivjWjscIp5Kg1q	Ransom (with Juice WRLD) - Remix	Lil Tecca	3328052	42	5	30	-6
49	67XyC1GdSkKb9sbRRkUDXS	Shotta Flow (Feat. Blueface) [Remix]	NLE Choppa	3298114	43	14	20	-6
50	1dGr1c8CrMLDpV6mPbImSI	Lover	Taylor Swift	3230937	41	6	1	-9
51	1rgnBhdG2JDFTbYkYRZAku	Dance Monkey	Tones And I	3221825	48	9	44	-3
52	5N1o6d8zGcSZSeMFkOUQOk	Hot Girl Summer (feat. Nicki Minaj & Ty Dolla $ign)	Megan Thee Stallion	3205597	44	8	8	-8
53	2zjGJ0dChMR0KxBZS15aqo	Baguettes in the Face (feat. NAV, Playboi Carti & A Boogie Wit da Hoodie)	Mustard	3174750	45	14	34	-8
54	2JvzF1RMd7lE3KmFlsyZD8	MIDDLE CHILD	J. Cole	3093259	51	37	1	-3
55	3GX2hFAekmSduZzcS52OnR	iPHONE (with Nicki Minaj)	DaBaby	3082822	nan	1	55	new
56	4LH1gsNA3wUS6QKkGZoJN8	XXL	DaBaby	3076771	nan	1	56	new
57	6TqXcAFInzjp0bODyvrWEq	Talk (feat. Disclosure)	Khalid	3076717	50	26	6	-7
58	4B7fTyj1FIPvP9tT5X3DnR	Behind Barz - Bonus	Drake	3065747	37	3	37	-21
59	7vxGCUPJhe0fXfBkwVPFcP	REALLY (feat. Stunna 4 Vegas)	DaBaby	3059852	nan	1	59	new
60	2J0NXdHr6MYvKDSxB7k3V2	A Thousand Bad Times	Post Malone	2956538	39	3	20	-21
61	7LzouaWGFCy4tkXDOOnEyM	Liar	Camila Cabello	2840665	47	4	39	-14
62	6RRNNciQGZEXnqk8SQ9yv5	You Need To Calm Down	Taylor Swift	2812605	54	6	8	-8
63	0hVXuCcriWRGvwMV1r5Yn9	I Don't Care (with Justin Bieber)	Ed Sheeran	2752713	57	12	9	-6
64	3TLwAp3uX1nKsVxrDhNPOL	Love Me	Lil Tecca	2736140	56	5	32	-8
65	6moU77g9RQyMzHNuKEaQKq	It's You	Ali Gatie	2708483	59	16	17	-6
66	0O7mJ0noFBLn8MMUJrFaF1	PROLLY HEARD	DaBaby	2701709	nan	1	66	new
67	0rFQ5cKYJ9WtHSKp9sxVYt	Heartless (feat. Morgan Wallen)	Diplo	2698888	62	7	62	-5
68	5hDAT527wXWNBnJlujhuUs	Stuck In A Dream (feat. Gunna)	Lil Mosey	2692069	88	2	68	20
69	78QR3Wp35dqAhFEc2qAGjE	Drip Too Hard (Lil Baby & Gunna)	Lil Baby	2657072	63	52	1	-6
70	1wJRveJZLSb1rjhnUHQiv6	Swervin (feat. 6ix9ine)	A Boogie Wit da Hoodie	2650044	61	41	7	-9
71	0rIAC4PXANcKmitJfoqmVm	Motivation	Normani	2641291	55	7	26	-16
72	2IRZnDFmlqMuOrYOLnZZyc	Going Bad (feat. Drake)	Meek Mill	2632574	60	44	2	-12
73	2YpeDb67231RjR0MgVLzsG	Old Town Road - Remix	Lil Nas X	2626797	64	10	16	-9
74	4fwo6czG5nvOQMzhOto1ya	Lonely (with Jonas Brothers)	Diplo	2626520	nan	1	74	new
75	4hPpVbbakQNv8YTHYaOJP4	One Thing Right	Marshmello	2595382	65	15	15	-10
76	4a6q8CR2hzLk2plDkSxkfD	I.F.L.Y.	Bazzi	2548781	71	8	28	-5
77	2xLMifQCjDGFmkHkpNLD9h	SICKO MODE	Travis Scott	2542430	66	61	1	-11
78	0rKtyWc8bvkriBthvHKY8d	SLOW DANCING IN THE DARK	Joji	2538119	74	48	41	-4
79	7eBqSVxrzQZtK2mmgRG6lC	Murder On My Mind	YNW Melly	2537066	70	54	4	-9
80	5KBARWIxeMGkvUax9VtVC9	My Type	Saweetie	2528965	68	13	44	-12
81	0pegcONe6MuDQRoPCtCBRf	THERE HE GO	DaBaby	2524288	nan	1	81	new
82	1ckLp8lCl8LipXI0ypX72m	I'm Gonna Be	Post Malone	2518703	49	3	27	-33
83	5hVghJ4KaYES3BFUATCYn0	EARFQUAKE	Tyler, The Creator	2515592	67	20	1	-16
84	00ko9WaS4jOX1kEk3gvHjf	Hot Shower	Chance the Rapper	2492566	79	10	10	-5
85	3XiNC94b4Tq1xwv70sQJGN	Sanguine Paradise	Lil Uzi Vert	2479478	69	26	6	-16
86	43zdsphuZLzwA9k4DJhU0I	when the party's over	Billie Eilish	2479037	89	27	5	3
87	285pBltuF7vW8TeWk8hdRR	Lucid Dreams	Juice WRLD	2464541	73	43	11	-14
88	0u2P5u6lvoDfwTYjAADbn4	lovely (with Khalid)	Billie Eilish	2458427	83	54	24	-5
89	1YscJ7yVTlFxW3eF6pv5ba	Allergic	Post Malone	2445271	52	3	33	-37
90	2TH65lNHgvLxCKXM3apjxI	Callaita	Bad Bunny	2409871	75	18	41	-15
91	3QzAOrNlsabgbMwlZt7TAY	Ballin' (with Roddy Ricch)	Mustard	2407785	90	9	90	-1
92	0c7K73roy6RW4ebDkf4yGh	VALENTINO	24kGoldn	2396165	143	3	92	51
93	6wo37KVqFJhtuxPTpLCcfe	Takeaway (feat. Lennon Stella)	The Chainsmokers	2366045	77	10	18	-16
94	7rvyVWja33WG9R97oeJAjx	Envy Me	Calboy	2361266	78	18	29	-16
95	5aUSEPNd3m5xliFK4pn5mU	Good Thing (with Kehlani)	Zedd	2360871	nan	1	95	new
96	5KE9b4x7Zj2A8XtbkqhqTe	Staring At The Sun (feat. SZA)	Post Malone	2347117	53	3	34	-43
97	44ADyYoY5liaRa3EOAl4uf	Slide Away	Miley Cyrus	2322875	58	7	22	-39
98	2rMAtCaTj16NptyVfEIeAC	Cash Shit (feat. DaBaby)	Megan Thee Stallion	2292488	76	14	69	-22
99	322tcqPhma7F6hfCeLisx0	fuck, i'm lonely	Lauv	2283856	72	9	31	-27
100	0e7ipj03S05BNilyu5bRzt	rockstar (feat. 21 Savage)	Post Malone	2260219	91	75	9	-9
101	6ocbgoVGwYJhOv1GgI9NsF	7 rings	Ariana Grande	2258656	87	34	1	-14
102	6zeeWid2sgw4lap2jV61PZ	Better	Khalid	2251704	92	49	10	-10
103	3j84U36KvLeXNDPv4t5pI8	Pure Water (with Migos)	Mustard	2239936	86	14	38	-17
104	7dt6x5M1jzdTEt8oCbisTK	Better Now	Post Malone	2200740	95	75	1	-9
105	7FGq80cy8juXBCD2nrqdWU	Eastside (with Halsey & Khalid)	benny blanco	2181742	97	43	25	-8
106	3GJ4hzg4lrGwU51Y3VARbF	Speechless	Dan + Shay	2180708	98	61	84	-8
107	22vgEDb5hykfaTwLuskFGD	Sucker	Jonas Brothers	2167182	94	17	10	-13
108	5xjei7JnROsAzLY2a7RdZU	Shots	Lil Tecca	2163582	80	5	35	-28
109	3WyRgi8CzQnhzO0xw79tTS	Goin Baby	DaBaby	2158649	107	24	67	-2
110	2dpaYNEQHiRxtZbfNsse99	Happier	Marshmello	2150894	101	59	8	-9
111	6Hj9jySrnFppAI0sEMCZpJ	Robbery	Juice WRLD	2132608	100	30	3	-11
112	2ksOAxtIxY8yElEWw8RhgK	China	Anuel AA	2121749	93	11	25	-19
113	0k664IuFwVP557Gnx7RhIl	Juice	Lizzo	2084921	106	24	71	-7
114	2bT1PH7Cw3J9p3t7nlXCdh	If I Can't Have You	Shawn Mendes	2070234	99	10	32	-15
115	0fea68AdmYNygeTGI4RC18	LA CANCIÓN	J Balvin	2059144	108	14	43	-7
116	26wLOs3ZuHJa2Ihhx6QIE6	Teeth	5 Seconds of Summer	2044825	84	6	66	-32
117	3ee8Jmje8o58CHK66QrVC2	SAD!	XXXTENTACION	2037388	114	81	1	-3
118	5WnfnSpuNEGXyEt78PBA6d	Costa Rica (with Bas & JID feat. Guapdad 4000, Reese LAFLARE, Jace, Mez, Smokepurpp, Buddy & Ski Mask The Slump God)	Dreamville	2026876	109	13	31	-9
119	75ZvA4QfFiZvzhj2xkaWAh	I Fall Apart	Post Malone	2025591	123	107	2	4
120	7f1zjZG77S891Uv4O68yfk	Baby Sitter (feat. Offset)	DaBaby	2024567	85	21	61	-35
121	2rxQMGVafnNaRaXlRMWPde	Beautiful Crazy	Luke Combs	1995627	122	65	61	1
122	6gBFPUFcJLzWGx4lenP6h2	goosebumps	Travis Scott	1978232	118	144	16	-4
123	2cvOfKHOHgwQlLiuLKP2xR	Myself	Post Malone	1976913	81	3	48	-42
124	4hanO6Du5J7QEguNHYZHmw	Daddy (feat. Rich The Kid)	Blueface	1974905	124	8	75	0
125	6foY66mWZN0pSRjZ408c00	Whiskey Glasses	Morgan Wallen	1961827	128	29	66	3
126	0Rx0DJI556Ix5gBny6EWmn	Paradise	Bazzi	1937776	116	8	57	-10
127	5p7ujcrUXASCNwRaWNHR1C	Without Me	Halsey	1932869	125	52	5	-2
128	6oJ6le65B3SEqPwMRNXWjY	Higher Love	Kygo	1931267	117	14	28	-11
129	0BOmhToQ03yOdpzYKMEnAg	Baby Birkin	Gunna	1898982	120	8	113	-9
130	4cTm3Ev9bUvy4ChJjB1nhl	Juicy	Doja Cat	1860562	126	4	126	-4
131	1kK6DwzyXJSp58u5HYWwuD	Go Loko (feat. Tyga, Jon Z)	YG	1860194	113	19	17	-18
132	7m9OqQk4RVRkw9JJdeAw96	Jocelyn Flores	XXXTENTACION	1852371	137	110	3	5
133	0y675KDleCZEudjoeL1sQQ	Feelings	Lauv	1832997	102	2	102	-31
134	3Ol2xnObFdKV9pmRD2t9x8	Look Back at It	A Boogie Wit da Hoodie	1832775	132	41	9	-2
135	4R8BJggjosTswLxtkw8V7P	No Me Conoce - Remix	Jhay Cortez	1829804	133	16	119	-2
136	6cjSh516BbrNUs213jDAGm	Graduation (with Juice WRLD)	benny blanco	1817768	103	5	39	-33
137	2Rk4JlNc2TPmZe2af99d45	ME! (feat. Brendon Urie of Panic! At The Disco)	Taylor Swift	1813461	129	6	23	-8
138	7zLYKWcXnYeHHWidalz7rj	Noticed	Lil Mosey	1807557	138	14	134	0
139	0JP9xo3adEtGSdUEISiszL	Moonlight	XXXTENTACION	1805140	141	81	3	2
140	2tnVG71enUj33Ic2nFN6kZ	Ride It	Regard	1803812	146	2	140	6
141	3npzogdOEiVsieXmmhBepL	The Bones	Maren Morris	1802031	140	19	60	-1
142	3e9HZxeyfWwjeyPAMmWSSQ	thank u, next	Ariana Grande	1800563	135	34	7	-7
143	6CcJMwBtXByIz4zQLzFkKc	i love you	Billie Eilish	1793649	184	27	17	41
144	2xE16muNCmhZwSOv3i1d1H	Mood Swings	A Boogie Wit da Hoodie	1792763	104	3	57	-40
145	6b2mfHMqWCA74XmUuVJm8r	I Know	Post Malone	1792023	96	3	54	-49
146	2t8yVaLvJ0RenpXUIAC52d	a lot	21 Savage	1788700	136	41	7	-10
147	6kyT7ubem08Egg9a8f77OL	Self Control	YoungBoy Never Broke Again	1784362	144	4	114	-3
148	4SSnFejRGlZikf02HLewEF	bury a friend	Billie Eilish	1779740	157	27	4	9
149	43rA71bccXFGD4C8GOpIlN	I Forgot That You Existed	Taylor Swift	1773319	111	6	5	-38
150	6PYnUsNEpYC7A4BS2sjw3L	Right Back (feat. A Boogie Wit Da Hoodie)	Khalid	1766169	119	9	68	-31
151	5rU6kDNXZLXIinFezpbWbO	Tap (feat. Meek Mill)	NAV	1754013	134	22	50	-17
152	1BxfuPKGuaTgP7aM0Bbdwr	Cruel Summer	Taylor Swift	1748874	110	6	4	-42
153	42fw0rxRO2xbesF6mJfd4Y	Tequila	Dan + Shay	1744608	154	65	60	1
154	6MF4tRr5lU8qok8IKaFOBE	Under The Sun (with J. Cole & Lute feat. DaBaby)	Dreamville	1722325	127	9	15	-27
155	6K4t31amVTZDgR3sKmwUJJ	The Less I Know The Better	Tame Impala	1718319	171	5	155	16
156	7GX5flRQZVHRAGd6B4TmDO	XO Tour Llif3	Lil Uzi Vert	1714510	149	110	2	-7
157	25AEevSO1lu4EKMIP5Sy5p	By My Lonely	Kevin Gates	1699302	nan	1	157	new
158	3RauEVgRgj1IuWdJ9fDs70	The Man	Taylor Swift	1692310	121	6	3	-37
159	4ZT9FnbFu1PaBfV3itxiqT	I	Lil Skies	1684928	150	31	16	-9
160	4VXIryQMWpIdGgYR4TrjT1	All Girls Are The Same	Juice WRLD	1683607	153	43	66	-7
161	6vN77lE9LK6HP2DewaN6HZ	Yes Indeed	Lil Baby	1679766	156	72	2	-5
162	6Qs4SXO9dwPj5GKvVOv8Ki	Dancing With A Stranger (with Normani)	Sam Smith	1676366	152	38	12	-10
163	0FZ4Dmg8jJJAPJnvBIzD9z	ZEZE (feat. Travis Scott & Offset)	Kodak Black	1663086	148	42	4	-15
164	1c0hsvHLELX6y8qymnpLKL	Soltera - Remix	Lunay	1662082	151	17	60	-13
165	4hbcs8vaamKTPevPIJsY7N	Satish	Tee Grizzley	1659501	82	2	82	-83
166	5kfNriitmkNE8mUbZ7gbq8	Saturday Nights	Khalid	1659152	159	49	14	-7
167	1ThmUihH9dF8EV08ku5AXN	Faucet Failure	Ski Mask The Slump God	1656544	155	43	27	-12
168	3UYiU57SMiAS5LqolhHJw1	Shameless	Camila Cabello	1652624	130	4	63	-38
169	7AQim7LbvFVZJE3O8TYgf2	Fuck Love (feat. Trippie Redd)	XXXTENTACION	1648706	170	110	8	1
170	6kls8cSlUyHW2BUOkDJIZE	Hate Me (with Juice WRLD)	Ellie Goulding	1633864	158	14	51	-12
171	5dW1VZPcFqB4n0P08rGDgm	The Git Up	Blanco Brown	1629168	147	16	34	-24
172	2iUXsYOEPhVqEBwsqP70rE	Youngblood	5 Seconds of Summer	1629146	160	68	17	-12
173	1rqqCSm0Qe4I9rUvWncaom	High Hopes	Panic! At The Disco	1628239	164	67	13	-9
174	36orMWv2PgvnzXsd5CJ0yL	Post Malone (feat. RANI)	Sam Feldt	1624655	142	7	135	-32
175	2VxeLyX666F8uXCJ0dZF8B	Shallow	Lady Gaga	1620439	169	52	10	-6
176	3A2yGHWIzmGEIolwonU69h	Act Up	City Girls	1620027	162	26	66	-14
177	4Of7rzpRpV1mWRbhp5rAqG	Bruises	Lewis Capaldi	1619149	188	3	177	11
178	3a1lNhkSLSkpJE4MSHpDu9	Congratulations	Post Malone	1616275	168	144	5	-10
179	0DiDStADDVh3SvAsoJAFMk	Only Human	Jonas Brothers	1613965	167	17	12	-12
180	0KAzP1Rbp0Vz5pw8i1KDDI	Internet	Post Malone	1611386	112	3	59	-68
181	2P91MQbaiQOfbiz9VqhqKQ	I Like Me Better	Lauv	1602834	165	68	79	-16
182	1SNiXDwSilLujcYdvfqVpT	Call You Mine	The Chainsmokers	1597749	177	6	149	-5
183	3Fj47GNK2kUF0uaEDgXLaD	wish you were gay	Billie Eilish	1596712	197	27	3	14
184	7nfmK6oHPDlAd68A11d7AN	Beer Never Broke My Heart	Luke Combs	1595890	161	13	85	-23
185	5qrSlOut2rNAWv3ubArkNy	Be Alright	Dean Lewis	1593084	174	20	87	-11
186	4u7EnebtmKWzUH433cf5Qv	Bohemian Rhapsody - 2011 Mix	Queen	1588971	176	28	76	-10
187	3AEgic4yp82NxMWUjHtxnO	Uno	Ambjaay	1586817	131	13	79	-56
188	6IRdLKIyS4p7XNiP8r6rsx	all the good girls go to hell	Billie Eilish	1583584	172	16	8	-16
189	4ak7xjvBeBOcJGWFDX9w5n	Rodeo	Lil Nas X	1577300	163	15	9	-26
190	2uIX8YMNjGMD7441kqyyNU	ocean eyes	Billie Eilish	1571158	196	57	78	6
191	4OBZT9EnhYIV17t4pGw7ig	Best Part (feat. Daniel Caesar)	H.E.R.	1567017	186	65	68	-5
192	3swc6WTsr7rl9DqQKQA55C	Psycho (feat. Ty Dolla $ign)	Post Malone	1557089	179	75	2	-13
193	643PW82aBMUa1FiWi5VQY7	Babushka Boi	A$AP Rocky	1554992	139	5	26	-54
194	7sO5G9EABYOXQKNPNiE9NR	Ric Flair Drip (& Metro Boomin)	Offset	1551335	175	100	4	-19
195	4e4fqjx0Izh4svvTef1z7e	Meant to Be (feat. Florida Georgia Line)	Bebe Rexha	1549142	173	67	44	-22
196	5wujBwqG7INdStqGd4tRMX	Armed And Dangerous	Juice WRLD	1544661	182	42	24	-14
197	5PYQUBXc7NYeI1obMKSJK0	Never Really Over	Katy Perry	1540472	181	18	10	-16
198	0TlLq3lA83rQOYtrqBqSct	Nonstop	Drake	1539630	180	63	5	-18
199	0W45ni3uikr9z0vPjlBIDw	Playing Games	Summer Walker	1530463	nan	1	199	new
200	14mHfNsSHN0FbLftyjrV9g	Leave Me Alone	Flipp Dinero	1530336	185	57	10	-15
