position	song_id	song_name	artist	streams	last_week_position	weeks_on_chart	peak_position	position_status
1	4y3OI86AEP6PQoDE6olYhO	Sucker	Jonas Brothers	15564538	nan	1	1	new
2	6ocbgoVGwYJhOv1GgI9NsF	7 rings	Ariana Grande	10794923	1	4	1	-1
3	2JvzF1RMd7lE3KmFlsyZD8	MIDDLE CHILD	J. Cole	10268456	3	7	1	0
4	7eBqSVxrzQZtK2mmgRG6lC	Murder On My Mind	YNW Melly	9916313	6	24	4	2
5	7dbka99KTWke5o9hRp0JoB	Sunflower - Spider-Man: Into the Spider-Verse	Post Malone	9624645	5	2	5	0
6	4kV4N9D1iKVxx1KLvtTpjS	break up with your girlfriend, i'm bored	Ariana Grande	9596167	2	4	1	-4
7	44ShclXTOOnYtt5CnCDeGV	Robbery	Juice WRLD	9364059	7	3	6	0
8	6MWtB6iiXyIwun0YzU6DFP	Wow.	Post Malone	9350302	4	11	2	-4
9	2IRZnDFmlqMuOrYOLnZZyc	Going Bad (feat. Drake)	Meek Mill	7855022	8	14	2	-1
10	2VxeLyX666F8uXCJ0dZF8B	Shallow	Lady Gaga	6764366	11	22	10	1
11	2t8yVaLvJ0RenpXUIAC52d	a lot	21 Savage	6723155	9	11	7	-2
12	3oh6SCCeLuXhFpEyepla6G	Thotiana	Blueface	6410390	10	9	9	-2
13	0rTV5WefWd1J3OwIheTzxM	Talk	Khalid	6185488	14	4	13	1
14	78QR3Wp35dqAhFEc2qAGjE	Drip Too Hard (Lil Baby & Gunna)	Lil Baby	6157441	13	22	1	-1
15	1wJRveJZLSb1rjhnUHQiv6	Swervin (feat. 6ix9ine)	A Boogie Wit da Hoodie	5944620	18	11	15	3
16	4ZT9FnbFu1PaBfV3itxiqT	I	Lil Skies	5934083	nan	1	16	new
17	3e9HZxeyfWwjeyPAMmWSSQ	thank u, next	Ariana Grande	5825536	12	4	7	-5
18	63cd4JkwGgYJrbOizbfmsp	Pure Water (with Migos)	Mustard	5759537	15	7	15	-3
19	2xLMifQCjDGFmkHkpNLD9h	SICKO MODE	Travis Scott	5510628	17	31	1	-2
20	3Ol2xnObFdKV9pmRD2t9x8	Look Back at It	A Boogie Wit da Hoodie	5242698	21	11	9	1
21	0PG9fbaaHFHfre2gUVo7AN	Please Me	Cardi B	5193922	32	3	15	11
22	4NzMOnvSJVNKF7nw5NkXIP	bury a friend	Billie Eilish	5184731	16	6	3	-6
23	5p7ujcrUXASCNwRaWNHR1C	Without Me	Halsey	5178223	20	22	5	-3
24	0FZ4Dmg8jJJAPJnvBIzD9z	ZEZE (feat. Travis Scott & Offset)	Kodak Black	4992132	24	12	4	0
25	2dpaYNEQHiRxtZbfNsse99	Happier	Marshmello	4956696	25	29	8	0
26	6Qs4SXO9dwPj5GKvVOv8Ki	Dancing With A Stranger (with Normani)	Sam Smith	4835336	28	8	12	2
27	1WSGTYKLEpKfNQYYW5Oymt	I Can’t Get Enough (benny blanco, Selena Gomez, J Balvin, Tainy)	benny blanco	4609735	nan	1	27	new
28	6vWEAOUSxohKxhp0K1BsxL	Mixed Personalities (feat. Kanye West)	YNW Melly	4564352	43	7	28	15
29	1xzBco0xcoJEDXktl7Jxrr	Mo Bamba	Sheck Wes	4491026	29	22	1	0
30	7COXchtUOMd6uIT6HvmRaI	i'm so tired...	Lauv	4444834	31	6	23	1
31	5UYK9MervBCROg8AHNeEIy	Hear Me Calling	Juice WRLD	4428208	nan	1	31	new
32	285pBltuF7vW8TeWk8hdRR	Lucid Dreams	Juice WRLD	4411008	33	13	11	1
33	6zeeWid2sgw4lap2jV61PZ	Better	Khalid	4280354	36	19	12	3
34	4TWflhgevIGo448fWc6mQq	Red Room	Offset	4275715	22	2	22	-12
35	5wujBwqG7INdStqGd4tRMX	Armed And Dangerous	Juice WRLD	4247258	35	13	24	0
36	4SPu0Ql902hTVXkBoNIYtq	NASA	Ariana Grande	4100417	23	4	3	-13
37	7FGq80cy8juXBCD2nrqdWU	Eastside (with Halsey & Khalid)	benny blanco	4046579	37	13	25	0
38	2G1tXoGBaEMJ7FKGnkf6ud	Wake Up in the Sky	Gucci Mane	4039403	40	13	13	2
39	2GGMabyHXnJmjY6CXhhB2e	Money	Cardi B	3978680	39	20	17	0
40	1TEL6MlSSVLSdhOSddidlJ	needy	Ariana Grande	3933500	26	4	4	-14
41	6ZRuF2n1CQxyxxAAWsKJOy	Nights Like This (feat. Ty Dolla $ign)	Kehlani	3873079	30	2	30	-11
42	4txc3txsIt81diMzGhrVPS	wish you were gay	Billie Eilish	3851469	nan	1	42	new
43	7dt6x5M1jzdTEt8oCbisTK	Better Now	Post Malone	3833562	42	45	1	-1
44	3ee8Jmje8o58CHK66QrVC2	SAD!	XXXTENTACION	3805638	44	51	1	0
45	7pMRoGLEJuFM2wl5pt0R99	Legacy (feat. Travis Scott & 21 Savage)	Offset	3758949	19	2	19	-26
46	6Z4rmc0uujCpl8yXe3yjgI	Whip (feat. Travis Scott)	2 Chainz	3758393	nan	1	46	new
47	14mHfNsSHN0FbLftyjrV9g	Leave Me Alone	Flipp Dinero	3715989	41	27	10	-6
48	0hCHNYL8ApQCGNwJrYN1FY	Bad Girls (feat. Gucci Mane)	Lil Skies	3681385	nan	1	48	new
49	05t7JMip6JrLuSrMV5yYjX	Envy Me	Calboy	3509752	50	10	49	1
50	0JP9xo3adEtGSdUEISiszL	Moonlight	XXXTENTACION	3499425	47	51	3	-3
51	79OEIr4J4FHV0O3KrhaXRb	Splashin	Rich The Kid	3440177	46	12	30	-5
52	5kfNriitmkNE8mUbZ7gbq8	Saturday Nights	Khalid	3400017	52	19	14	0
53	7EQpvVujgytLVY8vKiDHAg	bad idea	Ariana Grande	3334026	27	4	5	-26
54	0mfCH4nfpshBQR9ueZP5eP	Girls Need Love (with Drake) - Remix	Summer Walker	3296237	nan	1	54	new
55	1NJcg626wLln4pGHpiV7mf	lovely	Billie Eilish	3207628	59	13	36	4
56	2hloaUoRonYssMuqLCBLTX	bloodline	Ariana Grande	3192447	34	4	6	-22
57	14JzyD6FlBD5z0wV5P07YI	when the party's over	Billie Eilish	3186157	60	21	12	3
58	1R6VwZ8TuHRzxZUxe88n4I	Rule The World (feat. Ariana Grande)	2 Chainz	3169156	nan	1	58	new
59	39LmTF9RgyakzSYX8txrow	imagine	Ariana Grande	3164428	38	4	13	-21
60	1fewSx2d5KIZ04wsooEBOz	Space Cadet (feat. Gunna)	Metro Boomin	3083917	53	16	37	-7
61	1rqqCSm0Qe4I9rUvWncaom	High Hopes	Panic! At The Disco	3069558	57	37	13	-4
62	7tFiyTwD0nx5a1eklYtX2J	Bohemian Rhapsody - 2011 Mix	Queen	3040109	62	19	42	0
63	0i0wnv9UoFdZ5MfuFGQzMy	Last Hurrah	Bebe Rexha	2963778	90	3	63	27
64	2qxmye6gAegTMjLKEBoR3d	Let Me Down Slowly	Alec Benjamin	2935712	72	8	49	8
65	11cDEev79fPKi6uJCjUhu8	Who Do You Love	The Chainsmokers	2929277	51	4	33	-14
66	0e7ipj03S05BNilyu5bRzt	rockstar (feat. 21 Savage)	Post Malone	2927721	66	45	9	0
67	577YBGuskWkVDCxZrLRB4v	Pure Cocaine	Lil Baby	2904391	65	14	52	-2
68	7m9OqQk4RVRkw9JJdeAw96	Jocelyn Flores	XXXTENTACION	2890238	67	80	3	-1
69	0jAfdqv18goRTUxm3ilRjb	Startender (feat. Offset and Tyga)	A Boogie Wit da Hoodie	2886263	54	11	17	-15
70	1ThmUihH9dF8EV08ku5AXN	Faucet Failure	Ski Mask The Slump God	2877917	95	13	68	25
71	116H0KvKr2Zl4RPuVBruDO	MIA (feat. Drake)	Bad Bunny	2869577	63	21	2	-8
72	25sgk305KZfyuqVBQIahim	Sweet but Psycho	Ava Max	2858177	71	22	36	-1
73	3wFLWP0FcIqHK1wb1CPthQ	fake smile	Ariana Grande	2833688	45	4	8	-28
74	5w9c2J52mkdntKOmRLeM2m	Con Calma	Daddy Yankee	2829934	58	4	58	-16
75	2MShy1GSSgbmGUxADNIao5	Calling My Spirit	Kodak Black	2818520	77	12	31	2
76	5IaHrVsrferBYDm0bDyABy	Taste (feat. Offset)	Tyga	2743732	73	42	4	-3
77	0TlLq3lA83rQOYtrqBqSct	Nonstop	Drake	2735034	68	33	5	-9
78	4VXIryQMWpIdGgYR4TrjT1	All Girls Are The Same	Juice WRLD	2711728	81	13	66	3
79	58q2HKrzhC3ozto2nDdN4z	I Like It	Cardi B	2685307	74	48	3	-5
80	6IAgarq2wDeYzpsY2Kx0Hw	Almeda	Solange	2663610	nan	1	80	new
81	6UTmrvq4nRmx1iQ6iMd1FD	Almost (Sweet Music)	Hozier	2658583	nan	1	81	new
82	3EPXxR3ImUwfayaurPi3cm	Be Alright	Dean Lewis	2631099	82	32	31	0
83	75ZvA4QfFiZvzhj2xkaWAh	I Fall Apart	Post Malone	2626496	79	77	2	-4
84	6JQvHMSaR8flFsN53ypOfP	Noticed	Lil Mosey	2610909	78	20	23	-6
85	6vN77lE9LK6HP2DewaN6HZ	Yes Indeed	Lil Baby	2606963	83	42	2	-2
86	2pMl9Sx4glsuk5ikZtFBtX	Old Town Road	Lil Nas X	2590255	nan	1	86	new
87	1JkrD47SDpAbyvqKtolcea	Thotiana (feat. Cardi B, YG) [Remix]	Blueface	2584359	145	2	87	58
88	7sO5G9EABYOXQKNPNiE9NR	Ric Flair Drip (& Metro Boomin)	Offset	2545723	94	71	4	6
89	3swc6WTsr7rl9DqQKQA55C	Psycho (feat. Ty Dolla $ign)	Post Malone	2536131	84	45	2	-5
90	40T5GIqQ1CegGm2PTEl8Bu	idontwannabeyouanymore	Billie Eilish	2498560	92	13	48	2
91	4lD7gHKF1e8Y9stQuVezZB	ghostin	Ariana Grande	2493476	48	4	9	-43
92	4w8niZpiMy6qz1mntFA5uM	Taki Taki (with Selena Gomez, Ozuna & Cardi B)	DJ Snake	2442094	88	23	7	-4
93	7AQim7LbvFVZJE3O8TYgf2	Fuck Love (feat. Trippie Redd)	XXXTENTACION	2437210	89	80	8	-4
94	7jKUnzzOGhAlPjr7LkIUlE	Momma I Hit A Lick (feat. Kendrick Lamar)	2 Chainz	2427750	nan	1	94	new
95	74lnM5V6ecvoTPV0fvptx9	Nuketown (feat. Juice WRLD)	Ski Mask The Slump God	2416140	87	14	18	-8
96	2iUXsYOEPhVqEBwsqP70rE	Youngblood	5 Seconds of Summer	2392988	96	38	17	0
97	5WHTFyqSii0lmT9R21abT8	Don't Call Me Up	Mabel	2343906	76	4	76	-21
98	25F6MWrnFBCXVnpN4n76EK	Keanu Reeves	Logic	2333745	69	7	13	-29
99	1KVczjazCcCCgM3gXXUl47	Roses (with Juice WRLD feat. Brendon Urie)	benny blanco	2331580	98	13	46	-1
100	5W83ErFkO3aKAIS1WMi6u0	Secreto	Anuel AA	2317922	108	7	92	8
101	4mGdjNMo0RonTlOEb7cYg4	11 Minutes (with Halsey feat. Travis Barker)	YUNGBLUD	2305087	56	3	46	-45
102	5T8EDUDqKcs6OSOwEsfqG7	Don't Stop Me Now - 2011 Mix	Queen	2299092	109	14	102	7
103	0Goo25lbtpwor5vb0K2r21	Nowadays Pt. 2 (feat. Landon Cube)	Lil Skies	2295040	nan	1	103	new
104	4qKcDkK6siZ7Jp1Jb4m0aL	Look Alive (feat. Drake)	BlocBoy JB	2277046	97	56	3	-7
105	4OBZT9EnhYIV17t4pGw7ig	Best Part (feat. Daniel Caesar)	H.E.R.	2273606	86	40	68	-19
106	6DCZcSspjsKoFjzjrWoCdn	God's Plan	Drake	2255240	103	33	16	-3
107	67fNrBUMc7iWMofdCaoJV9	Bleed It	Blueface	2245981	85	7	85	-22
108	4T652DlATVHe0jdLKaN3Bw	in my head	Ariana Grande	2229800	61	4	14	-47
109	0AluA5RNsa4Cx6XRhf2hWZ	10 Freaky Girls (with 21 Savage)	Metro Boomin	2212113	100	16	22	-9
110	5274I4mUMnYczyeXkGDWZN	Fine China	Future	2211329	107	20	6	-3
111	7AFASza1mXqntmGtbxXprO	changes	XXXTENTACION	2211106	110	51	7	-1
112	68r3esIMdWpIeZqWZQDnfY	Burnin' Up	Jonas Brothers	2203498	nan	1	112	new
113	5JEx7HbmvHQQswJCsoo9rA	Close To Me (with Diplo) (feat. Swae Lee)	Ellie Goulding	2198407	105	19	33	-8
114	3oDkdAySo1VQQG0ptV7uwa	Lean Wit Me	Juice WRLD	2190192	111	13	79	-3
115	7lAK3oHbfEnvUQWosrMMpR	YOSEMITE	Travis Scott	2170635	75	31	7	-40
116	2P91MQbaiQOfbiz9VqhqKQ	I Like Me Better	Lauv	2170246	115	39	79	-1
117	7uH27oIt4a6cIFCA8ZPcyG	Baila Baila Baila	Ozuna	2161582	112	5	112	-5
118	1HY7Ze0NWqDJkl4g4MV62Q	Look What God Gave Her	Thomas Rhett	2125097	nan	1	118	new
119	51NFxnQvaosfDDutk0tams	bellyache	Billie Eilish	2112280	129	18	49	10
120	7GX5flRQZVHRAGd6B4TmDO	XO Tour Llif3	Lil Uzi Vert	2112033	123	80	2	3
121	2uIX8YMNjGMD7441kqyyNU	ocean eyes	Billie Eilish	2109074	126	27	78	5
122	0rKtyWc8bvkriBthvHKY8d	SLOW DANCING IN THE DARK	Joji	2107735	146	18	41	24
123	3a1lNhkSLSkpJE4MSHpDu9	Congratulations	Post Malone	2081564	122	114	5	-1
124	6PXhPHhZy1MpxuTNA1Ad4L	Stop the Madness (feat. Gunna)	Lil Skies	2077416	nan	1	124	new
125	6PfI6EeLNiNGVAVg11nv7D	Speed It Up	Gunna	2072665	55	2	55	-70
126	04MLEeAMuV9IlHEsD8vF6A	No Stylist	French Montana	2053123	113	24	21	-13
127	4NBTZtAt1F13VvlSKe6KTl	This Feeling	The Chainsmokers	2041308	117	11	104	-10
128	2rxQMGVafnNaRaXlRMWPde	Beautiful Crazy	Luke Combs	2040192	121	35	109	-7
129	4VUwkH455At9kENOfzTqmF	Beautiful (feat. Camila Cabello)	Bazzi	2036880	104	31	30	-25
130	62vpWI1CHwFy7tMIcSStl8	No Role Modelz	J. Cole	2025033	120	89	71	-10
131	40wyhIkaVvuZUAbAiTOkHI	High Top Versace (feat. Young Thug)	2 Chainz	2017337	nan	1	131	new
132	6gBFPUFcJLzWGx4lenP6h2	goosebumps	Travis Scott	2005148	136	114	16	4
133	4e4fqjx0Izh4svvTef1z7e	Meant to Be (feat. Florida Georgia Line)	Bebe Rexha	1992514	133	37	44	0
134	7pdF27mSDuPWhppnHAmWHa	whoa (mind in awe)	XXXTENTACION	1989915	119	13	2	-15
135	42fw0rxRO2xbesF6mJfd4Y	Tequila	Dan + Shay	1986528	142	35	60	7
136	2qT1uLXPVPzGgFOx4jtEuo	no tears left to cry	Ariana Grande	1981046	116	29	18	-20
137	6NGeKy2lLt86dxDjJAtBFk	Breathe	Lil Skies	1979194	nan	1	137	new
138	22An65gG31JLf9n18qjdhZ	BAD!	XXXTENTACION	1976317	125	13	5	-13
139	6Ur6u4Ici7NYBiuGEEkNMP	Flooded	Lil Skies	1923839	nan	1	139	new
140	7fa9MBXhVfQ8P8Df9OEbD8	Girls Like You (feat. Cardi B)	Maroon 5	1905410	135	38	9	-5
141	27356GVuMPFWiJSZCragoM	make up	Ariana Grande	1895747	80	4	16	-61
142	5Z3GHaZ6ec9bsiI5BenrbY	Young Dumb & Broke	Khalid	1884237	152	99	6	10
143	11p2ty4w5GpoFL4vcK0Cru	Name in the Sand	Lil Skies	1882756	nan	1	143	new
144	0dWYd84A57fPNoxv8OFwCD	Hide (feat. Seezyn)	Juice WRLD	1875060	169	2	144	25
145	5qu3j7Ou6LyQFSU9N7Sb5x	4 Phones	Rich The Kid	1872298	nan	1	145	new
146	5vdp5UmvTsnMEMESIF2Ym7	Another One Bites The Dust - Remastered 2011	Queen	1871531	144	7	107	-2
147	6Gy7rXB6Ku5vIWC7WGWsl3	KIKA	6ix9ine	1869943	127	15	9	-20
148	4QIyEq7TcTdAcxjI2AFlAK	FEFE	6ix9ine	1861984	141	13	37	-7
149	3GJ4hzg4lrGwU51Y3VARbF	Speechless	Dan + Shay	1850883	159	31	85	10
150	3GVkPk8mqxz0itaAriG1L7	Everybody Dies In Their Nightmares	XXXTENTACION	1846933	151	80	15	1
151	7KXjTSCq5nL1LoYtL7XAwS	HUMBLE.	Kendrick Lamar	1836579	156	100	1	5
152	2rbDhOo9Fh61Bbu23T2qCk	Always Remember Us This Way	Lady Gaga	1833098	131	7	67	-21
153	6GSkLS2y4ZnnZsuRAj975K	Project Dreams	Marshmello	1828853	140	6	124	-13
154	2G7V7zsVDxg1yRsu7Ew9RJ	In My Feelings	Drake	1822783	157	33	1	3
155	4jvjzW7Hm0yK4LvvE0Paz9	Falling Down - Bonus Track	Lil Peep	1820694	154	17	16	-1
156	3jq1RpStaB1YGyN3rRZGca	Sauce!	XXXTENTACION	1809024	132	6	28	-24
157	2O8gSQ9z52tZSLJnuzjkcG	West Coast	G-Eazy	1808788	nan	1	157	new
158	5iwz1NiezX7WWjnCgY5TH4	Calma - Remix	Pedro Capó	1804262	160	10	114	2
159	0AKwYorDdgm3NtusTmPlkn	Blue Strips	Lil Skies	1801376	nan	1	159	new
160	152lZdxL1OR0ZMW6KquMif	Location	Khalid	1800369	167	112	9	7
161	3CA9pLiwRIGtUBiMjbZmRw	Nice For What	Drake	1795800	161	33	12	0
162	6wWaVoUOzLQJHd3bWAUpdZ	Never Recover (Lil Baby & Gunna, Drake)	Lil Baby	1793363	134	22	3	-28
163	0ZNrc4kNeQYD9koZ3KvCsy	BIG BANK (feat. 2 Chainz, Big Sean, Nicki Minaj)	YG	1790257	164	31	24	1
164	2LskIZrCeLxRvCiGP8gxlh	Arms Around You (feat. Maluma & Swae Lee)	XXXTENTACION	1788133	148	19	6	-16
165	7uzmGiiJyRfuViKKK3lVmR	Mine	Bazzi	1784798	162	47	16	-3
166	79esEXlqqmq0GPz0xQSZTV	Lost In Japan	Shawn Mendes	1780575	155	5	140	-11
167	3L19besdNQzd342qL78xqm	Demons and Angels (feat. Juice WRLD)	A Boogie Wit da Hoodie	1776185	149	11	54	-18
168	1iPBD72u3nAyFEeardYuBV	Kamikaze	Lil Mosey	1773878	165	19	76	-3
169	5aXgz1oKK8Q9z9xvTmSnrO	Topanga	Trippie Redd	1766425	163	17	11	-6
170	45Egmo7icyopuzJN0oMEdk	Love Lies (with Normani)	Khalid	1763199	166	55	9	-4
171	6flur5o18COKeafnjLHRiJ	Be Like Me (feat. Lil Wayne)	Lil Pump	1760158	70	2	70	-101
172	7oJrVhiTPZGBXWPwhxjy9S	Lust	Lil Skies	1759557	188	58	79	16
173	51w9Jbat1pLeWINGCpnQUR	TAlk tO Me (with Rich The Kid feat. Lil Wayne) - Remix	Tory Lanez	1753274	150	8	123	-23
174	3WRIaWsws011vHMd9uzPjG	First Off (feat. Travis Scott)	Future	1744340	128	7	17	-46
175	4XiGKQqbmnMVxDzUj6j3f2	Worth It	YK Osiris	1735770	nan	1	175	new
176	2FUNBaa5DwItJtYEBgAblU	monster	21 Savage	1735511	137	11	16	-39
177	1a7WZZZH7LzyvorhpOJFTe	Wasted (feat. Lil Uzi Vert)	Juice WRLD	1719742	178	13	126	1
178	2u7mxWSeoqTXndK5e08jMp	Nowadays (feat. Landon Cube)	Lil Skies	1709142	nan	59	30	re-enter
179	5FxKZ4IajYIRDjAWAboiB4	Pimpin Ain't Eazy	Kodak Black	1708979	nan	1	179	new
180	09IStsImFySgyp0pIQdqAc	The Middle	Zedd	1706934	175	38	8	-5
181	75lcPkAkUsKWHGBlGM476R	1400 / 999 Freestyle	Trippie Redd	1704725	143	17	23	-38
182	1ZAyjvIk9YiD76yYy0TEG6	Plug Walk	Rich The Kid	1695807	184	32	48	2
183	32lItqlMi4LBhb4k0BaSaC	Candy Paint	Post Malone	1692593	172	44	17	-11
184	2qGfZAgDe1pV2y5xJAhi6R	Slime Belief	YoungBoy Never Broke Again	1691643	181	3	181	-3
185	4eIT2gZ0WZyJpgfmoD6saJ	Act Up	City Girls	1676709	nan	1	185	new
186	60SdxE8apGAxMiRrpbmLY0	Lucky You (feat. Joyner Lucas)	Eminem	1672310	182	27	1	-4
187	21kOVEG3bDCVphKhXL8XmQ	Walk	Comethazine	1666559	170	17	114	-17
188	7DHApOHsIFo7EyfieArYGE	Walk Me Home	P!nk	1662642	130	2	130	-58
189	5nzhL67GpF9szXWg5y509A	Close Friends (Lil Baby & Gunna)	Lil Baby	1658423	174	20	39	-15
190	27a1mYSG5tYg7dmEjWBcmL	CAN'T SAY	Travis Scott	1632944	nan	9	15	re-enter
191	32iPykTXUNZ9oGyACGUybq	How Did I Get Here (feat. J. Cole)	Offset	1624494	64	2	64	-127
192	6GCIYIWUBSLontW6divqsw	Stay Flo	Solange	1619892	nan	1	192	new
193	4DyBx5MYoq8RsU33cEAIxT	Twerk (feat. Cardi B)	City Girls	1616466	173	8	128	-20
194	5itOtNx0WxtJmi1TQ3RuRd	Giant (with Rag'n'Bone Man)	Calvin Harris	1616250	195	7	48	1
195	5uCax9HTNlzGybIStD3vDh	Say You Won't Let Go	James Arthur	1608352	190	88	15	-5
196	6eYxmK9fdL4hwLnXG2zY3s	Look At Me!	XXXTENTACION	1605800	187	52	33	-9
197	0k7Qyc2J6cUryNNhf0pPEL	Ok 4 Now	Lil Skies	1604843	nan	1	197	new
198	6CTWathupIiDs7U4InHnDA	Trip	Ella Mai	1601397	180	21	39	-18
199	3OB5BAGCGtnEYHRh7B6UH9	Year 3000	Jonas Brothers	1598665	nan	1	199	new
200	1fCeXjoRExPP2qwSBh2aST	Black & White	Juice WRLD	1597079	199	10	152	-1
