position	song_id	song_name	artist	streams	last_week_position	weeks_on_chart	peak_position	position_status
1	3ZCTVFBt2Brf31RLEnCkWJ	everything i wanted	Billie Eilish	11794982	81	2	1	80
2	696DnlkuDOXcMAnKlTgXXK	ROXANNE	Arizona Zervas	11628793	nan	1	2	new
3	21jGcNKet2qwijlDFuPiPb	Circles	Post Malone	8614588	2	10	1	-1
4	3eekarcy7kvN4yt5ZFzltW	HIGHEST IN THE ROOM	Travis Scott	7932251	3	7	1	-1
5	6Gg1gjgKi2AK4e0qzsR7sd	Bandit (with YoungBoy Never Broke Again)	Juice WRLD	6850655	4	7	3	-1
6	1HfMVBKM75vxSfsQ5VefZ5	Lose You To Love Me	Selena Gomez	6505652	5	5	2	-1
7	7qEHsqek33rTcFNT9PFqLf	Someone You Loved	Lewis Capaldi	5943398	6	27	6	-1
8	7aiClxsDWFRQ0Kzk5KI5ku	hot girl bummer	blackbear	5855345	8	13	4	0
9	2b8fOow8UzyDFAE27YhOZM	Memories	Maroon 5	5839365	10	9	9	1
10	1e9oZCCiX42nJl0AcqriVo	Watermelon Sugar	Harry Styles	5465192	nan	1	10	new
11	2plLJpUcYPFrl1sW2pMG63	Lights Up	Harry Styles	5319016	27	6	2	16
12	4sjiIpEv617LDXaidKioOI	223's (feat. 9lokknine)	YNW Melly	5300445	7	14	5	-5
13	1rgnBhdG2JDFTbYkYRZAku	Dance Monkey	Tones And I	5140884	14	16	13	1
14	6Ozh9Ok6h4Oi1wUSLtBseN	BOP	DaBaby	4978028	35	8	3	21
15	7iHHxY2NLlJRAmlAmC4ahQ	Stuck In A Dream (feat. Gunna)	Lil Mosey	4816461	9	2	9	-6
16	6WrI0LAC5M1Rw2MnX2ZvEg	Don't Start Now	Dua Lipa	4753717	16	3	7	0
17	56AMYGJzxBO6p8v0wEe9de	Hot (Remix) [feat. Gunna and Travis Scott]	Young Thug	4619364	12	3	12	-5
18	598yNsG1JFrGd4n2kMoz7F	Woah	Lil Baby	4543703	11	2	11	-7
19	4sWuPniHClkInYAnzXAYUF	Camelot	NLE Choppa	4542203	15	10	10	-4
20	364spZLB5bhNlnPrzvUB41	Reply (feat. Lil Uzi Vert)	A Boogie Wit da Hoodie	4512591	nan	1	20	new
21	0RiRZpuVRbi7oqRdSMwhQY	Sunflower - Spider-Man: Into the Spider-Verse	Post Malone	4478361	18	10	8	-3
22	2wrJq5XKLnmhRXHIAf9xBa	10,000 Hours (with Justin Bieber)	Dan + Shay	4283402	17	7	2	-5
23	1lOe9qE0vR9zwWQAOk6CoO	Ransom	Lil Tecca	4213465	19	7	8	-4
24	0fySG6A6qLE8IvDpayb5bM	VIBEZ	DaBaby	4148466	23	8	7	-1
25	2QpGZOhTCHHiKmpSO9FW4h	Follow God	Kanye West	4093088	13	4	1	-12
26	2W4yABdLc4Jnds67Poi5Nl	Yellow Hearts	Ant Saunders	4049220	nan	1	26	new
27	3QzAOrNlsabgbMwlZt7TAY	Ballin' (with Roddy Ricch)	Mustard	3995876	29	16	27	2
28	3i9UVldZOE0aD0JnyfAZZ0	Lover (Remix) [feat. Shawn Mendes]	Taylor Swift	3948469	nan	1	28	new
29	6vBdBCoOhKHiYDDOcorfNo	Goodbyes (Feat. Young Thug)	Post Malone	3903624	22	20	1	-7
30	5qmq61DAAOUaW8AUo8xKhh	Truth Hurts	Lizzo	3850604	24	29	3	-6
31	5MPPttjfGap2C6j6eKcO6J	Baby (Lil Baby feat. DaBaby)	Quality Control	3820869	30	14	14	-1
32	6XHVuErjQ4XNm6nDPVCxVX	No Guidance (feat. Drake)	Chris Brown	3809730	21	21	6	-11
33	7CZyCXKG6d5ALeq41sLzbw	Take What You Want (feat. Ozzy Osbourne & Travis Scott)	Post Malone	3750674	26	10	6	-7
34	5ry2OE6R2zPQFDO85XkgRb	Money In The Grave (Drake ft. Rick Ross)	Drake	3734005	25	23	1	-9
35	2Fxmhks0bxGSBdJ92vM42m	bad guy	Billie Eilish	3694148	32	34	1	-3
36	3GRSqlALWISqLeNncZMbpX	Mean It	Lauv	3653905	nan	1	36	new
37	2gwkD6igEhQbDQegRCcdoB	Suge	DaBaby	3617549	34	34	4	-3
38	6JsHgIkMYHcbNtKfsal2Mg	Jerry Sprunger (with T-Pain)	Tory Lanez	3539921	nan	1	38	new
39	6klLvorLoo1sxvZcjJIY8I	Make No Sense	YoungBoy Never Broke Again	3514159	28	6	28	-11
40	1mpD5Q8IM32I4bF6eCpU74	Up All Night	Khalid	3485561	nan	1	40	new
41	1iQDltZqI7BXnHrFy4Qo1k	Trampoline (with ZAYN)	SHAED	3452910	33	7	33	-8
42	4TnjEaWOeW0eKTKIEvJyCa	Falling	Trevor Daniel	3288939	nan	1	42	new
43	07Oz5StQ7GRoygNLaXs2pd	Good as Hell (feat. Ariana Grande) - Remix	Lizzo	3186620	45	4	32	2
44	6v3KW9xbzN5yKLt9YKDYA2	Señorita	Shawn Mendes	3143390	38	17	2	-6
45	0RLLvYBopDwooCyvnTwgYu	F.N	Lil Tjay	3136859	37	6	25	-8
46	00ko9WaS4jOX1kEk3gvHjf	Hot Shower	Chance the Rapper	3099516	40	17	10	-6
47	4IO8X9W69dIQe0EC5ALXhq	Immortal	21 Savage	3098020	31	3	14	-16
48	0Xek5rqai2jcOWCYWJfVCF	Enemies (feat. DaBaby)	Post Malone	3084037	43	10	6	-5
49	4yI3HpbSFSgFZtJP2kDe5m	Look At Her Now	Selena Gomez	3036647	36	4	15	-13
50	70eFcWOvlMObDhURTqT4Fv	Beautiful People (feat. Khalid)	Ed Sheeran	3033909	42	19	6	-8
51	0c7K73roy6RW4ebDkf4yGh	VALENTINO	24kGoldn	3028353	41	10	41	-10
52	1000nHvUdawXuUHgBod4Wv	Panini	Lil Nas X	2980745	39	10	10	-13
53	1nal3Tf1OCV53KigMZXsZ7	None Of Your Concern	Jhené Aiko	2961876	nan	1	53	new
54	6V9fHiv84WlVTg7CSnIVY2	Graveyard	Halsey	2914639	49	10	18	-5
55	6b2RcmUt1g9N9mQ3CbjX2Y	How Do You Sleep?	Sam Smith	2909009	44	18	10	-11
56	3s4mrPrEFFPF0LmAfutW0n	The London (feat. J. Cole & Travis Scott)	Young Thug	2814384	47	14	8	-9
57	2JvzF1RMd7lE3KmFlsyZD8	MIDDLE CHILD	J. Cole	2766883	51	44	1	-6
58	5Z8HZM6iQMhhqyPcCGY5g9	Hot (feat. Gunna)	Young Thug	2760878	46	14	10	-12
59	6YfTl5YupXOQBKiJJLrxcw	Death (feat. DaBaby)	Trippie Redd	2711769	nan	1	59	new
60	7jzldCBnJjpJM3epzJ85KE	Tongue Tied (with YUNGBLUD & blackbear)	Marshmello	2699556	nan	1	60	new
61	5ravc2aiNoYmu9m37diYXW	Start Wit Me (feat. Gunna)	Roddy Ricch	2651226	55	4	55	-6
62	0bYg9bo50gSsH3LtXe2SQn	All I Want for Christmas Is You	Mariah Carey	2647330	68	18	2	6
63	4guBZjUyrGoHsTahO3IHdj	Did It Again	Lil Tecca	2599293	48	7	40	-15
64	7xQAfvXzm3AkraOtGPWIZg	Wow.	Post Malone	2596779	58	10	26	-6
65	6uFn47ACjqYkc0jADwEdj1	Pop Out (feat. Lil Tjay)	Polo G	2589873	53	24	8	-12
66	1GeNui6m825V8jP4uKiIaH	Bad Bad Bad (feat. Lil Baby)	Young Thug	2571831	52	14	9	-14
67	7f5trao56t7sB7f14QDTmp	Juicy	Doja Cat	2565597	66	3	66	-1
68	735RSTb2xbtWbDtKD9XDYi	Somebody	Internet Money	2531851	50	6	50	-18
69	6kls8cSlUyHW2BUOkDJIZE	Hate Me (with Juice WRLD)	Ellie Goulding	2528425	59	21	42	-10
70	78QR3Wp35dqAhFEc2qAGjE	Drip Too Hard (Lil Baby & Gunna)	Lil Baby	2471119	69	59	1	-1
71	08dFHFTx6r67MTsYn5ilDR	One Man Band	Old Dominion	2471094	80	4	71	9
72	285pBltuF7vW8TeWk8hdRR	Lucid Dreams	Juice WRLD	2465606	62	50	11	-10
73	43zdsphuZLzwA9k4DJhU0I	when the party's over	Billie Eilish	2464377	76	34	5	3
74	7LzouaWGFCy4tkXDOOnEyM	Liar	Camila Cabello	2463642	63	11	39	-11
75	7eBqSVxrzQZtK2mmgRG6lC	Murder On My Mind	YNW Melly	2431028	61	61	4	-14
76	1VJwtWR6z7SpZRwipI12be	Candy	Doja Cat	2403062	71	2	71	-5
77	5DqdesEfbRyOlSS3Tf6c29	It's You	Ali Gatie	2402452	64	2	64	-13
78	51Fjme0JiitpyXKuyQiCDo	Lalala	Y2K	2401149	65	21	12	-13
79	0u2P5u6lvoDfwTYjAADbn4	lovely (with Khalid)	Billie Eilish	2350297	85	61	24	6
80	5aUSEPNd3m5xliFK4pn5mU	Good Thing (with Kehlani)	Zedd	2337252	67	8	41	-13
81	0rKtyWc8bvkriBthvHKY8d	SLOW DANCING IN THE DARK	Joji	2334232	73	55	41	-8
82	2IRZnDFmlqMuOrYOLnZZyc	Going Bad (feat. Drake)	Meek Mill	2333969	75	51	2	-7
83	2xLMifQCjDGFmkHkpNLD9h	SICKO MODE	Travis Scott	2308656	72	68	1	-11
84	05mDaV9Vb3wrzjF6OPZnhq	Saint-Tropez	Post Malone	2296150	57	10	3	-27
85	1wJRveJZLSb1rjhnUHQiv6	Swervin (feat. 6ix9ine)	A Boogie Wit da Hoodie	2283140	78	48	7	-7
86	6TqXcAFInzjp0bODyvrWEq	Talk (feat. Disclosure)	Khalid	2264464	77	33	6	-9
87	6cy3ki60hLwimwIje7tALf	RITMO (Bad Boys For Life)	Black Eyed Peas	2226672	105	4	87	18
88	4SDgTLDYrJ2UrHbkRkg7MD	Panini - DaBaby Remix	Lil Nas X	2209522	93	10	34	5
89	4vUmTMuQqjdnvlZmAH61Qk	South of the Border (feat. Camila Cabello & Cardi B)	Ed Sheeran	2198433	79	12	14	-10
90	6Hj9jySrnFppAI0sEMCZpJ	Robbery	Juice WRLD	2141809	86	37	3	-4
91	7sWRlDoTDX8geTR8zzr2vt	Hollywood's Bleeding	Post Malone	2127352	83	10	10	-8
92	3GJ4hzg4lrGwU51Y3VARbF	Speechless	Dan + Shay	2125900	95	68	81	3
93	0rFQ5cKYJ9WtHSKp9sxVYt	Heartless (feat. Morgan Wallen)	Diplo	2100283	129	14	57	36
94	5hVghJ4KaYES3BFUATCYn0	EARFQUAKE	Tyler, The Creator	2098853	90	27	1	-4
95	2Xo3rLHjXfdb4avN68aQyi	BEST ON EARTH (feat. BIA) - Bonus	Russ	2073828	144	5	90	49
96	2kJwzbxV2ppxnQoYw4GLBZ	If the World Was Ending - feat. Julia Michaels	JP Saxe	2041343	120	2	96	24
97	3XiNC94b4Tq1xwv70sQJGN	Sanguine Paradise	Lil Uzi Vert	2041135	98	33	6	1
98	0hVXuCcriWRGvwMV1r5Yn9	I Don't Care (with Justin Bieber)	Ed Sheeran	2034071	94	19	9	-4
99	2WsuSYJNXGKXVYkHPnq2yp	Ransom (with Juice WRLD) - Remix	Lil Tecca	2033093	88	7	53	-11
100	4vSoyDfL0uZyUoWu5NNNsQ	Self Control	YoungBoy Never Broke Again	2016634	82	6	47	-18
101	0e7ipj03S05BNilyu5bRzt	rockstar (feat. 21 Savage)	Post Malone	2009102	111	82	9	10
102	2rxQMGVafnNaRaXlRMWPde	Beautiful Crazy	Luke Combs	2004082	116	72	61	14
103	6Nle9hKrkL1wQpwNfEkxjh	Chanel	Frank Ocean	2001120	89	11	48	-14
104	1jg9clsGCDqOumfS0X5xm9	Living Proof	Camila Cabello	1998510	nan	1	104	new
105	2TH65lNHgvLxCKXM3apjxI	Callaita	Bad Bunny	1993899	117	25	41	12
106	3cphb8kdsjElYR7r5icK3H	Nice To Meet Ya	Niall Horan	1993691	97	7	60	-9
107	75ZvA4QfFiZvzhj2xkaWAh	I Fall Apart	Post Malone	1990266	108	114	2	1
108	6ocbgoVGwYJhOv1GgI9NsF	7 rings	Ariana Grande	1974058	112	41	1	4
109	0fea68AdmYNygeTGI4RC18	LA CANCIÓN	J Balvin	1972364	113	21	43	4
110	4hPpVbbakQNv8YTHYaOJP4	One Thing Right	Marshmello	1961417	92	22	15	-18
111	0Z26mbSHJ1dkUu7g9DDgif	Trigger	Major Lazer	1958524	91	4	49	-20
112	1dGr1c8CrMLDpV6mPbImSI	Lover	Taylor Swift	1950661	84	13	1	-28
113	4e0FYxSROat25pH16zMTZI	Love Me	Lil Tecca	1939117	102	7	80	-11
114	7FGq80cy8juXBCD2nrqdWU	Eastside (with Halsey & Khalid)	benny blanco	1916335	126	50	25	12
115	6gBFPUFcJLzWGx4lenP6h2	goosebumps	Travis Scott	1910459	114	151	16	-1
116	3ee8Jmje8o58CHK66QrVC2	SAD!	XXXTENTACION	1895703	122	88	1	6
117	6RRNNciQGZEXnqk8SQ9yv5	You Need To Calm Down	Taylor Swift	1893373	125	13	8	8
118	5aZQrb2TXWEh9uZR4HEY3r	Even Though I'm Leaving	Luke Combs	1886971	60	2	60	-58
119	2EjXfH91m7f8HiJN1yQg97	Rockin' Around The Christmas Tree	Brenda Lee	1886179	167	6	10	48
120	12Fkyg9lpmaz2zmKOfw2Y2	On The Road (feat. Meek Mill & Lil Baby)	Post Malone	1885287	101	10	16	-19
121	7dt6x5M1jzdTEt8oCbisTK	Better Now	Post Malone	1884463	124	82	1	3
122	2tnVG71enUj33Ic2nFN6kZ	Ride It	Regard	1866617	110	9	90	-12
123	2rMAtCaTj16NptyVfEIeAC	Cash Shit (feat. DaBaby)	Megan Thee Stallion	1863813	131	21	69	8
124	7m9OqQk4RVRkw9JJdeAw96	Jocelyn Flores	XXXTENTACION	1863006	128	117	3	4
125	7rvyVWja33WG9R97oeJAjx	Envy Me	Calboy	1862407	118	25	29	-7
126	6zeeWid2sgw4lap2jV61PZ	Better	Khalid	1854593	109	56	10	-17
127	0lizgQ7Qw35od7CYaoMBZb	Santa Tell Me	Ariana Grande	1852313	169	8	15	42
128	5a6pdCHlWS2ekOOQ70QnAr	July	Noah Cyrus	1851677	156	5	128	28
129	22vgEDb5hykfaTwLuskFGD	Sucker	Jonas Brothers	1850685	135	24	10	6
130	4B7fTyj1FIPvP9tT5X3DnR	Behind Barz - Bonus	Drake	1849446	104	10	37	-26
131	3RzcoFkZ0AOp2nH71jP504	Beer Never Broke My Heart	Luke Combs	1843668	70	2	70	-61
132	0rIAC4PXANcKmitJfoqmVm	Motivation	Normani	1840916	100	14	26	-32
133	5p7ujcrUXASCNwRaWNHR1C	Without Me	Halsey	1826645	143	59	5	10
134	67XyC1GdSkKb9sbRRkUDXS	Shotta Flow (Feat. Blueface) [Remix]	NLE Choppa	1822690	119	21	20	-15
135	3j84U36KvLeXNDPv4t5pI8	Pure Water (with Migos)	Mustard	1808128	132	21	38	-3
136	5KBARWIxeMGkvUax9VtVC9	My Type	Saweetie	1806924	141	20	44	5
137	2dpaYNEQHiRxtZbfNsse99	Happier	Marshmello	1804423	138	66	8	1
138	3Yh9lZcWyKrK9GjbhuS0hR	Good as Hell	Lizzo	1803614	115	14	22	-23
139	0Odu228D0yGcFySGuxU4rY	The Take (feat. Chris Brown)	Tory Lanez	1778898	nan	1	139	new
140	2YpeDb67231RjR0MgVLzsG	Old Town Road - Remix	Lil Nas X	1774412	136	17	16	-4
141	0BpYTh0O2ut5wvt0QtDGt4	Beauty In The Benz (feat. Snoop Dogg)	Tory Lanez	1772026	nan	1	141	new
142	2zjGJ0dChMR0KxBZS15aqo	Baguettes in the Face (feat. NAV, Playboi Carti & A Boogie Wit da Hoodie)	Mustard	1769246	133	21	34	-9
143	4Of7rzpRpV1mWRbhp5rAqG	Bruises	Lewis Capaldi	1757435	140	10	114	-3
144	3hBXvHLlTHvnbwrPbeoyAj	Jingle Bell Rock	Bobby Helms	1745904	198	2	144	54
145	3e9HZxeyfWwjeyPAMmWSSQ	thank u, next	Ariana Grande	1744125	153	41	7	8
146	2FRnf9qhLbvw8fu4IBXx78	Last Christmas	Wham!	1739097	180	14	16	34
147	2C6WXnmZ66tHhHlnvwePiK	Die For Me (feat. Future & Halsey)	Post Malone	1736785	130	10	12	-17
148	4a6q8CR2hzLk2plDkSxkfD	I.F.L.Y.	Bazzi	1733869	87	15	28	-61
149	7zLYKWcXnYeHHWidalz7rj	Noticed	Lil Mosey	1711761	148	21	134	-1
150	0Ryd8975WihbObpp5cPW1t	boyfriend (with Social House)	Ariana Grande	1706305	147	16	2	-3
151	6K4t31amVTZDgR3sKmwUJJ	The Less I Know The Better	Tame Impala	1683761	146	12	142	-5
152	6foY66mWZN0pSRjZ408c00	Whiskey Glasses	Morgan Wallen	1683244	175	36	66	23
153	2NSWi83peog6gHerzlMCqU	Love Me More	Trippie Redd	1678079	123	3	52	-30
154	4S4Mfvv03M1cHgIOJcbUCL	In My Room	Frank Ocean	1670338	56	3	56	-98
155	4VXIryQMWpIdGgYR4TrjT1	All Girls Are The Same	Juice WRLD	1666740	159	50	66	4
156	6CcJMwBtXByIz4zQLzFkKc	i love you	Billie Eilish	1658732	195	34	17	39
157	3eeyKNIBrt5TH4y0y3QkOu	Hot Now	YoungBoy Never Broke Again	1657930	107	6	93	-50
158	2bT1PH7Cw3J9p3t7nlXCdh	If I Can't Have You	Shawn Mendes	1657304	161	17	32	3
159	2t8yVaLvJ0RenpXUIAC52d	a lot	21 Savage	1644180	184	48	7	25
160	4OBZT9EnhYIV17t4pGw7ig	Best Part (feat. Daniel Caesar)	H.E.R.	1643393	179	72	68	19
161	6vN77lE9LK6HP2DewaN6HZ	Yes Indeed	Lil Baby	1640378	174	79	2	13
162	5hslUAKq9I9CG2bAulFkHN	It's the Most Wonderful Time of the Year	Andy Williams	1636224	nan	13	14	re-enter
163	7AQim7LbvFVZJE3O8TYgf2	Fuck Love (feat. Trippie Redd)	XXXTENTACION	1628702	170	117	8	7
164	3Ol2xnObFdKV9pmRD2t9x8	Look Back at It	A Boogie Wit da Hoodie	1625377	177	48	9	13
165	2FvD20Z8aoWIePi7PoN8sG	TOES (feat. Lil Baby & Moneybagg Yo)	DaBaby	1621731	183	8	26	18
166	0JP9xo3adEtGSdUEISiszL	Moonlight	XXXTENTACION	1612341	165	88	3	-1
167	77KMttn3Lic7ZQKDlPqp8v	INTRO	DaBaby	1609112	166	8	15	-1
168	2xyx0o4xNOLLjBSbOOdcbA	Playing Games (with Bryson Tiller) - Extended Version	Summer Walker	1604894	151	7	43	-17
169	5N1o6d8zGcSZSeMFkOUQOk	Hot Girl Summer (feat. Nicki Minaj & Ty Dolla $ign)	Megan Thee Stallion	1602633	157	15	8	-12
170	7GX5flRQZVHRAGd6B4TmDO	XO Tour Llif3	Lil Uzi Vert	1599666	176	117	2	6
171	3TTMUI5dFcbeNSDTTDY9M8	Come Thru (with Usher)	Summer Walker	1597214	164	7	50	-7
172	1ThmUihH9dF8EV08ku5AXN	Faucet Failure	Ski Mask The Slump God	1592086	172	50	27	0
173	4SSnFejRGlZikf02HLewEF	bury a friend	Billie Eilish	1591662	nan	33	4	re-enter
174	4R8BJggjosTswLxtkw8V7P	No Me Conoce - Remix	Jhay Cortez	1579893	189	23	119	15
175	2ksOAxtIxY8yElEWw8RhgK	China	Anuel AA	1573784	178	18	25	3
176	4ZT9FnbFu1PaBfV3itxiqT	I	Lil Skies	1571982	194	38	16	18
177	63VyEdzMM3w4ZQ1WtARa2S	Takeaway (feat. Lennon Stella)	The Chainsmokers	1566437	106	2	106	-71
178	0Rx0DJI556Ix5gBny6EWmn	Paradise	Bazzi	1556257	182	15	57	4
179	26wLOs3ZuHJa2Ihhx6QIE6	Teeth	5 Seconds of Summer	1551354	193	13	66	14
180	5kfNriitmkNE8mUbZ7gbq8	Saturday Nights	Khalid	1548447	188	56	14	8
181	0uxSUdBrJy9Un0EYoBowng	20 Min	Lil Uzi Vert	1547051	191	13	120	10
182	0FZ4Dmg8jJJAPJnvBIzD9z	ZEZE (feat. Travis Scott & Offset)	Kodak Black	1538537	197	49	4	15
183	2P91MQbaiQOfbiz9VqhqKQ	I Like Me Better	Lauv	1536897	nan	74	79	re-enter
184	5qrSlOut2rNAWv3ubArkNy	Be Alright	Dean Lewis	1530500	192	27	87	8
185	7k4t7uLgtOxPwTpFmtJNTY	Tusa	KAROL G	1521144	nan	1	185	new
186	0lLdorYw7lVrJydTINhWdI	It's Beginning to Look a Lot like Christmas	Michael Bublé	1520027	nan	12	19	re-enter
187	1tSGw3h54aHModEHHL1HGK	Better Together	Luke Combs	1519715	54	2	54	-133
188	3WyRgi8CzQnhzO0xw79tTS	Goin Baby	DaBaby	1514546	nan	30	67	re-enter
189	62vpWI1CHwFy7tMIcSStl8	No Role Modelz	J. Cole	1514458	nan	110	71	re-enter
190	2uIX8YMNjGMD7441kqyyNU	ocean eyes	Billie Eilish	1508042	nan	60	78	re-enter
191	3iH29NcCxYgI5shlkZrUoB	gone girl	iann dior	1497184	155	2	155	-36
192	3Fj47GNK2kUF0uaEDgXLaD	wish you were gay	Billie Eilish	1496788	nan	30	3	re-enter
193	5uCax9HTNlzGybIStD3vDh	Say You Won't Let Go	James Arthur	1494460	200	102	15	7
194	2iUXsYOEPhVqEBwsqP70rE	Youngblood	5 Seconds of Summer	1486832	nan	73	17	re-enter
195	7xapw9Oy21WpfEcib2ErSA	Mistletoe	Justin Bieber	1483149	nan	7	32	re-enter
196	3a1lNhkSLSkpJE4MSHpDu9	Congratulations	Post Malone	1481991	nan	150	5	re-enter
197	6Qs4SXO9dwPj5GKvVOv8Ki	Dancing With A Stranger (with Normani)	Sam Smith	1477579	nan	44	12	re-enter
198	42fw0rxRO2xbesF6mJfd4Y	Tequila	Dan + Shay	1472320	nan	70	60	re-enter
199	1rqqCSm0Qe4I9rUvWncaom	High Hopes	Panic! At The Disco	1470549	nan	71	13	re-enter
200	7sO5G9EABYOXQKNPNiE9NR	Ric Flair Drip (& Metro Boomin)	Offset	1465214	nan	104	4	re-enter
