position	song_id	song_name	artist	streams	last_week_position	weeks_on_chart	peak_position	position_status
1	2JvzF1RMd7lE3KmFlsyZD8	MIDDLE CHILD	J. Cole	20663232	28	2	1	27
2	14msK75pk3pA33pzPVNtBF	7 rings	Ariana Grande	20288575	1	2	1	-1
3	3KkXRkHbMCARz0aVfEt68P	Sunflower - Spider-Man: Into the Spider-Verse	Post Malone	13134644	2	7	1	-1
4	6MWtB6iiXyIwun0YzU6DFP	Wow.	Post Malone	12578954	3	6	2	-1
5	2IRZnDFmlqMuOrYOLnZZyc	Going Bad (feat. Drake)	Meek Mill	9707256	4	9	2	-1
6	78QR3Wp35dqAhFEc2qAGjE	Drip Too Hard (Lil Baby & Gunna)	Lil Baby	8271788	6	17	1	0
7	5p7ujcrUXASCNwRaWNHR1C	Without Me	Halsey	8027758	5	17	5	-2
8	2xLMifQCjDGFmkHkpNLD9h	SICKO MODE	Travis Scott	7592469	8	26	1	0
9	3Ol2xnObFdKV9pmRD2t9x8	Look Back at It	A Boogie Wit da Hoodie	7220099	10	6	9	1
10	2rPE9A1vEgShuZxxzR2tZH	thank u, next	Ariana Grande	6881449	7	13	1	-3
11	0FZ4Dmg8jJJAPJnvBIzD9z	ZEZE (feat. Travis Scott & Offset)	Kodak Black	6869226	9	7	4	-2
12	6Qs4SXO9dwPj5GKvVOv8Ki	Dancing With A Stranger (with Normani)	Sam Smith	6846045	12	3	12	0
13	1xzBco0xcoJEDXktl7Jxrr	Mo Bamba	Sheck Wes	6727619	11	17	1	-2
14	2t8yVaLvJ0RenpXUIAC52d	a lot	21 Savage	6431747	16	6	9	2
15	14mHfNsSHN0FbLftyjrV9g	Leave Me Alone	Flipp Dinero	5814439	15	22	10	0
16	5kfNriitmkNE8mUbZ7gbq8	Saturday Nights	Khalid	5721291	14	14	14	-2
17	2G1tXoGBaEMJ7FKGnkf6ud	Wake Up in the Sky	Gucci Mane	5417690	18	8	13	1
18	25F6MWrnFBCXVnpN4n76EK	Keanu Reeves	Logic	5173029	13	2	13	-5
19	3ee8Jmje8o58CHK66QrVC2	SAD!	XXXTENTACION	5021645	23	46	1	4
20	285pBltuF7vW8TeWk8hdRR	Lucid Dreams	Juice WRLD	4967592	22	8	11	2
21	2GGMabyHXnJmjY6CXhhB2e	Money	Cardi B	4756584	24	15	17	3
22	7dt6x5M1jzdTEt8oCbisTK	Better Now	Post Malone	4608799	27	40	1	5
23	1rqqCSm0Qe4I9rUvWncaom	High Hopes	Panic! At The Disco	4601198	21	32	13	-2
24	0jAfdqv18goRTUxm3ilRjb	Startender (feat. Offset and Tyga)	A Boogie Wit da Hoodie	4579101	25	6	17	1
25	7COXchtUOMd6uIT6HvmRaI	i'm so tired...	Lauv	4554039	nan	1	25	new
26	2dpaYNEQHiRxtZbfNsse99	Happier	Marshmello	4550817	26	24	8	0
27	3WRIaWsws011vHMd9uzPjG	First Off (feat. Travis Scott)	Future	4456210	17	2	17	-10
28	3jq1RpStaB1YGyN3rRZGca	Sauce!	XXXTENTACION	4403465	nan	1	28	new
29	7e4KQkp5ZR1gXCAalRjX6B	Nights Like This (feat. Ty Dolla $ign)	Kehlani	4371327	51	3	29	22
30	3oh6SCCeLuXhFpEyepla6G	Thotiana	Blueface	4364621	86	4	30	56
31	79OEIr4J4FHV0O3KrhaXRb	Splashin	Rich The Kid	4344641	38	7	31	7
32	5wujBwqG7INdStqGd4tRMX	Armed And Dangerous	Juice WRLD	4324260	31	8	24	-1
33	0JP9xo3adEtGSdUEISiszL	Moonlight	XXXTENTACION	4274105	30	46	3	-3
34	1wJRveJZLSb1rjhnUHQiv6	Swervin (feat. 6ix9ine)	A Boogie Wit da Hoodie	4231789	45	6	34	11
35	7FGq80cy8juXBCD2nrqdWU	Eastside (with Halsey & Khalid)	benny blanco	4215959	29	8	25	-6
36	6zeeWid2sgw4lap2jV61PZ	Better	Khalid	4146421	32	14	12	-4
37	14JzyD6FlBD5z0wV5P07YI	when the party's over	Billie Eilish	4087028	34	16	12	-3
38	7wFybC8jBH3zE139OpCtpG	Lost in the Fire	Gesaffelstein	4031372	19	3	7	-19
39	116H0KvKr2Zl4RPuVBruDO	MIA (feat. Drake)	Bad Bunny	3974449	35	16	2	-4
40	1fewSx2d5KIZ04wsooEBOz	Space Cadet (feat. Gunna)	Metro Boomin	3916505	39	11	37	-1
41	7wcyO1rrH3Ru4t659IjG41	Crushed Up	Future	3824010	20	2	20	-21
42	5600nq7TiBraBX2jobyJ3l	Swan Song	Dua Lipa	3815041	nan	1	42	new
43	5IaHrVsrferBYDm0bDyABy	Taste (feat. Offset)	Tyga	3631403	40	37	4	-3
44	4BiiOzZCrXEzHRLYcYFiD5	Hope	The Chainsmokers	3628552	58	4	44	14
45	7lAK3oHbfEnvUQWosrMMpR	YOSEMITE	Travis Scott	3602662	42	26	7	-3
46	7pdF27mSDuPWhppnHAmWHa	whoa (mind in awe)	XXXTENTACION	3588288	33	8	2	-13
47	7m9OqQk4RVRkw9JJdeAw96	Jocelyn Flores	XXXTENTACION	3569085	44	75	3	-3
48	1NJcg626wLln4pGHpiV7mf	lovely	Billie Eilish	3509493	46	8	36	-2
49	2VxeLyX666F8uXCJ0dZF8B	Shallow	Lady Gaga	3417493	63	17	11	14
50	5274I4mUMnYczyeXkGDWZN	Fine China	Future	3365129	43	15	6	-7
51	0todbbT9g5uQGbeFCiBf2F	imagine	Ariana Grande	3335406	36	7	7	-15
52	0TlLq3lA83rQOYtrqBqSct	Nonstop	Drake	3324433	41	28	5	-11
53	0e7ipj03S05BNilyu5bRzt	rockstar (feat. 21 Savage)	Post Malone	3264077	50	40	9	-3
54	2MShy1GSSgbmGUxADNIao5	Calling My Spirit	Kodak Black	3249645	49	7	31	-5
55	74lnM5V6ecvoTPV0fvptx9	Nuketown (feat. Juice WRLD)	Ski Mask The Slump God	3188760	48	9	18	-7
56	1KVczjazCcCCgM3gXXUl47	Roses (with Juice WRLD feat. Brendon Urie)	benny blanco	3176622	54	8	46	-2
57	6JQvHMSaR8flFsN53ypOfP	Noticed	Lil Mosey	3139083	59	15	23	2
58	2FUNBaa5DwItJtYEBgAblU	monster	21 Savage	3093442	37	6	16	-21
59	5JEx7HbmvHQQswJCsoo9rA	Close To Me (with Diplo) (feat. Swae Lee)	Ellie Goulding	3062239	47	14	33	-12
60	4w8niZpiMy6qz1mntFA5uM	Taki Taki (with Selena Gomez, Ozuna & Cardi B)	DJ Snake	3041536	53	18	7	-7
61	25sgk305KZfyuqVBQIahim	Sweet but Psycho	Ava Max	3008608	56	17	36	-5
62	6vN77lE9LK6HP2DewaN6HZ	Yes Indeed	Lil Baby	2985033	60	37	2	-2
63	577YBGuskWkVDCxZrLRB4v	Pure Cocaine	Lil Baby	2974426	71	9	52	8
64	22An65gG31JLf9n18qjdhZ	BAD!	XXXTENTACION	2972601	55	8	5	-9
65	58q2HKrzhC3ozto2nDdN4z	I Like It	Cardi B	2949206	62	43	3	-3
66	7AQim7LbvFVZJE3O8TYgf2	Fuck Love (feat. Trippie Redd)	XXXTENTACION	2918522	69	75	8	3
67	75ZvA4QfFiZvzhj2xkaWAh	I Fall Apart	Post Malone	2904599	66	72	2	-1
68	04MLEeAMuV9IlHEsD8vF6A	No Stylist	French Montana	2890134	73	19	21	5
69	3swc6WTsr7rl9DqQKQA55C	Psycho (feat. Ty Dolla $ign)	Post Malone	2858571	67	40	2	-2
70	5itOtNx0WxtJmi1TQ3RuRd	Giant (with Rag'n'Bone Man)	Calvin Harris	2823177	61	3	48	-9
71	6Gy7rXB6Ku5vIWC7WGWsl3	KIKA	6ix9ine	2803635	68	10	9	-3
72	05t7JMip6JrLuSrMV5yYjX	Envy Me	Calboy	2799278	77	5	72	5
73	40T5GIqQ1CegGm2PTEl8Bu	idontwannabeyouanymore	Billie Eilish	2785529	72	8	48	-1
74	4VUwkH455At9kENOfzTqmF	Beautiful (feat. Camila Cabello)	Bazzi	2720664	78	26	30	4
75	7eBqSVxrzQZtK2mmgRG6lC	Murder On My Mind	YNW Melly	2719133	98	19	75	23
76	6wWaVoUOzLQJHd3bWAUpdZ	Never Recover (Lil Baby & Gunna, Drake)	Lil Baby	2701714	75	17	3	-1
77	6DCZcSspjsKoFjzjrWoCdn	God's Plan	Drake	2691772	76	28	16	-1
78	0AluA5RNsa4Cx6XRhf2hWZ	10 Freaky Girls (with 21 Savage)	Metro Boomin	2668213	81	11	22	3
79	2qxmye6gAegTMjLKEBoR3d	Let Me Down Slowly	Alec Benjamin	2644428	124	3	79	45
80	4NzMOnvSJVNKF7nw5NkXIP	bury a friend	Billie Eilish	2632152	nan	1	80	new
81	4VXIryQMWpIdGgYR4TrjT1	All Girls Are The Same	Juice WRLD	2624168	83	8	66	2
82	4QIyEq7TcTdAcxjI2AFlAK	FEFE	6ix9ine	2605994	79	8	37	-3
83	7AFASza1mXqntmGtbxXprO	changes	XXXTENTACION	2601849	84	46	7	1
84	2qT1uLXPVPzGgFOx4jtEuo	no tears left to cry	Ariana Grande	2600420	74	24	18	-10
85	4NdXQlDTzxbOMkzJGWFtz3	Butterfly Doors	Lil Pump	2600226	52	4	38	-33
86	4OBZT9EnhYIV17t4pGw7ig	Best Part (feat. Daniel Caesar)	H.E.R.	2592187	85	35	71	-1
87	2LskIZrCeLxRvCiGP8gxlh	Arms Around You (feat. Maluma & Swae Lee)	XXXTENTACION	2587934	57	14	6	-30
88	2iUXsYOEPhVqEBwsqP70rE	Youngblood	5 Seconds of Summer	2542418	82	33	17	-6
89	1ThmUihH9dF8EV08ku5AXN	Faucet Failure	Ski Mask The Slump God	2535434	92	8	68	3
90	1NHlyKgtR4roNylOhidKSv	Girls Have Fun (feat. G-Eazy & Rich The Kid)	Tyga	2529896	nan	1	90	new
91	4OafepJy2teCjYJbvFE60J	breathin	Ariana Grande	2521186	70	24	5	-21
92	4qKcDkK6siZ7Jp1Jb4m0aL	Look Alive (feat. Drake)	BlocBoy JB	2515573	87	51	3	-5
93	7sO5G9EABYOXQKNPNiE9NR	Ric Flair Drip (& Metro Boomin)	Offset	2510293	88	66	4	-5
94	6PRh0ilIMEP1xlUHqalnkD	Put a Date On It (feat. Lil Baby)	Yo Gotti	2507431	nan	1	94	new
95	6vWEAOUSxohKxhp0K1BsxL	Mixed Personalities (feat. Kanye West)	YNW Melly	2480238	97	2	95	2
96	3EPXxR3ImUwfayaurPi3cm	Be Alright	Dean Lewis	2476612	89	27	31	-7
97	3L19besdNQzd342qL78xqm	Demons and Angels (feat. Juice WRLD)	A Boogie Wit da Hoodie	2417941	65	6	54	-32
98	27rdGxbavYJeBphck5MZAF	Nothing Breaks Like a Heart (feat. Miley Cyrus)	Mark Ronson	2404460	100	9	36	2
99	67fNrBUMc7iWMofdCaoJV9	Bleed It	Blueface	2394852	136	2	99	37
100	5aXgz1oKK8Q9z9xvTmSnrO	Topanga	Trippie Redd	2390058	80	12	11	-20
101	63cd4JkwGgYJrbOizbfmsp	Pure Water (with Migos)	Mustard	2385054	90	2	90	-11
102	2P91MQbaiQOfbiz9VqhqKQ	I Like Me Better	Lauv	2375987	110	34	79	8
103	7tFiyTwD0nx5a1eklYtX2J	Bohemian Rhapsody - 2011 Mix	Queen	2349354	113	14	42	10
104	4jvjzW7Hm0yK4LvvE0Paz9	Falling Down - Bonus Track	Lil Peep	2304782	94	12	16	-10
105	3oDkdAySo1VQQG0ptV7uwa	Lean Wit Me	Juice WRLD	2304221	99	8	79	-6
106	75lcPkAkUsKWHGBlGM476R	1400 / 999 Freestyle	Trippie Redd	2303068	95	12	23	-11
107	5W83ErFkO3aKAIS1WMi6u0	Secreto	Anuel AA	2265029	96	2	96	-11
108	7GX5flRQZVHRAGd6B4TmDO	XO Tour Llif3	Lil Uzi Vert	2253974	102	75	2	-6
109	45Egmo7icyopuzJN0oMEdk	Love Lies (with Normani)	Khalid	2241399	105	50	9	-4
110	3a1lNhkSLSkpJE4MSHpDu9	Congratulations	Post Malone	2239134	104	109	5	-6
111	2G7V7zsVDxg1yRsu7Ew9RJ	In My Feelings	Drake	2229525	93	28	1	-18
112	3GJ4hzg4lrGwU51Y3VARbF	Speechless	Dan + Shay	2228275	109	26	85	-3
113	0ZNrc4kNeQYD9koZ3KvCsy	BIG BANK (feat. 2 Chainz, Big Sean, Nicki Minaj)	YG	2225073	103	26	24	-10
114	3GVkPk8mqxz0itaAriG1L7	Everybody Dies In Their Nightmares	XXXTENTACION	2222061	111	75	15	-3
115	4e4fqjx0Izh4svvTef1z7e	Meant to Be (feat. Florida Georgia Line)	Bebe Rexha	2153474	107	32	44	-8
116	6CTWathupIiDs7U4InHnDA	Trip	Ella Mai	2132362	112	16	39	-4
117	4NBTZtAt1F13VvlSKe6KTl	This Feeling	The Chainsmokers	2123389	125	6	111	8
118	5iwz1NiezX7WWjnCgY5TH4	Calma - Remix	Pedro Capó	2122675	114	5	114	-4
119	5OCJzvD7sykQEKHH7qAC3C	God is a woman	Ariana Grande	2092971	101	24	6	-18
120	2uIX8YMNjGMD7441kqyyNU	ocean eyes	Billie Eilish	2090760	128	22	78	8
121	7fa9MBXhVfQ8P8Df9OEbD8	Girls Like You (feat. Cardi B)	Maroon 5	2081778	118	33	9	-3
122	62vpWI1CHwFy7tMIcSStl8	No Role Modelz	J. Cole	2070997	188	84	71	66
123	6GzApXoBQiiAjak3tOQfV3	Lie To Me (feat. Julia Michaels)	5 Seconds of Summer	2048931	123	2	123	0
124	51NFxnQvaosfDDutk0tams	bellyache	Billie Eilish	2040618	135	13	49	11
125	1iPBD72u3nAyFEeardYuBV	Kamikaze	Lil Mosey	2034722	132	14	76	7
126	6gBFPUFcJLzWGx4lenP6h2	goosebumps	Travis Scott	2026369	130	109	16	4
127	4paAidoE8VAemwU4jgCc6l	all my friends	21 Savage	2023745	106	6	20	-21
128	7uiBocndm12aKbsdnQ3Scx	Undecided	Chris Brown	2023695	127	4	127	-1
129	7wBJfHzpfI3032CSD7CE2m	STARGAZING	Travis Scott	2006719	137	26	3	8
130	3CA9pLiwRIGtUBiMjbZmRw	Nice For What	Drake	1997037	126	28	12	-4
131	6rz0dTA0PdhXImFV5EjM0w	Hide (feat. Seezyn)	Juice WRLD	1986632	120	7	100	-11
132	4DyBx5MYoq8RsU33cEAIxT	Twerk (feat. Cardi B)	City Girls	1984228	168	3	132	36
133	42fw0rxRO2xbesF6mJfd4Y	Tequila	Dan + Shay	1974217	139	30	60	6
134	0lsRatBUs9HNIZAmoGABzk	Trampoline	SHAED	1952572	108	5	95	-26
135	0rKtyWc8bvkriBthvHKY8d	SLOW DANCING IN THE DARK	Joji	1950629	149	13	41	14
136	21kOVEG3bDCVphKhXL8XmQ	Walk	Comethazine	1946206	138	12	114	2
137	7KXjTSCq5nL1LoYtL7XAwS	HUMBLE.	Kendrick Lamar	1946009	144	95	1	7
138	5Z3GHaZ6ec9bsiI5BenrbY	Young Dumb & Broke	Khalid	1934394	141	94	6	3
139	7uzmGiiJyRfuViKKK3lVmR	Mine	Bazzi	1928091	140	42	16	1
140	4uP3pUP18ennmz0tb3GphR	Solo de Mi	Bad Bunny	1911980	116	6	55	-24
141	2FY7b99s15jUprqC0M5NCT	Natural	Imagine Dragons	1900495	134	12	45	-7
142	1ZAyjvIk9YiD76yYy0TEG6	Plug Walk	Rich The Kid	1894412	143	27	48	1
143	6GSkLS2y4ZnnZsuRAj975K	Project Dreams	Marshmello	1887692	nan	1	143	new
144	0Fpen1PTuEnCmOJtUU9Iud	New Patek	Lil Uzi Vert	1884014	133	20	4	-11
145	32lItqlMi4LBhb4k0BaSaC	Candy Paint	Post Malone	1859559	145	39	17	0
146	6eYxmK9fdL4hwLnXG2zY3s	Look At Me!	XXXTENTACION	1852574	147	47	33	1
147	60SdxE8apGAxMiRrpbmLY0	Lucky You (feat. Joyner Lucas)	Eminem	1851060	146	22	1	-1
148	4S8d14HvHb70ImctNgVzQQ	I Love It (& Lil Pump)	Kanye West	1844509	142	21	1	-6
149	51w9Jbat1pLeWINGCpnQUR	TAlk tO Me (with Rich The Kid feat. Lil Wayne) - Remix	Tory Lanez	1825841	172	3	149	23
150	09IStsImFySgyp0pIQdqAc	The Middle	Zedd	1816778	151	33	8	1
151	152lZdxL1OR0ZMW6KquMif	Location	Khalid	1813915	156	107	9	5
152	2ZRo7axmMPeSVUvDbGkJah	Hope	XXXTENTACION	1808314	153	38	28	1
153	7oJrVhiTPZGBXWPwhxjy9S	Lust	Lil Skies	1803494	148	53	79	-5
154	1I3ZAmPmbFV78oNKnibOiW	Jumpin on a Jet	Future	1785377	64	2	64	-90
155	3GCdLUSnKSMJhs4Tj6CV3s	All The Stars (with SZA)	Kendrick Lamar	1755984	162	43	3	7
156	4KX8vXbouybtUptEyYxtIk	MoshPit (feat. Juice WRLD)	Kodak Black	1748697	154	7	22	-2
157	1tNJrcVe6gwLEiZCtprs1u	3 Nights	Dominic Fike	1746583	nan	1	157	new
158	5tAa8Uaqr4VvA3693mbIhU	Ruin My Life	Zara Larsson	1742629	121	15	43	-37
159	7ycWLEP1GsNjVvcjawXz3z	Praise The Lord (Da Shine) (feat. Skepta)	A$AP Rocky	1741147	165	35	11	6
160	1a7WZZZH7LzyvorhpOJFTe	Wasted (feat. Lil Uzi Vert)	Juice WRLD	1730919	158	8	126	-2
161	5qHirGR7M9tdm6C17DlzSY	REEL IT IN	Aminé	1726243	169	20	40	8
162	0hPLZrnDgtKxrym1BHjDhd	can't leave without it	21 Savage	1720799	157	6	45	-5
163	1zB4vmk8tFRmM9UULNzbLB	Thunder	Imagine Dragons	1710871	163	24	109	0
164	3wScL5W8H40zzCKN0atfBk	Uproar	Lil Wayne	1705269	161	18	4	-3
165	5kXDF4OmM5COyeo6z97nEk	Harmony Hall	Vampire Weekend	1703918	nan	1	165	new
166	2u7mxWSeoqTXndK5e08jMp	Nowadays (feat. Landon Cube)	Lil Skies	1677657	164	55	30	-2
167	6Hgh47WXVKtXN5zGOu0hjI	OTW	Khalid	1670265	174	38	20	7
168	5uCax9HTNlzGybIStD3vDh	Say You Won't Let Go	James Arthur	1669464	177	83	15	9
169	2Grb4G6t9VIqo6moKUloom	Don't Come Out The House (with 21 Savage)	Metro Boomin	1661350	166	11	33	-3
170	6fFTPGGItuEpjwXRUIr4rk	comethru	Jeremy Zucker	1638043	nan	1	170	new
171	4UKCKdYiLN6IMA5ZESUTL7	the remedy for a broken heart (why am I so in love)	XXXTENTACION	1637403	176	41	18	5
172	278kSqsZIiYp8p3QjYAqa8	NI BIEN NI MAL	Bad Bunny	1634900	171	5	134	-1
173	3V8UKqhEK5zBkBb6d6ub8i	Te Boté - Remix	Nio Garcia	1631177	179	42	42	6
174	04ZTP5KsCypmtCmQg5tH9R	I'm a Mess	Bebe Rexha	1624080	175	27	74	1
175	2rxQMGVafnNaRaXlRMWPde	Beautiful Crazy	Luke Combs	1609298	187	30	109	12
176	7K7MUBCnzgBAvMVW2RTWNs	Body (feat. brando)	Loud Luxury	1605338	178	16	29	2
177	52okn5MNA47tk87PeZJLEL	Let You Down	NF	1603358	182	29	38	5
178	1gm616Plq4ScqNi7TVkZ5N	Call Out My Name	The Weeknd	1601405	180	39	1	2
179	7FjZU7XFs7P9jHI9Z0yRhK	So Close	NOTD	1593196	nan	1	179	new
180	1fCeXjoRExPP2qwSBh2aST	Black & White	Juice WRLD	1587141	186	7	152	6
181	5T8EDUDqKcs6OSOwEsfqG7	Don't Stop Me Now - 2011 Mix	Queen	1585520	197	9	112	16
182	3EikYy40GMSp8l5mDV6IQo	Foot Fungus	Ski Mask The Slump God	1583678	190	8	34	8
183	0pqnGHJpmpxLKifKRmU6WP	Believer	Imagine Dragons	1582918	184	24	124	1
184	2TIlqbIneP0ZY1O0EzYLlc	Someone You Loved	Lewis Capaldi	1575910	nan	1	184	new
185	5Gu0PDLN4YJeW75PpBSg9p	Let Me Go (with Alesso, Florida Georgia Line & watt)	Hailee Steinfeld	1573441	185	6	59	0
186	0CZ8lquoTX2Dkg7Ak2inwA	1950	King Princess	1564559	nan	17	72	re-enter
187	1n8wr8tRHs5jmBxNWXedcn	Bands (feat. Ohgeesy, Fenix Flexin & Master Kato)	Shoreline Mafia	1560527	nan	2	179	re-enter
188	6xcJyGpfZbuuiequtnlKt4	BUTTERFLY EFFECT	Travis Scott	1554874	192	24	26	4
189	40oKW22ZNNkEdZLJTScaQI	Roll In Peace (feat. XXXTENTACION)	Kodak Black	1551645	191	74	24	2
190	7yotKA30dwTKNEGomV9ZsI	KOD	J. Cole	1548488	nan	23	2	re-enter
191	5WtfUKzXircvW8l5aaVZWT	What A Time (feat. Niall Horan)	Julia Michaels	1543627	nan	1	191	new
192	5nzhL67GpF9szXWg5y509A	Close Friends (Lil Baby & Gunna)	Lil Baby	1543374	199	16	39	7
193	1Knctxx9vGZxpZfF66BIEa	Legends	Juice WRLD	1521378	189	30	68	-4
194	4mHgYpuGHu99Mw69E83CP2	Taking A Walk	Trippie Redd	1520822	194	24	13	0
195	2eAZfqOm4EnOF9VvN50Tyc	The Way Life Goes (feat. Oh Wonder)	Lil Uzi Vert	1519737	195	70	8	0
196	6n4U3TlzUGhdSFbUUhTvLP	Walk It Talk It	Migos	1518881	nan	50	6	re-enter
197	6vsV4D8BM6PioRr1UOx0n2	you should see me in a crown	Billie Eilish	1511944	nan	17	33	re-enter
198	2RSHsoi04658QL5xgQVov3	Bad Liar	Imagine Dragons	1511858	170	12	28	-28
199	2qGfZAgDe1pV2y5xJAhi6R	Slime Belief	YoungBoy Never Broke Again	1511526	nan	1	199	new
200	0FQhAHyHGsrbSHvDURmFPn	my boy	Billie Eilish	1507354	nan	4	174	re-enter
