position	song_id	song_name	artist	streams	last_week_position	weeks_on_chart	peak_position	position_status
1	2Fxmhks0bxGSBdJ92vM42m	bad guy	Billie Eilish	18516701	nan	1	1	new
2	53CJANUxooaqGOtdsBTh7O	Old Town Road	Lil Nas X	12953835	3	3	2	1
3	3Fj47GNK2kUF0uaEDgXLaD	wish you were gay	Billie Eilish	11595540	nan	1	3	new
4	4SSnFejRGlZikf02HLewEF	bury a friend	Billie Eilish	9743807	nan	1	4	new
5	43zdsphuZLzwA9k4DJhU0I	when the party's over	Billie Eilish	9024389	nan	1	5	new
6	3KkXRkHbMCARz0aVfEt68P	Sunflower - Spider-Man: Into the Spider-Verse	Post Malone	9013744	1	14	1	-5
7	4QIo4oxwzzafcBWkKjDpXY	xanny	Billie Eilish	8959348	nan	1	7	new
8	6IRdLKIyS4p7XNiP8r6rsx	all the good girls go to hell	Billie Eilish	8701017	nan	1	8	new
9	2JvzF1RMd7lE3KmFlsyZD8	MIDDLE CHILD	J. Cole	8668475	2	11	1	-7
10	3Tc57t9l2O8FwQZtQOvPXK	my strange addiction	Billie Eilish	8197752	nan	1	10	new
11	3XF5xLJHOQQRbWya6hBp7d	you should see me in a crown	Billie Eilish	8131854	nan	1	11	new
12	1wJRveJZLSb1rjhnUHQiv6	Swervin (feat. 6ix9ine)	A Boogie Wit da Hoodie	7398540	9	15	9	-3
13	7eBqSVxrzQZtK2mmgRG6lC	Murder On My Mind	YNW Melly	7357739	5	28	4	-8
14	6MWtB6iiXyIwun0YzU6DFP	Wow.	Post Malone	7352330	6	15	2	-8
15	6ocbgoVGwYJhOv1GgI9NsF	7 rings	Ariana Grande	7226775	4	8	1	-11
16	2IRZnDFmlqMuOrYOLnZZyc	Going Bad (feat. Drake)	Meek Mill	7042212	8	18	2	-8
17	6CcJMwBtXByIz4zQLzFkKc	i love you	Billie Eilish	6810833	nan	1	17	new
18	7qEKqBCD2vE5vIBsrUitpD	ilomilo	Billie Eilish	6777872	nan	1	18	new
19	4y3OI86AEP6PQoDE6olYhO	Sucker	Jonas Brothers	6581575	7	5	1	-12
20	0tMSssfxAL2oV8Vri0mFHE	listen before i go	Billie Eilish	6375640	nan	1	20	new
21	4kV4N9D1iKVxx1KLvtTpjS	break up with your girlfriend, i'm bored	Ariana Grande	5978831	10	8	1	-11
22	6Hj9jySrnFppAI0sEMCZpJ	Robbery	Juice WRLD	5975912	11	4	3	-11
23	6X29iaaazwho3ab7GNue5r	8	Billie Eilish	5857341	nan	1	23	new
24	6vWEAOUSxohKxhp0K1BsxL	Mixed Personalities (feat. Kanye West)	YNW Melly	5833416	12	11	12	-12
25	63cd4JkwGgYJrbOizbfmsp	Pure Water (with Migos)	Mustard	5823815	13	11	13	-12
26	2t8yVaLvJ0RenpXUIAC52d	a lot	21 Savage	5111802	14	15	7	-12
27	78QR3Wp35dqAhFEc2qAGjE	Drip Too Hard (Lil Baby & Gunna)	Lil Baby	4902110	15	26	1	-12
28	0rTV5WefWd1J3OwIheTzxM	Talk	Khalid	4573073	18	8	13	-10
29	3LgWsmilsrWXiPYQFRD0T7	goodbye	Billie Eilish	4567473	nan	1	29	new
30	1ThmUihH9dF8EV08ku5AXN	Faucet Failure	Ski Mask The Slump God	4458224	29	17	29	-1
31	3oh6SCCeLuXhFpEyepla6G	Thotiana	Blueface	4420110	17	13	9	-14
32	2xLMifQCjDGFmkHkpNLD9h	SICKO MODE	Travis Scott	4346452	19	35	1	-13
33	3e9HZxeyfWwjeyPAMmWSSQ	thank u, next	Ariana Grande	4283732	20	8	7	-13
34	5p7ujcrUXASCNwRaWNHR1C	Without Me	Halsey	4279322	22	26	5	-12
35	3Ol2xnObFdKV9pmRD2t9x8	Look Back at It	A Boogie Wit da Hoodie	4242388	21	15	9	-14
36	2dpaYNEQHiRxtZbfNsse99	Happier	Marshmello	4183150	25	33	8	-11
37	05t7JMip6JrLuSrMV5yYjX	Envy Me	Calboy	4125970	37	14	37	0
38	1DUSuNhF8P5vUGNPpQiZa5	My Bad	Khalid	4114191	24	4	24	-14
39	5icOoE6VgqFKohjWWNp0Ac	Here With Me	Marshmello	3976421	16	4	16	-23
40	6zeeWid2sgw4lap2jV61PZ	Better	Khalid	3972727	38	23	12	-2
41	1NJcg626wLln4pGHpiV7mf	lovely	Billie Eilish	3870295	49	17	36	8
42	285pBltuF7vW8TeWk8hdRR	Lucid Dreams	Juice WRLD	3839642	34	17	11	-8
43	6Qs4SXO9dwPj5GKvVOv8Ki	Dancing With A Stranger (with Normani)	Sam Smith	3836296	33	12	12	-10
44	0PG9fbaaHFHfre2gUVo7AN	Please Me	Cardi B	3775977	30	7	15	-14
45	4ZT9FnbFu1PaBfV3itxiqT	I	Lil Skies	3773875	39	5	16	-6
46	7FGq80cy8juXBCD2nrqdWU	Eastside (with Halsey & Khalid)	benny blanco	3661833	43	17	25	-3
47	0FZ4Dmg8jJJAPJnvBIzD9z	ZEZE (feat. Travis Scott & Offset)	Kodak Black	3659331	32	16	4	-15
48	2VxeLyX666F8uXCJ0dZF8B	Shallow	Lady Gaga	3651500	36	26	10	-12
49	1xzBco0xcoJEDXktl7Jxrr	Mo Bamba	Sheck Wes	3507126	40	26	1	-9
50	7dt6x5M1jzdTEt8oCbisTK	Better Now	Post Malone	3486909	44	49	1	-6
51	2qxmye6gAegTMjLKEBoR3d	Let Me Down Slowly	Alec Benjamin	3485767	58	12	49	7
52	6tsOcBnaKgzK22yEiqRh8P	MONOPOLY (with Victoria Monét)	Ariana Grande	3431888	nan	1	52	new
53	3KLo7ByvjCNyBrfz5DZ2mO	Splashin	Rich The Kid	3373435	27	2	27	-26
54	3ee8Jmje8o58CHK66QrVC2	SAD!	XXXTENTACION	3300010	46	55	1	-8
55	5kfNriitmkNE8mUbZ7gbq8	Saturday Nights	Khalid	3259322	50	23	14	-5
56	7COXchtUOMd6uIT6HvmRaI	i'm so tired...	Lauv	3181936	41	10	23	-15
57	2G1tXoGBaEMJ7FKGnkf6ud	Wake Up in the Sky	Gucci Mane	3158955	47	17	13	-10
58	6ya8ejoKgw906Y8LWclqrp	Racks in the Middle (feat. Roddy Ricch and Hit-Boy)	Nipsey Hussle	3146928	nan	1	58	new
59	6MjNilJCVKJq0LfFvo5jWJ	Fast	Juice WRLD	2976955	31	4	8	-28
60	0JP9xo3adEtGSdUEISiszL	Moonlight	XXXTENTACION	2971187	54	55	3	-6
61	14mHfNsSHN0FbLftyjrV9g	Leave Me Alone	Flipp Dinero	2964864	51	31	10	-10
62	40T5GIqQ1CegGm2PTEl8Bu	idontwannabeyouanymore	Billie Eilish	2946560	77	17	48	15
63	5wujBwqG7INdStqGd4tRMX	Armed And Dangerous	Juice WRLD	2939571	55	17	24	-8
64	2GGMabyHXnJmjY6CXhhB2e	Money	Cardi B	2903293	48	24	17	-16
65	13ZyrkCDmRz5xY3seuAWYk	Hear Me Calling	Juice WRLD	2858936	52	4	16	-13
66	2rxQMGVafnNaRaXlRMWPde	Beautiful Crazy	Luke Combs	2849439	85	39	66	19
67	1rqqCSm0Qe4I9rUvWncaom	High Hopes	Panic! At The Disco	2828073	59	41	13	-8
68	3npzogdOEiVsieXmmhBepL	The Bones	Maren Morris	2814934	60	4	60	-8
69	5w9c2J52mkdntKOmRLeM2m	Con Calma	Daddy Yankee	2808603	45	8	45	-24
70	577YBGuskWkVDCxZrLRB4v	Pure Cocaine	Lil Baby	2808578	57	18	52	-13
71	5WHTFyqSii0lmT9R21abT8	Don't Call Me Up	Mabel	2783053	69	8	69	-2
72	1fewSx2d5KIZ04wsooEBOz	Space Cadet (feat. Gunna)	Metro Boomin	2771788	63	20	37	-9
73	0e7ipj03S05BNilyu5bRzt	rockstar (feat. 21 Savage)	Post Malone	2752846	66	49	9	-7
74	6eiztdXRkooWsBt2xToMWI	Make Believe	Juice WRLD	2731558	56	4	24	-18
75	29uWfSrklmIxzRIqFFK9jj	Self	Khalid	2709308	nan	1	75	new
76	25sgk305KZfyuqVBQIahim	Sweet but Psycho	Ava Max	2684138	68	26	36	-8
77	4hqOmrCCJKyiuwDexd8c2t	Price On My Head (feat. The Weeknd)	NAV	2682967	nan	1	77	new
78	4TWflhgevIGo448fWc6mQq	Red Room	Offset	2673429	61	6	22	-17
79	0NJp8GyCOWnQh71xKSPfuV	Freaky	Tory Lanez	2657704	92	3	79	13
80	2H4gf1wLxvYreMj1jcaN0k	Be Alright	Dean Lewis	2639403	67	2	67	-13
81	7m9OqQk4RVRkw9JJdeAw96	Jocelyn Flores	XXXTENTACION	2598918	73	84	3	-8
82	0fcq51a3gOI6gPvzc0YLsk	Wow. - Remix	Post Malone	2582381	75	2	75	-7
83	2uIX8YMNjGMD7441kqyyNU	ocean eyes	Billie Eilish	2557482	107	31	78	24
84	116H0KvKr2Zl4RPuVBruDO	MIA (feat. Drake)	Bad Bunny	2549051	72	25	2	-12
85	0jAfdqv18goRTUxm3ilRjb	Startender (feat. Offset and Tyga)	A Boogie Wit da Hoodie	2546436	81	15	17	-4
86	5AjINjwKyRvQJhSe2zpPHi	Pop Out (feat. Lil Tjay)	Polo G	2519033	130	2	86	44
87	4eIT2gZ0WZyJpgfmoD6saJ	Act Up	City Girls	2505237	94	5	87	7
88	0TlLq3lA83rQOYtrqBqSct	Nonstop	Drake	2505160	71	37	5	-17
89	5SHhPFh68OhUmuRPymKX9d	Undrunk	FLETCHER	2495644	82	4	82	-7
90	4u7EnebtmKWzUH433cf5Qv	Bohemian Rhapsody - 2011 Mix	Queen	2474148	76	2	76	-14
91	2MShy1GSSgbmGUxADNIao5	Calling My Spirit	Kodak Black	2457615	84	16	31	-7
92	0rKtyWc8bvkriBthvHKY8d	SLOW DANCING IN THE DARK	Joji	2441283	98	22	41	6
93	75ZvA4QfFiZvzhj2xkaWAh	I Fall Apart	Post Malone	2435652	90	81	2	-3
94	5IaHrVsrferBYDm0bDyABy	Taste (feat. Offset)	Tyga	2431861	83	46	4	-11
95	3swc6WTsr7rl9DqQKQA55C	Psycho (feat. Ty Dolla $ign)	Post Malone	2419858	87	49	2	-8
96	11cDEev79fPKi6uJCjUhu8	Who Do You Love	The Chainsmokers	2404384	93	8	33	-3
97	41MCdlvXOl62B7Kv86Bb1v	Empty	Juice WRLD	2385889	65	4	13	-32
98	6vN77lE9LK6HP2DewaN6HZ	Yes Indeed	Lil Baby	2381721	88	46	2	-10
99	51NFxnQvaosfDDutk0tams	bellyache	Billie Eilish	2374061	109	22	49	10
100	6JQvHMSaR8flFsN53ypOfP	Noticed	Lil Mosey	2361422	91	24	23	-9
101	4VXIryQMWpIdGgYR4TrjT1	All Girls Are The Same	Juice WRLD	2347625	89	17	66	-12
102	58q2HKrzhC3ozto2nDdN4z	I Like It	Cardi B	2334945	86	52	3	-16
103	4SPu0Ql902hTVXkBoNIYtq	NASA	Ariana Grande	2333221	70	8	3	-33
104	7sO5G9EABYOXQKNPNiE9NR	Ric Flair Drip (& Metro Boomin)	Offset	2309523	95	75	4	-9
105	2iUXsYOEPhVqEBwsqP70rE	Youngblood	5 Seconds of Summer	2301492	96	42	17	-9
106	7pMRoGLEJuFM2wl5pt0R99	Legacy (feat. Travis Scott & 21 Savage)	Offset	2279556	102	6	19	-4
107	1WSGTYKLEpKfNQYYW5Oymt	I Can’t Get Enough (benny blanco, Selena Gomez, J Balvin, Tainy)	benny blanco	2276082	35	5	27	-72
108	1Pz3QmQFBFuI60rxCQBeW6	Kills You Slowly	The Chainsmokers	2275715	nan	1	108	new
109	1TEL6MlSSVLSdhOSddidlJ	needy	Ariana Grande	2273044	78	8	4	-31
110	5JEx7HbmvHQQswJCsoo9rA	Close To Me (with Diplo) (feat. Swae Lee)	Ellie Goulding	2256301	99	23	33	-11
111	6ZRuF2n1CQxyxxAAWsKJOy	Nights Like This (feat. Ty Dolla $ign)	Kehlani	2247178	80	6	30	-31
112	7AQim7LbvFVZJE3O8TYgf2	Fuck Love (feat. Trippie Redd)	XXXTENTACION	2235372	101	84	8	-11
113	5CE0V7z1ePOZQNJNpWxYGA	Confessions of a Dangerous Mind	Logic	2128344	28	2	28	-85
114	7GX5flRQZVHRAGd6B4TmDO	XO Tour Llif3	Lil Uzi Vert	2121989	112	84	2	-2
115	4dAMdQ6g4kGmnc1MDHsg77	Shotta Flow	NLE Choppa	2110012	158	3	115	43
116	7uH27oIt4a6cIFCA8ZPcyG	Baila Baila Baila	Ozuna	2086385	100	9	100	-16
117	6fIjnWrv46njJHLDAY2JdC	Dedication (feat. Kendrick Lamar)	Nipsey Hussle	2068809	nan	1	117	new
118	4dTiQezDWmEOWcdCbWVWMp	Numb Numb Juice	ScHoolboy Q	2052397	64	3	23	-54
119	6GSkLS2y4ZnnZsuRAj975K	Project Dreams	Marshmello	2050319	131	10	119	12
120	42fw0rxRO2xbesF6mJfd4Y	Tequila	Dan + Shay	2050192	125	39	60	5
121	3a1lNhkSLSkpJE4MSHpDu9	Congratulations	Post Malone	2046339	114	118	5	-7
122	39xWBHPM4E9MwzEy5gbM7p	Last Time That I Checc'd (feat. YG)	Nipsey Hussle	2044720	nan	1	122	new
123	2P91MQbaiQOfbiz9VqhqKQ	I Like Me Better	Lauv	2044596	110	43	79	-13
124	4e4fqjx0Izh4svvTef1z7e	Meant to Be (feat. Florida Georgia Line)	Bebe Rexha	2033419	116	41	44	-8
125	4XiGKQqbmnMVxDzUj6j3f2	Worth It	YK Osiris	2010181	119	5	119	-6
126	6DCZcSspjsKoFjzjrWoCdn	God's Plan	Drake	1996826	117	37	16	-9
127	4w8niZpiMy6qz1mntFA5uM	Taki Taki (with Selena Gomez, Ozuna & Cardi B)	DJ Snake	1983660	106	27	7	-21
128	25F6MWrnFBCXVnpN4n76EK	Keanu Reeves	Logic	1981893	105	11	13	-23
129	5Z3GHaZ6ec9bsiI5BenrbY	Young Dumb & Broke	Khalid	1979224	127	103	6	-2
130	74lnM5V6ecvoTPV0fvptx9	Nuketown (feat. Juice WRLD)	Ski Mask The Slump God	1962733	118	18	18	-12
131	7AFASza1mXqntmGtbxXprO	changes	XXXTENTACION	1955156	123	55	7	-8
132	3GJ4hzg4lrGwU51Y3VARbF	Speechless	Dan + Shay	1913794	136	35	85	4
133	4qKcDkK6siZ7Jp1Jb4m0aL	Look Alive (feat. Drake)	BlocBoy JB	1900184	126	60	3	-7
134	152lZdxL1OR0ZMW6KquMif	Location	Khalid	1886161	140	116	9	6
135	5T8EDUDqKcs6OSOwEsfqG7	Don't Stop Me Now - 2011 Mix	Queen	1885968	122	18	102	-13
136	2qG5sZ7Si6sdK74qLxedYM	Con Altura	ROSALÍA	1877898	nan	1	136	new
137	4OBZT9EnhYIV17t4pGw7ig	Best Part (feat. Daniel Caesar)	H.E.R.	1865273	120	44	68	-17
138	3R9j8urSPiBbapNbyuSYkE	Grinding All My Life	Nipsey Hussle	1863604	nan	2	138	re-enter
139	39LmTF9RgyakzSYX8txrow	imagine	Ariana Grande	1862178	108	8	13	-31
140	5W83ErFkO3aKAIS1WMi6u0	Secreto	Anuel AA	1859721	104	11	92	-36
141	5rU6kDNXZLXIinFezpbWbO	Tap (feat. Meek Mill)	NAV	1844475	nan	1	141	new
142	4VUwkH455At9kENOfzTqmF	Beautiful (feat. Camila Cabello)	Bazzi	1835329	142	35	30	0
143	7lAK3oHbfEnvUQWosrMMpR	YOSEMITE	Travis Scott	1834799	134	35	7	-9
144	3oDkdAySo1VQQG0ptV7uwa	Lean Wit Me	Juice WRLD	1832744	135	17	79	-9
145	62vpWI1CHwFy7tMIcSStl8	No Role Modelz	J. Cole	1826499	139	93	71	-6
146	3wLtYwtqvKK2ewelSVPeDK	Die Young	Roddy Ricch	1819968	nan	1	146	new
147	4NBTZtAt1F13VvlSKe6KTl	This Feeling	The Chainsmokers	1818936	129	15	104	-18
148	4iVD0fTHGxV9JWloujsL3s	Double Up (feat. Belly and Dom Kennedy)	Nipsey Hussle	1818737	nan	1	148	new
149	6gBFPUFcJLzWGx4lenP6h2	goosebumps	Travis Scott	1809803	141	118	16	-8
150	7KXjTSCq5nL1LoYtL7XAwS	HUMBLE.	Kendrick Lamar	1804755	143	104	1	-7
151	51w9Jbat1pLeWINGCpnQUR	TAlk tO Me (with Rich The Kid feat. Lil Wayne) - Remix	Tory Lanez	1801192	132	12	123	-19
152	5274I4mUMnYczyeXkGDWZN	Fine China	Future	1791000	137	24	6	-15
153	1KVczjazCcCCgM3gXXUl47	Roses (with Juice WRLD feat. Brendon Urie)	benny blanco	1784926	138	17	46	-15
154	0FQhAHyHGsrbSHvDURmFPn	my boy	Billie Eilish	1755337	178	11	147	24
155	2hloaUoRonYssMuqLCBLTX	bloodline	Ariana Grande	1749483	113	8	6	-42
156	4mUIe9gfsdtsVP2zFIl74x	Maze	Juice WRLD	1748142	111	4	28	-45
157	7uzmGiiJyRfuViKKK3lVmR	Mine	Bazzi	1730212	148	51	16	-9
158	7fa9MBXhVfQ8P8Df9OEbD8	Girls Like You (feat. Cardi B)	Maroon 5	1728168	146	42	9	-12
159	7EQpvVujgytLVY8vKiDHAg	bad idea	Ariana Grande	1721876	121	8	5	-38
160	2qT1uLXPVPzGgFOx4jtEuo	no tears left to cry	Ariana Grande	1720174	144	33	18	-16
161	3CA9pLiwRIGtUBiMjbZmRw	Nice For What	Drake	1701055	149	37	12	-12
162	0i0wnv9UoFdZ5MfuFGQzMy	Last Hurrah	Bebe Rexha	1699848	103	7	63	-59
163	7DHApOHsIFo7EyfieArYGE	Walk Me Home	P!nk	1698305	167	6	130	4
164	2G7V7zsVDxg1yRsu7Ew9RJ	In My Feelings	Drake	1696859	147	37	1	-17
165	2Jh3UqxnHJMyzMzku4uOtE	Feeling	Juice WRLD	1687705	177	4	55	12
166	2gwkD6igEhQbDQegRCcdoB	Suge	DaBaby	1680286	nan	1	166	new
167	2qGfZAgDe1pV2y5xJAhi6R	Slime Belief	YoungBoy Never Broke Again	1662374	150	7	150	-17
168	09IStsImFySgyp0pIQdqAc	The Middle	Zedd	1653592	155	42	8	-13
169	3GVkPk8mqxz0itaAriG1L7	Everybody Dies In Their Nightmares	XXXTENTACION	1650568	154	84	15	-15
170	0AluA5RNsa4Cx6XRhf2hWZ	10 Freaky Girls (with 21 Savage)	Metro Boomin	1648248	124	20	22	-46
171	32lItqlMi4LBhb4k0BaSaC	Candy Paint	Post Malone	1642512	157	48	17	-14
172	0ZNrc4kNeQYD9koZ3KvCsy	BIG BANK (feat. 2 Chainz, Big Sean, Nicki Minaj)	YG	1624057	152	35	24	-20
173	45Egmo7icyopuzJN0oMEdk	Love Lies (with Normani)	Khalid	1622086	172	59	9	-1
174	6rz0dTA0PdhXImFV5EjM0w	Hide (feat. Seezyn)	Juice WRLD	1601180	162	14	100	-12
175	04MLEeAMuV9IlHEsD8vF6A	No Stylist	French Montana	1596586	153	28	21	-22
176	4jvjzW7Hm0yK4LvvE0Paz9	Falling Down - Bonus Track	Lil Peep	1590635	160	21	16	-16
177	1iPBD72u3nAyFEeardYuBV	Kamikaze	Lil Mosey	1589480	164	23	76	-13
178	4bi9YrkOvmg4Eb7h00AW2c	Fall Threw (feat. Young Thug & Gunna)	Rich The Kid	1581299	74	2	74	-104
179	4QIyEq7TcTdAcxjI2AFlAK	FEFE	6ix9ine	1576636	163	17	37	-16
180	79esEXlqqmq0GPz0xQSZTV	Lost In Japan	Shawn Mendes	1576621	174	9	140	-6
181	67fNrBUMc7iWMofdCaoJV9	Bleed It	Blueface	1574928	156	11	85	-25
182	7hzlzoOwCZ4D3Ow5YZK4kj	Insomnia	Daya	1564487	nan	1	182	new
183	5nzhL67GpF9szXWg5y509A	Close Friends (Lil Baby & Gunna)	Lil Baby	1564066	176	24	39	-7
184	7oJrVhiTPZGBXWPwhxjy9S	Lust	Lil Skies	1560909	173	62	79	-11
185	5iwz1NiezX7WWjnCgY5TH4	Calma - Remix	Pedro Capó	1557810	184	14	114	-1
186	1ttPzkTSpQUFcEGx8bjerL	Every Season	Roddy Ricch	1539859	185	3	185	-1
187	5uCax9HTNlzGybIStD3vDh	Say You Won't Let Go	James Arthur	1539853	180	92	15	-7
188	5vdp5UmvTsnMEMESIF2Ym7	Another One Bites The Dust - Remastered 2011	Queen	1538553	168	11	107	-20
189	22An65gG31JLf9n18qjdhZ	BAD!	XXXTENTACION	1537680	169	17	5	-20
190	3wFLWP0FcIqHK1wb1CPthQ	fake smile	Ariana Grande	1530020	145	8	8	-45
191	6foY66mWZN0pSRjZ408c00	Whiskey Glasses	Morgan Wallen	1523578	188	3	178	-3
192	6PfI6EeLNiNGVAVg11nv7D	Speed It Up	Gunna	1507055	170	6	55	-22
193	4KXDT3pmPDB9IB6hTUoGpd	I Like Girls (feat. Lil Skies)	PnB Rock	1505390	166	2	166	-27
194	1zB4vmk8tFRmM9UULNzbLB	Thunder	Imagine Dragons	1496561	191	31	109	-3
195	1ZAyjvIk9YiD76yYy0TEG6	Plug Walk	Rich The Kid	1488802	175	36	48	-20
196	14SaZBTjxlorHJQxXh01Hu	Girls Need Love (with Drake) - Remix	Summer Walker	1487259	115	4	80	-81
197	0pqnGHJpmpxLKifKRmU6WP	Believer	Imagine Dragons	1483708	195	28	124	-2
198	2BSbCCbaSCzkOEZa6N5901	Flaws And Sins	Juice WRLD	1476379	128	4	51	-70
199	5aXgz1oKK8Q9z9xvTmSnrO	Topanga	Trippie Redd	1473858	183	21	11	-16
200	698eQRku24PIYPQPHItKlA	She Got the Best of Me	Luke Combs	1468057	nan	5	163	re-enter
