position	song_id	song_name	artist	streams	last_week_position	weeks_on_chart	peak_position	position_status
1	1kBbgxAUc4HQv7cgIayIDH	Ransom	Lil Tecca	11038808	4	6	1	3
2	6v3KW9xbzN5yKLt9YKDYA2	Señorita	Shawn Mendes	9659451	nan	1	2	new
3	5qmq61DAAOUaW8AUo8xKhh	Truth Hurts	Lizzo	9122327	3	13	3	0
4	6vBdBCoOhKHiYDDOcorfNo	Goodbyes (Feat. Young Thug)	Post Malone	8944694	2	4	1	-2
5	5ry2OE6R2zPQFDO85XkgRb	Money In The Grave (Drake ft. Rick Ross)	Drake	8177467	5	7	1	0
6	6fTt0CH2t0mdeB2N9XFG5r	Panini	Lil Nas X	7795403	6	6	2	0
7	3KkXRkHbMCARz0aVfEt68P	Sunflower - Spider-Man: Into the Spider-Verse	Post Malone	6414147	8	31	1	1
8	70eFcWOvlMObDhURTqT4Fv	Beautiful People (feat. Khalid)	Ed Sheeran	6208974	7	3	6	-1
9	6XHVuErjQ4XNm6nDPVCxVX	No Guidance (feat. Drake)	Chris Brown	6055241	20	5	9	11
10	00ko9WaS4jOX1kEk3gvHjf	Hot Shower	Chance the Rapper	6049253	nan	1	10	new
11	2gwkD6igEhQbDQegRCcdoB	Suge	DaBaby	5900442	9	18	4	-2
12	51Fjme0JiitpyXKuyQiCDo	Lalala	Y2K	5666864	14	5	12	2
13	6b2RcmUt1g9N9mQ3CbjX2Y	How Do You Sleep?	Sam Smith	5317605	10	2	10	-3
14	7DcvwMAiqKJQD1rrdfxSDx	The London (feat. J. Cole & Travis Scott)	Young Thug	5219135	12	10	1	-2
15	2Fxmhks0bxGSBdJ92vM42m	bad guy	Billie Eilish	5208397	11	18	1	-4
16	6uFn47ACjqYkc0jADwEdj1	Pop Out (feat. Lil Tjay)	Polo G	4631718	19	8	8	3
17	2YpeDb67231RjR0MgVLzsG	Old Town Road - Remix	Lil Nas X	4594119	nan	1	17	new
18	6wo37KVqFJhtuxPTpLCcfe	Takeaway (feat. Lennon Stella)	The Chainsmokers	4582454	nan	1	18	new
19	4aPB8rSxGFISs0o6V2LrTy	Gold Roses (feat. Drake)	Rick Ross	4483677	nan	1	19	new
20	1DhRbox3xkceP64k3JeYfW	Antisocial (with Travis Scott)	Ed Sheeran	4427660	13	3	7	-7
21	4hPpVbbakQNv8YTHYaOJP4	One Thing Right	Marshmello	4418097	15	6	15	-6
22	0hVXuCcriWRGvwMV1r5Yn9	I Don't Care (with Justin Bieber)	Ed Sheeran	4354274	17	3	9	-5
23	3Y7MHz19qCg1Pkxridtu1k	The Archer	Taylor Swift	4342435	45	2	23	22
24	6TqXcAFInzjp0bODyvrWEq	Talk (feat. Disclosure)	Khalid	4324687	22	17	6	-2
25	67XyC1GdSkKb9sbRRkUDXS	Shotta Flow (Feat. Blueface) [Remix]	NLE Choppa	4135497	28	5	25	3
26	3yNZ5r3LKfdmjoS3gkhUCT	bad guy (with Justin Bieber)	Billie Eilish	4074282	18	3	11	-8
27	7qEHsqek33rTcFNT9PFqLf	Someone You Loved	Lewis Capaldi	4072381	31	11	27	4
28	4ak7xjvBeBOcJGWFDX9w5n	Rodeo	Lil Nas X	3985077	21	6	9	-7
29	67xBtV07CC73eFw7z5oCvU	Do You Remember	Chance the Rapper	3953158	nan	1	29	new
30	2nKYHpmwjLaEOXS3o7QMiz	Baby	Quality Control	3902309	23	2	23	-7
31	6uAm7pG66O1XesXS9bpHSF	Good As Hell	Lizzo	3877457	32	7	31	1
32	6moU77g9RQyMzHNuKEaQKq	It's You	Ali Gatie	3843307	24	7	17	-8
33	5hVghJ4KaYES3BFUATCYn0	EARFQUAKE	Tyler, The Creator	3644318	27	11	1	-6
34	6MWtB6iiXyIwun0YzU6DFP	Wow.	Post Malone	3630033	29	32	2	-5
35	2JvzF1RMd7lE3KmFlsyZD8	MIDDLE CHILD	J. Cole	3607484	30	28	1	-5
36	1g3ErLqysBJ5EIGdYYMWFZ	All Day Long	Chance the Rapper	3533729	nan	1	36	new
37	2bT1PH7Cw3J9p3t7nlXCdh	If I Can't Have You	Shawn Mendes	3505020	nan	1	37	new
38	29fRTIKsJhLUJoldM89GZS	You Need To Calm Down	Taylor Swift	3455590	26	7	2	-12
39	1kK6DwzyXJSp58u5HYWwuD	Go Loko (feat. Tyga, Jon Z)	YG	3447799	25	10	17	-14
40	5dW1VZPcFqB4n0P08rGDgm	The Git Up	Blanco Brown	3435022	35	7	34	-5
41	2ksOAxtIxY8yElEWw8RhgK	China	Anuel AA	3294228	66	2	41	25
42	2TH65lNHgvLxCKXM3apjxI	Callaita	Bad Bunny	3216426	44	9	41	2
43	3XiNC94b4Tq1xwv70sQJGN	Sanguine Paradise	Lil Uzi Vert	3213510	37	17	6	-6
44	2zjGJ0dChMR0KxBZS15aqo	Baguettes in the Face (feat. NAV, Playboi Carti & A Boogie Wit da Hoodie)	Mustard	3171724	34	5	34	-10
45	1wJRveJZLSb1rjhnUHQiv6	Swervin (feat. 6ix9ine)	A Boogie Wit da Hoodie	3098439	39	32	7	-6
46	2IRZnDFmlqMuOrYOLnZZyc	Going Bad (feat. Drake)	Meek Mill	3089644	40	35	2	-6
47	1gZFRYcPz3wKevEaNYRwfW	Time - Edit	NF	3017865	nan	1	47	new
48	78QR3Wp35dqAhFEc2qAGjE	Drip Too Hard (Lil Baby & Gunna)	Lil Baby	2998193	51	43	1	3
49	1xsP6AITcWNigBYBYVnVZw	Handsome	Chance the Rapper	2991472	nan	1	49	new
50	6ocbgoVGwYJhOv1GgI9NsF	7 rings	Ariana Grande	2900862	49	25	1	-1
51	6kls8cSlUyHW2BUOkDJIZE	Hate Me (with Juice WRLD)	Ellie Goulding	2897102	52	5	51	1
52	3j84U36KvLeXNDPv4t5pI8	Pure Water (with Migos)	Mustard	2866034	48	5	38	-4
53	43zdsphuZLzwA9k4DJhU0I	when the party's over	Billie Eilish	2848557	47	18	5	-6
54	05CwHjIk71RXVU40boRMnR	Call You Mine	The Chainsmokers	2830538	41	9	23	-13
55	5LeStoyvjAHpM52IYogOq0	Eternal	Chance the Rapper	2829295	nan	1	55	new
56	22vgEDb5hykfaTwLuskFGD	Sucker	Jonas Brothers	2822071	42	8	10	-14
57	5PYQUBXc7NYeI1obMKSJK0	Never Really Over	Katy Perry	2701138	55	9	10	-2
58	7eBqSVxrzQZtK2mmgRG6lC	Murder On My Mind	YNW Melly	2687644	59	45	4	1
59	01GmGxOPy22EdAZGC0X6q1	We Go High	Chance the Rapper	2671483	nan	1	59	new
60	5rU6kDNXZLXIinFezpbWbO	Tap (feat. Meek Mill)	NAV	2669940	50	13	50	-10
61	5lw8Mgb4LyhriPIC86gV6e	RNP (feat. Anderson .Paak)	YBN Cordae	2662791	nan	1	61	new
62	0u2P5u6lvoDfwTYjAADbn4	lovely (with Khalid)	Billie Eilish	2647313	58	45	24	-4
63	4wuCQX7JvAZLlrcmH4AeZF	Cross Me (feat. Chance the Rapper & PnB Rock)	Ed Sheeran	2641092	43	3	23	-20
64	6zeeWid2sgw4lap2jV61PZ	Better	Khalid	2612503	64	40	10	0
65	4R9ATNRRl1uth17i5qDCc0	I.F.L.Y.	Bazzi	2605868	54	2	54	-11
66	3EtyEzMpfKSaoVhPunvbRV	Leave Me Alone	NF	2598960	nan	1	66	new
67	7IP0lO9tHfNwBWZ9X6TJ84	Single Again	Big Sean	2590134	nan	1	67	new
68	7FGq80cy8juXBCD2nrqdWU	Eastside (with Halsey & Khalid)	benny blanco	2569683	67	34	25	-1
69	285pBltuF7vW8TeWk8hdRR	Lucid Dreams	Juice WRLD	2562338	65	34	11	-4
70	7rvyVWja33WG9R97oeJAjx	Envy Me	Calboy	2558779	69	9	29	-1
71	6CcJMwBtXByIz4zQLzFkKc	i love you	Billie Eilish	2544713	60	18	17	-11
72	5KBARWIxeMGkvUax9VtVC9	My Type	Saweetie	2517286	76	4	72	4
73	6woeVu3fVMflqen1t4N6pg	Old Town Road (feat. RM of BTS) - Seoul Town Road Remix	Lil Nas X	2512878	nan	1	73	new
74	2gTdDMpNxIRFSiu7HutMCg	I Think I'm OKAY (with YUNGBLUD & Travis Barker)	Machine Gun Kelly	2504585	53	4	36	-21
75	2dpaYNEQHiRxtZbfNsse99	Happier	Marshmello	2488322	70	50	8	-5
76	2xLMifQCjDGFmkHkpNLD9h	SICKO MODE	Travis Scott	2481685	68	52	1	-8
77	7ILEWkpfdK6AjH2D7jppWk	Don't Check On Me (feat. Justin Bieber & Ink)	Chris Brown	2478738	62	5	31	-15
78	7njKgVl3AnLflRad38o7AG	Paradise	Bazzi	2436535	72	17	20	-6
79	0QBRshHeQLEThdj2TqxM9n	Slide Around	Chance the Rapper	2413581	nan	1	79	new
80	4SSnFejRGlZikf02HLewEF	bury a friend	Billie Eilish	2386814	71	18	4	-9
81	4vUmTMuQqjdnvlZmAH61Qk	South of the Border (feat. Camila Cabello & Cardi B)	Ed Sheeran	2374241	38	3	14	-43
82	4pnIUqhf1AQMFrJPd4BbrT	Ballin Flossin	Chance the Rapper	2371756	nan	1	82	new
83	0qc4QlcCxVTGyShurEv1UU	Post Malone (feat. RANI)	Sam Feldt	2364131	61	6	39	-22
84	4bTZeO72FwMa6wKOiqoynL	Otro Trago - Remix	Sech	2360147	nan	1	84	new
85	56JyMaElW79S7TDWh1Zw1m	On A Roll	Ashley O	2357961	57	7	32	-28
86	5WnfnSpuNEGXyEt78PBA6d	Costa Rica (with Bas & JID feat. Guapdad 4000, Reese LAFLARE, Jace, Mez, Smokepurpp, Buddy & Ski Mask The Slump God)	Dreamville	2354056	63	4	31	-23
87	6Hj9jySrnFppAI0sEMCZpJ	Robbery	Juice WRLD	2353237	75	21	3	-12
88	7dt6x5M1jzdTEt8oCbisTK	Better Now	Post Malone	2344337	77	66	1	-11
89	0e7ipj03S05BNilyu5bRzt	rockstar (feat. 21 Savage)	Post Malone	2338097	82	66	9	-7
90	3npzogdOEiVsieXmmhBepL	The Bones	Maren Morris	2329231	nan	12	60	re-enter
91	6oJ6le65B3SEqPwMRNXWjY	Higher Love	Kygo	2313160	73	5	28	-18
92	3oLe5ZILASG8vU5dxIMfLY	The Search	NF	2299988	nan	1	92	new
93	4e34Qq2lkp92egwgjacVcT	Mac 10	Trippie Redd	2295142	nan	1	93	new
94	40OMBMYRk5IQL6xCzGM0JA	Summer Days (feat. Macklemore & Patrick Stump of Fall Out Boy)	Martin Garrix	2255412	80	4	52	-14
95	6osaMSJh9NguagEDQcZaKx	Loco Contigo (feat. J. Balvin & Tyga)	DJ Snake	2248569	nan	1	95	new
96	2rMAtCaTj16NptyVfEIeAC	Cash Shit (feat. DaBaby)	Megan Thee Stallion	2224733	112	5	96	16
97	0k664IuFwVP557Gnx7RhIl	Juice	Lizzo	2222454	99	15	71	2
98	0fea68AdmYNygeTGI4RC18	LA CANCIÓN	J Balvin	2207331	108	5	43	10
99	3AEgic4yp82NxMWUjHtxnO	Uno	Ambjaay	2200513	92	4	92	-7
100	1c0hsvHLELX6y8qymnpLKL	Soltera - Remix	Lunay	2195018	93	12	60	-7
101	7f1zjZG77S891Uv4O68yfk	Baby Sitter (feat. Offset)	DaBaby	2187374	94	12	61	-7
102	59ywHNwwchG4nZJMLyxSzd	Clout (feat. Cardi B)	Offset	2178091	95	16	46	-7
103	5rLyYxZNzca00ENADO9m54	When I Grow Up	NF	2170269	nan	1	103	new
104	333OkWOgbV6C8I5wRLfuSx	I Got You (Always and Forever)	Chance the Rapper	2164611	nan	1	104	new
105	3GJ4hzg4lrGwU51Y3VARbF	Speechless	Dan + Shay	2164366	98	52	85	-7
106	5p7ujcrUXASCNwRaWNHR1C	Without Me	Halsey	2160443	86	43	5	-20
107	3Ol2xnObFdKV9pmRD2t9x8	Look Back at It	A Boogie Wit da Hoodie	2158546	89	32	9	-18
108	6XkLPzkKzPhpr3hrvl1TUq	Daddy (feat. Rich The Kid)	Blueface	2109425	105	4	105	-3
109	2t8yVaLvJ0RenpXUIAC52d	a lot	21 Savage	2093847	106	32	7	-3
110	3ee8Jmje8o58CHK66QrVC2	SAD!	XXXTENTACION	2090224	90	72	1	-20
111	2rxQMGVafnNaRaXlRMWPde	Beautiful Crazy	Luke Combs	2084374	100	56	61	-11
112	6foY66mWZN0pSRjZ408c00	Whiskey Glasses	Morgan Wallen	2076526	101	20	66	-11
113	5LWprrbySabBAMm0aE447a	Roo	Chance the Rapper	2073486	nan	1	113	new
114	6Qs4SXO9dwPj5GKvVOv8Ki	Dancing With A Stranger (with Normani)	Sam Smith	2058274	85	29	12	-29
115	6G0FACzGN80Dj2v4ass5rq	gone girl	iann dior	2057012	84	3	84	-31
116	3e9HZxeyfWwjeyPAMmWSSQ	thank u, next	Ariana Grande	2039021	96	25	7	-20
117	1CHhAINmT48RpXE5owAo3Q	Big Fish	Chance the Rapper	2027613	nan	1	117	new
118	4kV4N9D1iKVxx1KLvtTpjS	break up with your girlfriend, i'm bored	Ariana Grande	2012300	110	25	1	-8
119	4MsUsFfWseB9M2plGJyuIw	ME! (feat. Brendon Urie of Panic! At The Disco)	Taylor Swift	2009583	91	11	26	-28
120	0rKtyWc8bvkriBthvHKY8d	SLOW DANCING IN THE DARK	Joji	1982281	114	39	41	-6
121	0XPpkGBVE0QIOGSvW1nMEz	The Big Day	Chance the Rapper	1978376	nan	1	121	new
122	3WyRgi8CzQnhzO0xw79tTS	Goin Baby	DaBaby	1974093	97	15	67	-25
123	4tNXntkAzQ5A2dfYRYGIIQ	Easier	5 Seconds of Summer	1958371	122	10	22	-1
124	1dyxS3YzBbL0t8rEVwVQ1K	God's Country	Blake Shelton	1948530	119	13	69	-5
125	3A2yGHWIzmGEIolwonU69h	Act Up	City Girls	1942619	115	17	66	-10
126	7nfmK6oHPDlAd68A11d7AN	Beer Never Broke My Heart	Luke Combs	1937749	107	4	85	-19
127	75ZvA4QfFiZvzhj2xkaWAh	I Fall Apart	Post Malone	1926251	120	98	2	-7
128	4cEONREpY8NQJMuGQP95Kl	La La Land (feat. YG)	Bryce Vine	1917785	nan	1	128	new
129	4XiGKQqbmnMVxDzUj6j3f2	Worth It	YK Osiris	1912763	88	22	71	-41
130	1faIb3PPSzEifCHUOJ691R	Broke As Fuck	YBN Cordae	1911133	nan	1	130	new
131	1rqqCSm0Qe4I9rUvWncaom	High Hopes	Panic! At The Disco	1906363	121	58	13	-10
132	3Fj47GNK2kUF0uaEDgXLaD	wish you were gay	Billie Eilish	1905598	104	18	3	-28
133	0TlLq3lA83rQOYtrqBqSct	Nonstop	Drake	1902756	133	54	5	0
134	0FZ4Dmg8jJJAPJnvBIzD9z	ZEZE (feat. Travis Scott & Offset)	Kodak Black	1900821	125	33	4	-9
135	2VxeLyX666F8uXCJ0dZF8B	Shallow	Lady Gaga	1884810	127	43	10	-8
136	5kfNriitmkNE8mUbZ7gbq8	Saturday Nights	Khalid	1880914	118	40	14	-18
137	4cBlIM5AjnQ74f52Dv7T5K	Change	NF	1875779	nan	1	137	new
138	4LvRT9c5IKxC8GHVPAAaHb	Let's Go On The Run	Chance the Rapper	1875315	nan	1	138	new
139	4dAMdQ6g4kGmnc1MDHsg77	Shotta Flow	NLE Choppa	1865378	116	20	46	-23
140	25ZAibhr3bdlMCLmubZDVt	QUE PRETENDES	J Balvin	1857194	126	5	27	-14
141	4u7EnebtmKWzUH433cf5Qv	Bohemian Rhapsody - 2011 Mix	Queen	1854919	130	19	76	-11
142	6MF4tRr5lU8qok8IKaFOBE	Under The Sun (with J. Cole & Lute feat. DaBaby)	Dreamville	1851232	87	4	15	-55
143	0JP9xo3adEtGSdUEISiszL	Moonlight	XXXTENTACION	1838589	123	72	3	-20
144	0B3FovCVaGKS5w1FTidEUP	BROWN SKIN GIRL	Blue Ivy	1831621	56	2	56	-88
145	7M2tXmeS15NAzEn7ABFeBg	Homicide (feat. Eminem)	Logic	1813219	117	3	107	-28
146	7m9OqQk4RVRkw9JJdeAw96	Jocelyn Flores	XXXTENTACION	1807055	132	101	3	-14
147	2iUXsYOEPhVqEBwsqP70rE	Youngblood	5 Seconds of Summer	1804050	129	59	17	-18
148	58q2HKrzhC3ozto2nDdN4z	I Like It	Cardi B	1803238	131	69	3	-17
149	5w9c2J52mkdntKOmRLeM2m	Con Calma	Daddy Yankee	1787690	143	25	45	-6
150	22oEJW6r2rMb9z4IntfyEa	Hey Look Ma, I Made It	Panic! At The Disco	1783672	135	16	67	-15
151	42fw0rxRO2xbesF6mJfd4Y	Tequila	Dan + Shay	1782998	140	56	60	-11
152	4R8BJggjosTswLxtkw8V7P	No Me Conoce - Remix	Jhay Cortez	1775478	150	7	150	-2
153	4e4fqjx0Izh4svvTef1z7e	Meant to Be (feat. Florida Georgia Line)	Bebe Rexha	1773868	134	58	44	-19
154	0DiDStADDVh3SvAsoJAFMk	Only Human	Jonas Brothers	1766445	79	8	12	-75
155	2IoVnTEyj8NdFBpWoEFrMZ	Overtime	Big Sean	1766240	nan	1	155	new
156	0aQA9DP54h37OevE7hRc2a	My Stress	NF	1762704	nan	1	156	new
157	36J0iaPDGbYGsHvYpaYs3k	Down Bad (feat. JID, Bas, J. Cole, EARTHGANG & Young Nudy)	Dreamville	1759544	103	4	23	-54
158	2toVe5hfuIi97ytDPDbQFt	Taste (feat. Offset)	Tyga	1750926	147	8	87	-11
159	1ThmUihH9dF8EV08ku5AXN	Faucet Failure	Ski Mask The Slump God	1747521	141	34	27	-18
160	5Z3GHaZ6ec9bsiI5BenrbY	Young Dumb & Broke	Khalid	1735984	138	120	6	-22
161	3swc6WTsr7rl9DqQKQA55C	Psycho (feat. Ty Dolla $ign)	Post Malone	1731644	139	66	2	-22
162	4VXIryQMWpIdGgYR4TrjT1	All Girls Are The Same	Juice WRLD	1721615	144	34	66	-18
163	6ERR6e7h6wCqGoz1TjiUJb	Knockin' Boots	Luke Bryan	1718133	179	4	159	16
164	2uIX8YMNjGMD7441kqyyNU	ocean eyes	Billie Eilish	1717946	142	48	78	-22
165	4dV3okcjbQwTcg4ObIGr4N	Bitchuary	Shordie Shordie	1715724	152	5	140	-13
166	6vN77lE9LK6HP2DewaN6HZ	Yes Indeed	Lil Baby	1708891	146	63	2	-20
167	18uwL0vNUanqZH0ro2QcOP	comethru	Jeremy Zucker	1704505	165	3	165	-2
168	3XF5xLJHOQQRbWya6hBp7d	you should see me in a crown	Billie Eilish	1704085	136	18	11	-32
169	7oqftogUN82Q7VNy2TmTJW	MOOD 4 EVA (feat. Oumou Sangaré)	Beyoncé	1693537	36	2	36	-133
170	3a1lNhkSLSkpJE4MSHpDu9	Congratulations	Post Malone	1689969	148	135	5	-22
171	7zLYKWcXnYeHHWidalz7rj	Noticed	Lil Mosey	1668868	158	5	158	-13
172	5lehoWkVPujeOAwb8BO0uK	Only	NF	1664742	nan	1	172	new
173	2P91MQbaiQOfbiz9VqhqKQ	I Like Me Better	Lauv	1663730	151	60	79	-22
174	4ZT9FnbFu1PaBfV3itxiqT	I	Lil Skies	1660151	159	22	16	-15
175	2Jh3UqxnHJMyzMzku4uOtE	Feeling	Juice WRLD	1655370	145	18	55	-30
176	14mHfNsSHN0FbLftyjrV9g	Leave Me Alone	Flipp Dinero	1655208	153	48	10	-23
177	2wZjsbwmWfNVslgV5afl1L	Out The Mud	Lil Baby	1641538	111	6	49	-66
178	7GX5flRQZVHRAGd6B4TmDO	XO Tour Llif3	Lil Uzi Vert	1636083	157	101	2	-21
179	0OsYwz3SCLD98IvWfdLeRQ	Shotta Flow 3	NLE Choppa	1630222	nan	1	179	new
180	7AQim7LbvFVZJE3O8TYgf2	Fuck Love (feat. Trippie Redd)	XXXTENTACION	1627120	156	101	8	-24
181	3NEjuId3qYDT482ykUBbeI	Get A Bag	Chance the Rapper	1623674	nan	1	181	new
182	25sgk305KZfyuqVBQIahim	Sweet but Psycho	Ava Max	1615874	161	43	36	-21
183	2Jv5zlZ7iCZP7K1j26izha	5 Year Plan	Chance the Rapper	1612081	nan	1	183	new
184	1xzBco0xcoJEDXktl7Jxrr	Mo Bamba	Sheck Wes	1610700	164	43	1	-20
185	40T5GIqQ1CegGm2PTEl8Bu	idontwannabeyouanymore	Billie Eilish	1610397	160	34	48	-25
186	0AtP8EkGPn6SwxKDaUuXec	Remember The Name (feat. Eminem & 50 Cent)	Ed Sheeran	1606739	74	3	19	-112
187	6vWEAOUSxohKxhp0K1BsxL	Mixed Personalities (feat. Kanye West)	YNW Melly	1605596	162	28	12	-25
188	1SDtZ69uALD5zW8k9S8hTf	Nate	NF	1602835	nan	1	188	new
189	7COXchtUOMd6uIT6HvmRaI	i'm so tired...	Lauv	1601758	154	27	23	-35
190	2uEuo87JC9tc1dzmPUtOxj	Returns	NF	1589947	nan	1	190	new
191	6DCZcSspjsKoFjzjrWoCdn	God's Plan	Drake	1586032	166	54	16	-25
192	5wujBwqG7INdStqGd4tRMX	Armed And Dangerous	Juice WRLD	1572355	167	34	24	-25
193	0mjAU3yKR1QnXnHtjGJqTM	Rescue Me	OneRepublic	1571752	181	11	66	-12
194	6MHwMfBCNVCE49tBAVWNJK	Sun Come Down	Chance the Rapper	1562129	nan	1	194	new
195	7sO5G9EABYOXQKNPNiE9NR	Ric Flair Drip (& Metro Boomin)	Offset	1560843	178	92	4	-17
196	152lZdxL1OR0ZMW6KquMif	Location	Khalid	1552270	172	133	9	-24
197	6gBFPUFcJLzWGx4lenP6h2	goosebumps	Travis Scott	1549457	174	135	16	-23
198	56eGOeSsqdg3FLxdo83TwV	Rumor	Lee Brice	1542972	163	11	128	-35
199	5qrSlOut2rNAWv3ubArkNy	Be Alright	Dean Lewis	1539761	171	13	87	-28
200	2G1tXoGBaEMJ7FKGnkf6ud	Wake Up in the Sky	Gucci Mane	1539429	173	34	13	-27
