position	song_id	song_name	artist	streams	last_week_position	weeks_on_chart	peak_position	position_status
1	5hVghJ4KaYES3BFUATCYn0	EARFQUAKE	Tyler, The Creator	12408003	nan	1	1	new
2	6u7jPi22kF8CTQ3rb9DHE7	Old Town Road (feat. Billy Ray Cyrus) - Remix	Lil Nas X	10338550	3	7	1	1
3	2Fxmhks0bxGSBdJ92vM42m	bad guy	Billie Eilish	9835079	2	8	1	-1
4	3HVWdVOQ0ZA45FuZGSfvns	I Don't Care (with Justin Bieber)	Ed Sheeran	9642484	1	2	1	-3
5	5qmq61DAAOUaW8AUo8xKhh	Truth Hurts	Lizzo	8167889	7	3	5	2
6	2gwkD6igEhQbDQegRCcdoB	Suge	DaBaby	7580781	10	8	6	4
7	3KkXRkHbMCARz0aVfEt68P	Sunflower - Spider-Man: Into the Spider-Verse	Post Malone	7538423	6	21	1	-1
8	4f8Mh5wuWHOsfXtzjrJB3t	I THINK	Tyler, The Creator	7430723	nan	1	8	new
9	6LsAAHotRLMOHfCsSfYCsz	If I Can't Have You	Shawn Mendes	6949104	5	3	4	-4
10	340UVheS8z3ncW9TTUhAbc	Nightmare	Halsey	6730961	nan	1	10	new
11	5AjINjwKyRvQJhSe2zpPHi	Pop Out (feat. Lil Tjay)	Polo G	6485344	14	9	11	3
12	6TqXcAFInzjp0bODyvrWEq	Talk (feat. Disclosure)	Khalid	6284353	9	7	6	-3
13	5QvBXUm5MglLJ3iBfTX2Wo	RUNNING OUT OF TIME	Tyler, The Creator	6224243	nan	1	13	new
14	2MuMD298IpYqKF367wegUd	Homicide (feat. Eminem)	Logic	6161384	4	2	4	-10
15	2JvzF1RMd7lE3KmFlsyZD8	MIDDLE CHILD	J. Cole	6122079	11	18	1	-4
16	0fv2KH6hac06J86hBUTcSf	NEW MAGIC WAND	Tyler, The Creator	5893275	nan	1	16	new
17	51RN0kzWd7xeR4th5HsEtW	IGOR'S THEME	Tyler, The Creator	5815689	nan	1	17	new
18	1nXZnTALNXiPlvXotqHm66	A BOY IS A GUN*	Tyler, The Creator	5652691	nan	1	18	new
19	53CJANUxooaqGOtdsBTh7O	Old Town Road	Lil Nas X	5586760	12	10	2	-7
20	6MWtB6iiXyIwun0YzU6DFP	Wow.	Post Malone	5336772	15	22	2	-5
21	6bOkaEXc5CopinGazSLokx	WHAT'S GOOD	Tyler, The Creator	5273580	nan	1	21	new
22	1wJRveJZLSb1rjhnUHQiv6	Swervin (feat. 6ix9ine)	A Boogie Wit da Hoodie	5270133	13	22	7	-9
23	3XiNC94b4Tq1xwv70sQJGN	Sanguine Paradise	Lil Uzi Vert	5161912	16	7	6	-7
24	0wEC0GNF74lAqrEFZJMl1m	PUPPET	Tyler, The Creator	5054691	nan	1	24	new
25	4y3OI86AEP6PQoDE6olYhO	Sucker	Jonas Brothers	4827206	17	12	1	-8
26	4MsUsFfWseB9M2plGJyuIw	ME! (feat. Brendon Urie of Panic! At The Disco)	Taylor Swift	4781866	nan	1	26	new
27	1hz7SRTGUNAtIQ46qiNv2p	GONE, GONE / THANK YOU	Tyler, The Creator	4764191	nan	1	27	new
28	6ocbgoVGwYJhOv1GgI9NsF	7 rings	Ariana Grande	4623827	18	15	1	-10
29	7eBqSVxrzQZtK2mmgRG6lC	Murder On My Mind	YNW Melly	4516439	21	35	4	-8
30	63cd4JkwGgYJrbOizbfmsp	Pure Water (with Migos)	Mustard	4486563	22	18	13	-8
31	7njKgVl3AnLflRad38o7AG	Paradise	Bazzi	4428265	20	7	20	-11
32	2IRZnDFmlqMuOrYOLnZZyc	Going Bad (feat. Drake)	Meek Mill	4394727	19	25	2	-13
33	43zdsphuZLzwA9k4DJhU0I	when the party's over	Billie Eilish	4238899	23	8	5	-10
34	6Hj9jySrnFppAI0sEMCZpJ	Robbery	Juice WRLD	4213563	26	11	3	-8
35	0BnTBAGmr9FtYwkZrwKhwS	Just Us (feat. SZA)	DJ Khaled	4200772	nan	1	35	new
36	0b6UoVjUzFyZNpHI0aAhKt	Celebrate (feat. Travis Scott & Post Malone)	DJ Khaled	4195991	nan	1	36	new
37	05t7JMip6JrLuSrMV5yYjX	Envy Me	Calboy	4093963	25	21	22	-12
38	1Hd2XLitkt1PYCWSbfF5qV	Wish Wish (feat. Cardi B & 21 Savage)	DJ Khaled	4069768	nan	1	38	new
39	4SSnFejRGlZikf02HLewEF	bury a friend	Billie Eilish	3985029	27	8	4	-12
40	5TxRUOsGeWeRl3xOML59Ai	ARE WE STILL FRIENDS?	Tyler, The Creator	3912361	nan	1	40	new
41	5A0M6B0RBSXSNWv0wcppZ9	I DON'T LOVE YOU ANYMORE	Tyler, The Creator	3839215	nan	1	41	new
42	78QR3Wp35dqAhFEc2qAGjE	Drip Too Hard (Lil Baby & Gunna)	Lil Baby	3830874	30	33	1	-12
43	6O10oTtZIZ4DkkUqyfCbrR	Higher (feat. Nipsey Hussle & John Legend)	DJ Khaled	3802475	nan	1	43	new
44	6zeeWid2sgw4lap2jV61PZ	Better	Khalid	3693072	32	30	10	-12
45	5p7ujcrUXASCNwRaWNHR1C	Without Me	Halsey	3636616	33	33	5	-12
46	3Fj47GNK2kUF0uaEDgXLaD	wish you were gay	Billie Eilish	3606219	28	8	3	-18
47	0yFvWTLs3iIwDbc91noXGT	GRoCERIES	Chance the Rapper	3541054	nan	1	47	new
48	4kV4N9D1iKVxx1KLvtTpjS	break up with your girlfriend, i'm bored	Ariana Grande	3531328	29	15	1	-19
49	6vWEAOUSxohKxhp0K1BsxL	Mixed Personalities (feat. Kanye West)	YNW Melly	3518662	34	18	12	-15
50	0u2P5u6lvoDfwTYjAADbn4	lovely (with Khalid)	Billie Eilish	3410465	35	35	24	-15
51	2xLMifQCjDGFmkHkpNLD9h	SICKO MODE	Travis Scott	3398121	36	42	1	-15
52	7Feaw9WAEREY0DUOSXJLOM	Summer Days (feat. Macklemore & Patrick Stump of Fall Out Boy)	Martin Garrix	3391114	39	4	39	-13
53	285pBltuF7vW8TeWk8hdRR	Lucid Dreams	Juice WRLD	3355421	38	24	11	-15
54	2dpaYNEQHiRxtZbfNsse99	Happier	Marshmello	3308314	42	40	8	-12
55	6nDKrPlXdpomGBgAlO7UdP	SOS	Avicii	3280899	24	6	11	-31
56	7FGq80cy8juXBCD2nrqdWU	Eastside (with Halsey & Khalid)	benny blanco	3230785	37	24	25	-19
57	7qEHsqek33rTcFNT9PFqLf	Someone You Loved	Lewis Capaldi	3204861	nan	1	57	new
58	3Ol2xnObFdKV9pmRD2t9x8	Look Back at It	A Boogie Wit da Hoodie	3193317	45	22	9	-13
59	2t8yVaLvJ0RenpXUIAC52d	a lot	21 Savage	3168679	44	22	7	-15
60	59ywHNwwchG4nZJMLyxSzd	Clout (feat. Cardi B)	Offset	3082074	46	6	46	-14
61	4dAMdQ6g4kGmnc1MDHsg77	Shotta Flow	NLE Choppa	3059944	59	10	59	-2
62	1ThmUihH9dF8EV08ku5AXN	Faucet Failure	Ski Mask The Slump God	3053176	40	24	27	-22
63	3e9HZxeyfWwjeyPAMmWSSQ	thank u, next	Ariana Grande	3042489	47	15	7	-16
64	6Qs4SXO9dwPj5GKvVOv8Ki	Dancing With A Stranger (with Normani)	Sam Smith	3010791	43	19	12	-21
65	1c0hsvHLELX6y8qymnpLKL	Soltera - Remix	Lunay	2983764	69	2	65	4
66	5icOoE6VgqFKohjWWNp0Ac	Here With Me	Marshmello	2959658	48	11	16	-18
67	7dt6x5M1jzdTEt8oCbisTK	Better Now	Post Malone	2879659	55	56	1	-12
68	4ZT9FnbFu1PaBfV3itxiqT	I	Lil Skies	2864161	50	12	16	-18
69	3SZqA7rQvROJsCbUu2v0xa	Go Loko	YG	2806984	60	3	56	-9
70	3ee8Jmje8o58CHK66QrVC2	SAD!	XXXTENTACION	2741399	56	62	1	-14
71	5KawlOMHjWeUjQtnuRs22c	Boy With Luv (feat. Halsey)	BTS	2717577	31	6	4	-40
72	4pCEIQ6wBVuaJdER5bALtO	That's a Rack	Lil Uzi Vert	2717192	52	6	41	-20
73	2rxQMGVafnNaRaXlRMWPde	Beautiful Crazy	Luke Combs	2687490	61	46	61	-12
74	1tNJrcVe6gwLEiZCtprs1u	3 Nights	Dominic Fike	2646059	49	8	49	-25
75	0mjAU3yKR1QnXnHtjGJqTM	Rescue Me	OneRepublic	2628670	nan	1	75	new
76	7COXchtUOMd6uIT6HvmRaI	i'm so tired...	Lauv	2613565	76	17	23	0
77	3XF5xLJHOQQRbWya6hBp7d	you should see me in a crown	Billie Eilish	2608159	57	8	11	-20
78	0e7ipj03S05BNilyu5bRzt	rockstar (feat. 21 Savage)	Post Malone	2564832	82	56	9	4
79	2tOOcDDYkh0PSjr6GwPEAJ	Love Me Less (feat. Quinn XCII)	MAX	2562786	137	3	79	58
80	2VxeLyX666F8uXCJ0dZF8B	Shallow	Lady Gaga	2511870	63	33	10	-17
81	22oEJW6r2rMb9z4IntfyEa	Hey Look Ma, I Made It	Panic! At The Disco	2507947	68	6	67	-13
82	1rqqCSm0Qe4I9rUvWncaom	High Hopes	Panic! At The Disco	2507855	74	48	13	-8
83	25sgk305KZfyuqVBQIahim	Sweet but Psycho	Ava Max	2504909	77	33	36	-6
84	0FZ4Dmg8jJJAPJnvBIzD9z	ZEZE (feat. Travis Scott & Offset)	Kodak Black	2480371	70	23	4	-14
85	5kfNriitmkNE8mUbZ7gbq8	Saturday Nights	Khalid	2460120	65	30	14	-20
86	6Dq8FZrvx9S28iyaKSwn9x	Jealous (feat. Chris Brown, Lil Wayne & Big Sean)	DJ Khaled	2454927	nan	1	86	new
87	3A2yGHWIzmGEIolwonU69h	Act Up	City Girls	2451585	66	7	66	-21
88	0NJp8GyCOWnQh71xKSPfuV	Freaky	Tory Lanez	2431467	97	10	79	9
89	0JP9xo3adEtGSdUEISiszL	Moonlight	XXXTENTACION	2428018	79	62	3	-10
90	0k664IuFwVP557Gnx7RhIl	Juice	Lizzo	2422121	85	5	71	-5
91	6xVhqLT40s5sVhepe9Mckc	Weather the Storm (feat. Meek Mill & Lil Baby)	DJ Khaled	2418571	nan	1	91	new
92	1xzBco0xcoJEDXktl7Jxrr	Mo Bamba	Sheck Wes	2414112	71	33	1	-21
93	14mHfNsSHN0FbLftyjrV9g	Leave Me Alone	Flipp Dinero	2391079	86	38	10	-7
94	3y3brCCecHC3Db18aIOnny	"Carry On (from the Original Motion Picture ""POKÉMON Detective Pikachu"")"	Kygo	2390108	58	5	58	-36
95	3WyRgi8CzQnhzO0xw79tTS	Goin Baby	DaBaby	2367612	98	5	95	3
96	3Tc57t9l2O8FwQZtQOvPXK	my strange addiction	Billie Eilish	2361647	62	8	10	-34
97	5QiNbIilmMiMBXvaAlf7lN	Who Do You Love	The Chainsmokers	2332911	103	4	80	6
98	5wujBwqG7INdStqGd4tRMX	Armed And Dangerous	Juice WRLD	2325686	84	24	24	-14
99	6foY66mWZN0pSRjZ408c00	Whiskey Glasses	Morgan Wallen	2286527	109	10	99	10
100	4NN6N5TxBO5k9uqu0W4gfQ	Floating (feat. 21 Savage)	ScHoolboy Q	2285429	75	4	22	-25
101	4U6ubKsTd8RBDP5tPPhh7I	You Stay (feat. Meek Mill, J Balvin, Lil Baby & Jeremih)	DJ Khaled	2284718	nan	1	101	new
102	7m9OqQk4RVRkw9JJdeAw96	Jocelyn Flores	XXXTENTACION	2278432	90	91	3	-12
103	4XiGKQqbmnMVxDzUj6j3f2	Worth It	YK Osiris	2264992	89	12	83	-14
104	0cLS7FslBJgsuWwJNRnPWB	Doin' Time	Lana Del Rey	2233785	nan	1	104	new
105	4QIo4oxwzzafcBWkKjDpXY	xanny	Billie Eilish	2225221	78	8	7	-27
106	2G1tXoGBaEMJ7FKGnkf6ud	Wake Up in the Sky	Gucci Mane	2219267	91	24	13	-15
107	3oh6SCCeLuXhFpEyepla6G	Thotiana	Blueface	2178847	72	20	9	-35
108	5WHTFyqSii0lmT9R21abT8	Don't Call Me Up	Mabel	2165515	87	15	65	-21
109	75ZvA4QfFiZvzhj2xkaWAh	I Fall Apart	Post Malone	2162231	101	88	2	-8
110	6vN77lE9LK6HP2DewaN6HZ	Yes Indeed	Lil Baby	2124223	104	53	2	-6
111	5IaHrVsrferBYDm0bDyABy	Taste (feat. Offset)	Tyga	2112471	99	53	4	-12
112	5qrSlOut2rNAWv3ubArkNy	Be Alright	Dean Lewis	2097315	96	3	87	-16
113	58q2HKrzhC3ozto2nDdN4z	I Like It	Cardi B	2094558	111	59	3	-2
114	4VXIryQMWpIdGgYR4TrjT1	All Girls Are The Same	Juice WRLD	2094395	117	24	66	3
115	3swc6WTsr7rl9DqQKQA55C	Psycho (feat. Ty Dolla $ign)	Post Malone	2088712	105	56	2	-10
116	0TlLq3lA83rQOYtrqBqSct	Nonstop	Drake	2082296	115	44	5	-1
117	6CcJMwBtXByIz4zQLzFkKc	i love you	Billie Eilish	2079080	92	8	17	-25
118	2Jh3UqxnHJMyzMzku4uOtE	Feeling	Juice WRLD	2068814	131	8	55	13
119	2uIX8YMNjGMD7441kqyyNU	ocean eyes	Billie Eilish	2068109	102	38	78	-17
120	4e4fqjx0Izh4svvTef1z7e	Meant to Be (feat. Florida Georgia Line)	Bebe Rexha	2056161	114	48	44	-6
121	0rKtyWc8bvkriBthvHKY8d	SLOW DANCING IN THE DARK	Joji	2050424	106	29	41	-15
122	1LIqNVhaIgxXUt2eVoIQJ3	HP	Maluma	2042584	nan	1	122	new
123	3GJ4hzg4lrGwU51Y3VARbF	Speechless	Dan + Shay	2039694	116	42	85	-7
124	6ya8ejoKgw906Y8LWclqrp	Racks in the Middle (feat. Roddy Ricch and Hit-Boy)	Nipsey Hussle	2031409	119	8	33	-5
125	2iUXsYOEPhVqEBwsqP70rE	Youngblood	5 Seconds of Summer	2027092	126	49	17	1
126	6JQvHMSaR8flFsN53ypOfP	Noticed	Lil Mosey	2014329	121	31	23	-5
127	5MvLsT03RBp67RLoeISCdl	Do You Mean (feat. Ty Dolla $ign & bülow)	The Chainsmokers	2009058	108	3	108	-19
128	6IRdLKIyS4p7XNiP8r6rsx	all the good girls go to hell	Billie Eilish	2005730	67	8	8	-61
129	2GGMabyHXnJmjY6CXhhB2e	Money	Cardi B	1992837	138	31	17	9
130	09oZ9eXQ2fo6YDrPzJqAoP	Outta My Head (with John Mayer)	Khalid	1991878	54	7	9	-76
131	42fw0rxRO2xbesF6mJfd4Y	Tequila	Dan + Shay	1988719	129	46	60	-2
132	2P91MQbaiQOfbiz9VqhqKQ	I Like Me Better	Lauv	1983239	134	50	79	2
133	7GX5flRQZVHRAGd6B4TmDO	XO Tour Llif3	Lil Uzi Vert	1972851	123	91	2	-10
134	4u7EnebtmKWzUH433cf5Qv	Bohemian Rhapsody - 2011 Mix	Queen	1963041	124	9	76	-10
135	6DCZcSspjsKoFjzjrWoCdn	God's Plan	Drake	1957284	135	44	16	0
136	1jkEorRvoRQNo1WZfD1X5q	Hey Julie! (feat. Lil Yachty)	KYLE	1936702	100	3	92	-36
137	7f1zjZG77S891Uv4O68yfk	Baby Sitter (feat. Offset)	DaBaby	1936344	172	2	137	35
138	7sO5G9EABYOXQKNPNiE9NR	Ric Flair Drip (& Metro Boomin)	Offset	1933246	120	82	4	-18
139	3a1lNhkSLSkpJE4MSHpDu9	Congratulations	Post Malone	1928932	143	125	5	4
140	3wLtYwtqvKK2ewelSVPeDK	Die Young	Roddy Ricch	1928867	139	8	130	-1
141	0PG9fbaaHFHfre2gUVo7AN	Please Me	Cardi B	1927610	130	14	15	-11
142	03nPEoQOYMuDe7KmGljpmd	No Brainer (feat. Justin Bieber, Chance the Rapper & Quavo)	DJ Khaled	1912703	nan	1	142	new
143	45ZGEdLxCZvdMX9jWlsAAx	I Don't Belong In This Club	Why Don't We	1912037	125	7	96	-18
144	4PkIDTPGedm0enzdvilLNd	Sixteen	Ellie Goulding	1900300	94	6	80	-50
145	7AQim7LbvFVZJE3O8TYgf2	Fuck Love (feat. Trippie Redd)	XXXTENTACION	1888926	142	91	8	-3
146	116H0KvKr2Zl4RPuVBruDO	MIA (feat. Drake)	Bad Bunny	1883562	132	32	2	-14
147	40T5GIqQ1CegGm2PTEl8Bu	idontwannabeyouanymore	Billie Eilish	1868975	127	24	48	-20
148	5eDvChP4WAPPrtaQeI9MhT	Beer Never Broke My Heart	Luke Combs	1866806	53	2	53	-95
149	3KLo7ByvjCNyBrfz5DZ2mO	Splashin	Rich The Kid	1860298	128	9	27	-21
150	4Q8aDd3H6LF8t4eY7So9O8	Light It Up (with Tyga & Chris Brown)	Marshmello	1857860	144	4	50	-6
151	5JEx7HbmvHQQswJCsoo9rA	Close To Me (with Diplo) (feat. Swae Lee)	Ellie Goulding	1850194	141	30	33	-10
152	2qGfZAgDe1pV2y5xJAhi6R	Slime Belief	YoungBoy Never Broke Again	1849668	145	13	142	-7
153	5Z3GHaZ6ec9bsiI5BenrbY	Young Dumb & Broke	Khalid	1844833	152	110	6	-1
154	1dyxS3YzBbL0t8rEVwVQ1K	God's Country	Blake Shelton	1835653	156	3	154	2
155	5rU6kDNXZLXIinFezpbWbO	Tap (feat. Meek Mill)	NAV	1823009	158	3	141	3
156	4AEzAEnbm9uRgbmTdeI63K	MIDDLE CHILD	PnB Rock	1820461	95	3	53	-61
157	2S1LebN6AXXQqJolBxlWgO	Earth	Lil Dicky	1804548	107	5	25	-50
158	152lZdxL1OR0ZMW6KquMif	Location	Khalid	1794057	153	123	9	-5
159	1HY7Ze0NWqDJkl4g4MV62Q	Look What God Gave Her	Thomas Rhett	1793045	198	3	118	39
160	1Ej96GIBCTvgH7tNX1r3qr	Otro Trago	Sech	1790630	nan	1	160	new
161	1JIgaRnqtzS7DuGM3hVZU9	Keanu Reeves	Logic	1789810	64	2	64	-97
162	56eGOeSsqdg3FLxdo83TwV	Rumor	Lee Brice	1768925	nan	1	162	new
163	577YBGuskWkVDCxZrLRB4v	Pure Cocaine	Lil Baby	1760554	159	25	52	-4
164	51NFxnQvaosfDDutk0tams	bellyache	Billie Eilish	1759643	146	29	49	-18
165	4pUCKHjJ4Ijewc37rRrvHn	Kill This Love	BLACKPINK	1755994	133	7	30	-32
166	6ZRuF2n1CQxyxxAAWsKJOy	Nights Like This (feat. Ty Dolla $ign)	Kehlani	1754022	149	13	30	-17
167	4ZLzoOkj0MPWrTLvooIuaa	Get You The Moon (feat. Snøw)	Kina	1742054	176	4	162	9
168	1fewSx2d5KIZ04wsooEBOz	Space Cadet (feat. Gunna)	Metro Boomin	1739243	157	27	37	-11
169	5Gu0PDLN4YJeW75PpBSg9p	Let Me Go (with Alesso, Florida Georgia Line & watt)	Hailee Steinfeld	1733270	160	11	59	-9
170	6pooRNiLyYpxZeIA5kJ5EX	Good Things Fall Apart (with Jon Bellion)	ILLENIUM	1702587	nan	1	170	new
171	2qxmye6gAegTMjLKEBoR3d	Let Me Down Slowly	Alec Benjamin	1698672	151	19	41	-20
172	6jfEZdUJ2Yla6h7gTJgKuo	Walk Me Home	P!nk	1697139	136	4	104	-36
173	7KXjTSCq5nL1LoYtL7XAwS	HUMBLE.	Kendrick Lamar	1695123	163	111	1	-10
174	7C0BHTRLmWUONc8OYjOPdW	Freak N You (feat. Lil Wayne & Gunna)	DJ Khaled	1692907	nan	1	174	new
175	7AFASza1mXqntmGtbxXprO	changes	XXXTENTACION	1676730	164	62	7	-11
176	6gBFPUFcJLzWGx4lenP6h2	goosebumps	Travis Scott	1672106	168	125	16	-8
177	09IStsImFySgyp0pIQdqAc	The Middle	Zedd	1659432	175	49	8	-2
178	4cbdPT6uaBOgOQe3fLMofl	Power is Power (feat. The Weeknd & Travis Scott)	SZA	1655250	113	4	54	-65
179	4TWflhgevIGo448fWc6mQq	Red Room	Offset	1646829	148	13	22	-31
180	2XKFnwB6djxrJCjR3PdeRb	My Bad	Khalid	1639570	140	7	13	-40
181	5w9c2J52mkdntKOmRLeM2m	Con Calma	Daddy Yankee	1634017	185	15	45	4
182	6MjNilJCVKJq0LfFvo5jWJ	Fast	Juice WRLD	1624281	165	11	8	-17
183	4qKcDkK6siZ7Jp1Jb4m0aL	Look Alive (feat. Drake)	BlocBoy JB	1622155	173	67	3	-10
184	0tMSssfxAL2oV8Vri0mFHE	listen before i go	Billie Eilish	1618294	154	8	20	-30
185	5AnSllIrgGsCZzZJkVnApx	Eyes On You	Chase Rice	1616209	nan	4	185	re-enter
186	4qQwGRtGT7l6ckQtdPEFd4	Talk You Out Of It	Florida Georgia Line	1615123	nan	3	186	re-enter
187	2093eVNfimjmNjU1gk1ES7	Unsainted	Slipknot	1609098	nan	1	187	new
188	3PAptX72PPmjj1Igms0zjo	Triggered (freestyle)	Jhené Aiko	1603917	83	2	83	-105
189	3CA9pLiwRIGtUBiMjbZmRw	Nice For What	Drake	1602315	181	44	12	-8
190	3QmolSZqjjLksTUvZJ6pPS	Cool	Jonas Brothers	1593657	110	7	34	-80
191	0fcq51a3gOI6gPvzc0YLsk	Wow. - Remix	Post Malone	1593148	171	9	75	-20
192	3oDkdAySo1VQQG0ptV7uwa	Lean Wit Me	Juice WRLD	1589205	179	24	79	-13
193	6v0lAdFF4haL8xjBIUjtOw	Te Robaré	Nicky Jam	1586122	186	6	178	-7
194	7cWh3ScxjhvasLI0CBRoZk	I Like Girls (feat. Lil Skies)	PnB Rock	1585064	150	3	89	-44
195	13ZyrkCDmRz5xY3seuAWYk	Hear Me Calling	Juice WRLD	1583923	162	11	16	-33
196	4lzxJ4jCuFDXXGkE1LmpKR	Verte Ir	DJ Luian	1583225	194	4	191	-2
197	4NBTZtAt1F13VvlSKe6KTl	This Feeling	The Chainsmokers	1581891	192	22	104	-5
198	4OBZT9EnhYIV17t4pGw7ig	Best Part (feat. Daniel Caesar)	H.E.R.	1581872	174	51	68	-24
199	62vpWI1CHwFy7tMIcSStl8	No Role Modelz	J. Cole	1581092	180	100	71	-19
200	3npzogdOEiVsieXmmhBepL	The Bones	Maren Morris	1578833	169	11	60	-31
