position	song_id	song_name	artist	streams	last_week_position	weeks_on_chart	peak_position	position_status
1	696DnlkuDOXcMAnKlTgXXK	ROXANNE	Arizona Zervas	11513910	2	2	1	1
2	21jGcNKet2qwijlDFuPiPb	Circles	Post Malone	8384206	3	11	1	1
3	3ZCTVFBt2Brf31RLEnCkWJ	everything i wanted	Billie Eilish	7926800	1	3	1	-2
4	3eekarcy7kvN4yt5ZFzltW	HIGHEST IN THE ROOM	Travis Scott	7593136	4	8	1	0
5	6Gg1gjgKi2AK4e0qzsR7sd	Bandit (with YoungBoy Never Broke Again)	Juice WRLD	6623802	5	8	3	0
6	4TnjEaWOeW0eKTKIEvJyCa	Falling	Trevor Daniel	6345784	42	2	6	36
7	6Ozh9Ok6h4Oi1wUSLtBseN	BOP	DaBaby	6222270	14	9	3	7
8	5DxXgozhkPLgrbKFY91w0c	Vete	Bad Bunny	5867531	nan	1	8	new
9	1HfMVBKM75vxSfsQ5VefZ5	Lose You To Love Me	Selena Gomez	5758899	6	6	2	-3
10	1rgnBhdG2JDFTbYkYRZAku	Dance Monkey	Tones And I	5624095	13	17	10	3
11	7aiClxsDWFRQ0Kzk5KI5ku	hot girl bummer	blackbear	5531477	8	14	4	-3
12	1e9oZCCiX42nJl0AcqriVo	Watermelon Sugar	Harry Styles	5482936	10	2	10	-2
13	7tgjDlQsMR8RvkdlNCJA58	6 Kiss	Trippie Redd	5468981	nan	1	13	new
14	7qEHsqek33rTcFNT9PFqLf	Someone You Loved	Lewis Capaldi	5438168	7	28	6	-7
15	2b8fOow8UzyDFAE27YhOZM	Memories	Maroon 5	5350514	9	10	9	-6
16	4sjiIpEv617LDXaidKioOI	223's (feat. 9lokknine)	YNW Melly	5149808	12	15	5	-4
17	57vxBYXtHMk6H1aD29V7PU	Heartless	The Weeknd	5019238	nan	1	17	new
18	0RiRZpuVRbi7oqRdSMwhQY	Sunflower - Spider-Man: Into the Spider-Verse	Post Malone	4626656	21	11	8	3
19	5bvnqVuq7UFl0txSlHpsfS	LOYAL (feat. Drake)	PARTYNEXTDOOR	4619807	nan	1	19	new
20	4sWuPniHClkInYAnzXAYUF	Camelot	NLE Choppa	4521875	19	11	10	-1
21	3QzAOrNlsabgbMwlZt7TAY	Ballin' (with Roddy Ricch)	Mustard	4452833	27	17	21	6
22	598yNsG1JFrGd4n2kMoz7F	Woah	Lil Baby	4423591	18	3	11	-4
23	6WrI0LAC5M1Rw2MnX2ZvEg	Don't Start Now	Dua Lipa	4370345	16	4	7	-7
24	2ktxr00GpTtbMNeBjNeY8D	Who Needs Love	Trippie Redd	4327419	nan	1	24	new
25	56AMYGJzxBO6p8v0wEe9de	Hot (Remix) [feat. Gunna and Travis Scott]	Young Thug	4271303	17	4	12	-8
26	0fySG6A6qLE8IvDpayb5bM	VIBEZ	DaBaby	4266784	24	9	7	-2
27	5aJEh9Oqdz7PRLKTpH25pB	Lights Up	Harry Styles	4253188	nan	1	27	new
28	1lOe9qE0vR9zwWQAOk6CoO	Ransom	Lil Tecca	4235438	23	8	8	-5
29	7iHHxY2NLlJRAmlAmC4ahQ	Stuck In A Dream (feat. Gunna)	Lil Mosey	4143008	15	3	9	-14
30	3Kd6Wp3lG5HXMB2dlvuy7y	Death	Trippie Redd	4030917	nan	1	30	new
31	2wrJq5XKLnmhRXHIAf9xBa	10,000 Hours (with Justin Bieber)	Dan + Shay	4006951	22	8	2	-9
32	5qmq61DAAOUaW8AUo8xKhh	Truth Hurts	Lizzo	3969277	30	30	3	-2
33	7CZyCXKG6d5ALeq41sLzbw	Take What You Want (feat. Ozzy Osbourne & Travis Scott)	Post Malone	3959634	33	11	6	0
34	6vBdBCoOhKHiYDDOcorfNo	Goodbyes (Feat. Young Thug)	Post Malone	3852096	29	21	1	-5
35	2W4yABdLc4Jnds67Poi5Nl	Yellow Hearts	Ant Saunders	3849956	26	2	26	-9
36	2Fxmhks0bxGSBdJ92vM42m	bad guy	Billie Eilish	3800414	35	35	1	-1
37	6XHVuErjQ4XNm6nDPVCxVX	No Guidance (feat. Drake)	Chris Brown	3730895	32	22	6	-5
38	0bYg9bo50gSsH3LtXe2SQn	All I Want for Christmas Is You	Mariah Carey	3728126	62	19	2	24
39	5ry2OE6R2zPQFDO85XkgRb	Money In The Grave (Drake ft. Rick Ross)	Drake	3692083	34	24	1	-5
40	6uYgCE2OEulOw5zhHvZsHf	Love Me More	Trippie Redd	3638488	nan	1	40	new
41	2gwkD6igEhQbDQegRCcdoB	Suge	DaBaby	3587863	37	35	4	-4
42	2gMXnyrvIjhVBUZwvLZDMP	Before You Go	Lewis Capaldi	3302467	nan	1	42	new
43	6klLvorLoo1sxvZcjJIY8I	Make No Sense	YoungBoy Never Broke Again	3225646	39	7	28	-4
44	2QpGZOhTCHHiKmpSO9FW4h	Follow God	Kanye West	3155939	25	5	1	-19
45	6v3KW9xbzN5yKLt9YKDYA2	Señorita	Shawn Mendes	3147132	44	18	2	-1
46	5MPPttjfGap2C6j6eKcO6J	Baby (Lil Baby feat. DaBaby)	Quality Control	3142503	31	15	14	-15
47	6piAUJJQFD8oHDUr0b7l7q	VALENTINO	24kGoldn	3140137	nan	1	47	new
48	1mpD5Q8IM32I4bF6eCpU74	Up All Night	Khalid	3095193	40	2	40	-8
49	69dXVFCMiz3SL1L7M24NdX	bad vibes forever	XXXTENTACION	3073421	nan	1	49	new
50	0RLLvYBopDwooCyvnTwgYu	F.N	Lil Tjay	3035049	45	7	25	-5
51	0Xek5rqai2jcOWCYWJfVCF	Enemies (feat. DaBaby)	Post Malone	3025951	48	11	6	-3
52	1000nHvUdawXuUHgBod4Wv	Panini	Lil Nas X	2977403	52	11	10	0
53	00ko9WaS4jOX1kEk3gvHjf	Hot Shower	Chance the Rapper	2953775	46	18	10	-7
54	66FltlEV09mPJYAyfYm8De	Bang Bang	YNW Melly	2951899	nan	1	54	new
55	1iQDltZqI7BXnHrFy4Qo1k	Trampoline (with ZAYN)	SHAED	2920356	41	8	33	-14
56	70eFcWOvlMObDhURTqT4Fv	Beautiful People (feat. Khalid)	Ed Sheeran	2814452	50	20	6	-6
57	07Oz5StQ7GRoygNLaXs2pd	Good as Hell (feat. Ariana Grande) - Remix	Lizzo	2799976	43	5	32	-14
58	2EjXfH91m7f8HiJN1yQg97	Rockin' Around The Christmas Tree	Brenda Lee	2777112	119	7	10	61
59	3Z0oQ8r78OUaHvGPiDBR3W	Into the Unknown	Idina Menzel	2745646	nan	1	59	new
60	3s4mrPrEFFPF0LmAfutW0n	The London (feat. J. Cole & Travis Scott)	Young Thug	2734461	56	15	8	-4
61	3i9UVldZOE0aD0JnyfAZZ0	Lover (Remix) [feat. Shawn Mendes]	Taylor Swift	2732727	28	2	28	-33
62	2JvzF1RMd7lE3KmFlsyZD8	MIDDLE CHILD	J. Cole	2702975	57	45	1	-5
63	1FxTz4x5X7ewAICkKhB3kA	Hate Me	Trippie Redd	2696332	nan	1	63	new
64	4yI3HpbSFSgFZtJP2kDe5m	Look At Her Now	Selena Gomez	2690761	49	5	15	-15
65	4IO8X9W69dIQe0EC5ALXhq	Immortal	21 Savage	2675058	47	4	14	-18
66	6V9fHiv84WlVTg7CSnIVY2	Graveyard	Halsey	2672913	54	11	18	-12
67	5ravc2aiNoYmu9m37diYXW	Start Wit Me (feat. Gunna)	Roddy Ricch	2669211	61	5	55	-6
68	7xQAfvXzm3AkraOtGPWIZg	Wow.	Post Malone	2657645	64	11	26	-4
69	6b2RcmUt1g9N9mQ3CbjX2Y	How Do You Sleep?	Sam Smith	2657171	55	19	10	-14
70	5Z8HZM6iQMhhqyPcCGY5g9	Hot (feat. Gunna)	Young Thug	2654985	58	15	10	-12
71	1iSqfoUFnQwV0QW1EfUit8	Suicidal	YNW Melly	2613275	nan	1	71	new
72	6uFn47ACjqYkc0jADwEdj1	Pop Out (feat. Lil Tjay)	Polo G	2589548	65	25	8	-7
73	0lizgQ7Qw35od7CYaoMBZb	Santa Tell Me	Ariana Grande	2572672	127	9	15	54
74	3hBXvHLlTHvnbwrPbeoyAj	Jingle Bell Rock	Bobby Helms	2549499	144	3	74	70
75	7eBqSVxrzQZtK2mmgRG6lC	Murder On My Mind	YNW Melly	2542152	75	62	4	0
76	3GRSqlALWISqLeNncZMbpX	Mean It	Lauv	2529976	36	2	36	-40
77	285pBltuF7vW8TeWk8hdRR	Lucid Dreams	Juice WRLD	2485661	72	51	11	-5
78	51Fjme0JiitpyXKuyQiCDo	Lalala	Y2K	2481279	78	22	12	0
79	1GeNui6m825V8jP4uKiIaH	Bad Bad Bad (feat. Lil Baby)	Young Thug	2474834	66	15	9	-13
80	7f5trao56t7sB7f14QDTmp	Juicy	Doja Cat	2471007	67	4	66	-13
81	6kls8cSlUyHW2BUOkDJIZE	Hate Me (with Juice WRLD)	Ellie Goulding	2449545	69	22	42	-12
82	43zdsphuZLzwA9k4DJhU0I	when the party's over	Billie Eilish	2446828	73	35	5	-9
83	364spZLB5bhNlnPrzvUB41	Reply (feat. Lil Uzi Vert)	A Boogie Wit da Hoodie	2419891	20	2	20	-63
84	735RSTb2xbtWbDtKD9XDYi	Somebody	Internet Money	2417064	68	7	50	-16
85	5hslUAKq9I9CG2bAulFkHN	It's the Most Wonderful Time of the Year	Andy Williams	2415359	162	14	14	77
86	78QR3Wp35dqAhFEc2qAGjE	Drip Too Hard (Lil Baby & Gunna)	Lil Baby	2396116	70	60	1	-16
87	2PRKaIkl62537yLUt8VhHR	Love Sick	Trippie Redd	2390798	nan	1	87	new
88	0u2P5u6lvoDfwTYjAADbn4	lovely (with Khalid)	Billie Eilish	2360552	79	62	24	-9
89	2FRnf9qhLbvw8fu4IBXx78	Last Christmas	Wham!	2359914	146	15	16	57
90	2xLMifQCjDGFmkHkpNLD9h	SICKO MODE	Travis Scott	2340184	83	69	1	-7
91	7LzouaWGFCy4tkXDOOnEyM	Liar	Camila Cabello	2323519	74	12	39	-17
92	05mDaV9Vb3wrzjF6OPZnhq	Saint-Tropez	Post Malone	2300399	84	11	3	-8
93	4SDgTLDYrJ2UrHbkRkg7MD	Panini - DaBaby Remix	Lil Nas X	2287905	88	11	34	-5
94	2IRZnDFmlqMuOrYOLnZZyc	Going Bad (feat. Drake)	Meek Mill	2282910	82	52	2	-12
95	0rKtyWc8bvkriBthvHKY8d	SLOW DANCING IN THE DARK	Joji	2249772	81	56	41	-14
96	1wJRveJZLSb1rjhnUHQiv6	Swervin (feat. 6ix9ine)	A Boogie Wit da Hoodie	2234095	85	49	7	-11
97	1VJwtWR6z7SpZRwipI12be	Candy	Doja Cat	2228707	76	3	71	-21
98	08dFHFTx6r67MTsYn5ilDR	One Man Band	Old Dominion	2224439	71	5	71	-27
99	6TqXcAFInzjp0bODyvrWEq	Talk (feat. Disclosure)	Khalid	2223583	86	34	6	-13
100	4guBZjUyrGoHsTahO3IHdj	Did It Again	Lil Tecca	2214776	63	8	40	-37
101	6JsHgIkMYHcbNtKfsal2Mg	Jerry Sprunger (with T-Pain)	Tory Lanez	2144159	38	2	38	-63
102	2TH65lNHgvLxCKXM3apjxI	Callaita	Bad Bunny	2139465	105	26	41	3
103	7sWRlDoTDX8geTR8zzr2vt	Hollywood's Bleeding	Post Malone	2132118	91	11	10	-12
104	6Hj9jySrnFppAI0sEMCZpJ	Robbery	Juice WRLD	2128240	90	38	3	-14
105	0lLdorYw7lVrJydTINhWdI	It's Beginning to Look a Lot like Christmas	Michael Bublé	2126214	186	13	19	81
106	6cy3ki60hLwimwIje7tALf	RITMO (Bad Boys For Life)	Black Eyed Peas	2087333	87	5	87	-19
107	7xapw9Oy21WpfEcib2ErSA	Mistletoe	Justin Bieber	2075533	195	8	32	88
108	0fea68AdmYNygeTGI4RC18	LA CANCIÓN	J Balvin	2067340	109	22	43	1
109	6GivWRmlYtefJr28jev6e0	Leray	Trippie Redd	2062603	nan	1	109	new
110	07NMFSwppnky8JyIQIxAQZ	This Ain't That	Trippie Redd	2055254	nan	1	110	new
111	3GJ4hzg4lrGwU51Y3VARbF	Speechless	Dan + Shay	2052575	92	69	81	-19
112	4vSoyDfL0uZyUoWu5NNNsQ	Self Control	YoungBoy Never Broke Again	2049203	100	7	47	-12
113	0e7ipj03S05BNilyu5bRzt	rockstar (feat. 21 Savage)	Post Malone	2028472	101	83	9	-12
114	4vUmTMuQqjdnvlZmAH61Qk	South of the Border (feat. Camila Cabello & Cardi B)	Ed Sheeran	2026767	89	13	14	-25
115	5hVghJ4KaYES3BFUATCYn0	EARFQUAKE	Tyler, The Creator	2019120	94	28	1	-21
116	6ocbgoVGwYJhOv1GgI9NsF	7 rings	Ariana Grande	2004164	108	42	1	-8
117	07s9NNOT0sZQp7TyolLLgu	Own It (feat. Ed Sheeran & Burna Boy)	Stormzy	1997459	nan	1	117	new
118	2WsuSYJNXGKXVYkHPnq2yp	Ransom (with Juice WRLD) - Remix	Lil Tecca	1993428	99	8	53	-19
119	7k4t7uLgtOxPwTpFmtJNTY	Tusa	KAROL G	1991586	185	2	119	66
120	6Dqja51kHdm93TJGkX7T16	Real Feel	Trippie Redd	1989247	nan	1	120	new
121	75ZvA4QfFiZvzhj2xkaWAh	I Fall Apart	Post Malone	1985082	107	115	2	-14
122	0hVXuCcriWRGvwMV1r5Yn9	I Don't Care (with Justin Bieber)	Ed Sheeran	1979604	98	20	9	-24
123	0rFQ5cKYJ9WtHSKp9sxVYt	Heartless (feat. Morgan Wallen)	Diplo	1979158	93	15	57	-30
124	3ee8Jmje8o58CHK66QrVC2	SAD!	XXXTENTACION	1977326	116	89	1	-8
125	3XiNC94b4Tq1xwv70sQJGN	Sanguine Paradise	Lil Uzi Vert	1976142	97	34	6	-28
126	1dGr1c8CrMLDpV6mPbImSI	Lover	Taylor Swift	1939476	112	14	1	-14
127	4hPpVbbakQNv8YTHYaOJP4	One Thing Right	Marshmello	1936730	110	23	15	-17
128	2rxQMGVafnNaRaXlRMWPde	Beautiful Crazy	Luke Combs	1928137	102	73	61	-26
129	7FGq80cy8juXBCD2nrqdWU	Eastside (with Halsey & Khalid)	benny blanco	1927550	114	51	25	-15
130	5aUSEPNd3m5xliFK4pn5mU	Good Thing (with Kehlani)	Zedd	1926916	80	9	41	-50
131	5p7ujcrUXASCNwRaWNHR1C	Without Me	Halsey	1916547	133	60	5	2
132	4e0FYxSROat25pH16zMTZI	Love Me	Lil Tecca	1910712	113	8	80	-19
133	7rvyVWja33WG9R97oeJAjx	Envy Me	Calboy	1909356	125	26	29	-8
134	7dt6x5M1jzdTEt8oCbisTK	Better Now	Post Malone	1908885	121	83	1	-13
135	6fWa5CRgy0z30OeGZyMBvD	Heart On Ice	Rod Wave	1905866	nan	1	135	new
136	22vgEDb5hykfaTwLuskFGD	Sucker	Jonas Brothers	1904840	129	25	10	-7
137	2Xo3rLHjXfdb4avN68aQyi	BEST ON EARTH (feat. BIA) - Bonus	Russ	1903744	95	6	90	-42
138	6gBFPUFcJLzWGx4lenP6h2	goosebumps	Travis Scott	1898022	115	152	16	-23
139	7m9OqQk4RVRkw9JJdeAw96	Jocelyn Flores	XXXTENTACION	1897398	124	118	3	-15
140	3Yh9lZcWyKrK9GjbhuS0hR	Good as Hell	Lizzo	1892950	138	15	22	-2
141	5DqdesEfbRyOlSS3Tf6c29	It's You	Ali Gatie	1891989	77	3	64	-64
142	6QTPacyXkZWG9FMwq6L1hJ	Love You For A Long Time	Maggie Rogers	1890999	nan	1	142	new
143	2kJwzbxV2ppxnQoYw4GLBZ	If the World Was Ending - feat. Julia Michaels	JP Saxe	1878074	96	3	96	-47
144	65Q2mv3UlVi9eO70OpsmSe	A Holly Jolly Christmas - Single Version	Burl Ives	1872131	nan	12	23	re-enter
145	6RRNNciQGZEXnqk8SQ9yv5	You Need To Calm Down	Taylor Swift	1865193	117	14	8	-28
146	4kKdvXD0ez7jp1296JmAts	Let It Snow! Let It Snow! Let It Snow! (with The B. Swanson Quartet)	Frank Sinatra	1864850	nan	1	146	new
147	12Fkyg9lpmaz2zmKOfw2Y2	On The Road (feat. Meek Mill & Lil Baby)	Post Malone	1860697	120	11	16	-27
148	6tjituizSxwSmBB5vtgHZE	Holly Jolly Christmas	Michael Bublé	1850195	nan	8	53	re-enter
149	4B7fTyj1FIPvP9tT5X3DnR	Behind Barz - Bonus	Drake	1846670	130	11	37	-19
150	67XyC1GdSkKb9sbRRkUDXS	Shotta Flow (Feat. Blueface) [Remix]	NLE Choppa	1844207	134	22	20	-16
151	6Nle9hKrkL1wQpwNfEkxjh	Chanel	Frank Ocean	1825208	103	12	48	-48
152	2YpeDb67231RjR0MgVLzsG	Old Town Road - Remix	Lil Nas X	1822688	140	18	16	-12
153	2rMAtCaTj16NptyVfEIeAC	Cash Shit (feat. DaBaby)	Megan Thee Stallion	1821630	123	22	69	-30
154	2dpaYNEQHiRxtZbfNsse99	Happier	Marshmello	1816731	137	67	8	-17
155	3cphb8kdsjElYR7r5icK3H	Nice To Meet Ya	Niall Horan	1814559	106	8	60	-49
156	3e9HZxeyfWwjeyPAMmWSSQ	thank u, next	Ariana Grande	1803724	145	42	7	-11
157	4PS1e8f2LvuTFgUs1Cn3ON	The Christmas Song (Merry Christmas To You)	Nat King Cole	1780922	nan	6	24	re-enter
158	6zeeWid2sgw4lap2jV61PZ	Better	Khalid	1777182	126	57	10	-32
159	14X1WxiHXdVRJ99cMCBzOE	How I Move (feat. Lil Baby)	Flipp Dinero	1776198	nan	1	159	new
160	3j84U36KvLeXNDPv4t5pI8	Pure Water (with Migos)	Mustard	1766633	135	22	38	-25
161	2tnVG71enUj33Ic2nFN6kZ	Ride It	Regard	1763877	122	10	90	-39
162	50WeOnXhM1H7AZEeIDoWfZ	Show Yourself	Idina Menzel	1755456	nan	1	162	new
163	1W24W6jQegnNh0x5DfBBPT	The Grinch	Trippie Redd	1749910	nan	1	163	new
164	5KBARWIxeMGkvUax9VtVC9	My Type	Saweetie	1729115	136	21	44	-28
165	4otQJBpb8okSeykALR3eCH	Something Real (with London On Da Track & Chris Brown)	Summer Walker	1728715	nan	1	165	new
166	3Z9vHQOOPvRtOnTPyXLkWD	Til The End of Time	Trippie Redd	1718130	nan	1	166	new
167	2C6WXnmZ66tHhHlnvwePiK	Die For Me (feat. Future & Halsey)	Post Malone	1715288	147	11	12	-20
168	7zLYKWcXnYeHHWidalz7rj	Noticed	Lil Mosey	1712385	149	22	134	-19
169	0JP9xo3adEtGSdUEISiszL	Moonlight	XXXTENTACION	1709435	166	89	3	-3
170	2zjGJ0dChMR0KxBZS15aqo	Baguettes in the Face (feat. NAV, Playboi Carti & A Boogie Wit da Hoodie)	Mustard	1706351	142	22	34	-28
171	4R8BJggjosTswLxtkw8V7P	No Me Conoce - Remix	Jhay Cortez	1699269	174	24	119	3
172	6foY66mWZN0pSRjZ408c00	Whiskey Glasses	Morgan Wallen	1677474	152	37	66	-20
173	4hQ6o8ECY5MyHyodnyOHEw	U Deserve It	Trippie Redd	1675832	nan	1	173	new
174	0Ryd8975WihbObpp5cPW1t	boyfriend (with Social House)	Ariana Grande	1669675	150	17	2	-24
175	4so0Wek9Ig1p6CRCHuINwW	White Christmas	Bing Crosby	1668921	nan	11	31	re-enter
176	7jzldCBnJjpJM3epzJ85KE	Tongue Tied (with YUNGBLUD & blackbear)	Marshmello	1662926	60	2	60	-116
177	4VXIryQMWpIdGgYR4TrjT1	All Girls Are The Same	Juice WRLD	1659659	155	51	66	-22
178	7AQim7LbvFVZJE3O8TYgf2	Fuck Love (feat. Trippie Redd)	XXXTENTACION	1659285	163	118	8	-15
179	0247StOpd3AkeBQzANX4Zf	Do They Know It's Christmas? - 1984 Version	Band Aid	1658205	nan	6	22	re-enter
180	5aZQrb2TXWEh9uZR4HEY3r	Even Though I'm Leaving	Luke Combs	1656493	118	3	60	-62
181	4a6q8CR2hzLk2plDkSxkfD	I.F.L.Y.	Bazzi	1656295	148	16	28	-33
182	0Z26mbSHJ1dkUu7g9DDgif	Trigger	Major Lazer	1641332	111	5	49	-71
183	4OBZT9EnhYIV17t4pGw7ig	Best Part (feat. Daniel Caesar)	H.E.R.	1631281	160	73	68	-23
184	5a6pdCHlWS2ekOOQ70QnAr	July	Noah Cyrus	1630477	128	6	128	-56
185	3RzcoFkZ0AOp2nH71jP504	Beer Never Broke My Heart	Luke Combs	1629532	131	3	70	-54
186	6K4t31amVTZDgR3sKmwUJJ	The Less I Know The Better	Tame Impala	1628159	151	13	142	-35
187	421eObjg0DTm2qajJl5OJm	Into the Unknown - Panic! At The Disco Version	Panic! At The Disco	1627833	nan	1	187	new
188	4SSnFejRGlZikf02HLewEF	bury a friend	Billie Eilish	1627301	173	34	4	-15
189	1ThmUihH9dF8EV08ku5AXN	Faucet Failure	Ski Mask The Slump God	1619844	172	51	27	-17
190	6vN77lE9LK6HP2DewaN6HZ	Yes Indeed	Lil Baby	1615840	161	80	2	-29
191	6CcJMwBtXByIz4zQLzFkKc	i love you	Billie Eilish	1615137	156	35	17	-35
192	3eeyKNIBrt5TH4y0y3QkOu	Hot Now	YoungBoy Never Broke Again	1600319	157	7	93	-35
193	7GX5flRQZVHRAGd6B4TmDO	XO Tour Llif3	Lil Uzi Vert	1596113	170	118	2	-23
194	2pXpURmn6zC5ZYDMms6fwa	It's Beginning to Look a Lot Like Christmas (with Mitchell Ayres & His Orchestra)	Perry Como	1594552	nan	4	37	re-enter
195	3TTMUI5dFcbeNSDTTDY9M8	Come Thru (with Usher)	Summer Walker	1593302	171	8	50	-24
196	3Ol2xnObFdKV9pmRD2t9x8	Look Back at It	A Boogie Wit da Hoodie	1591793	164	49	9	-32
197	1jg9clsGCDqOumfS0X5xm9	Living Proof	Camila Cabello	1590735	104	2	104	-93
198	01kOu8BA8yzAHx9LUidTi9	All For Me	Trippie Redd	1589491	nan	1	198	new
199	2t8yVaLvJ0RenpXUIAC52d	a lot	21 Savage	1582671	159	49	7	-40
200	56S5YTNqlsXSnR5T1S2oyJ	Sickening	Trippie Redd	1581612	nan	1	200	new
