position	song_id	song_name	artist	streams	last_week_position	weeks_on_chart	peak_position	position_status
1	1kBbgxAUc4HQv7cgIayIDH	Ransom	Lil Tecca	11707110	1	9	1	0
2	0bzbvANY6oETSJLc0wlVGY	Lover	Taylor Swift	8513085	nan	1	2	new
3	6v3KW9xbzN5yKLt9YKDYA2	Señorita	Shawn Mendes	8212927	2	4	2	-1
4	5qmq61DAAOUaW8AUo8xKhh	Truth Hurts	Lizzo	8040845	3	16	3	-1
5	6vBdBCoOhKHiYDDOcorfNo	Goodbyes (Feat. Young Thug)	Post Malone	7740743	4	7	1	-1
6	5ry2OE6R2zPQFDO85XkgRb	Money In The Grave (Drake ft. Rick Ross)	Drake	7479154	5	10	1	-1
7	6XHVuErjQ4XNm6nDPVCxVX	No Guidance (feat. Drake)	Chris Brown	7150019	6	8	6	-1
8	3s4mrPrEFFPF0LmAfutW0n	The London (feat. J. Cole & Travis Scott)	Young Thug	6464137	nan	1	8	new
9	1GeNui6m825V8jP4uKiIaH	Bad Bad Bad (feat. Lil Baby)	Young Thug	6413672	nan	1	9	new
10	0Ryd8975WihbObpp5cPW1t	boyfriend (with Social House)	Ariana Grande	6297360	7	3	2	-3
11	6fTt0CH2t0mdeB2N9XFG5r	Panini	Lil Nas X	6054973	9	9	2	-2
12	3KkXRkHbMCARz0aVfEt68P	Sunflower - Spider-Man: Into the Spider-Verse	Post Malone	5708772	10	34	1	-2
13	2gwkD6igEhQbDQegRCcdoB	Suge	DaBaby	5428220	11	21	4	-2
14	5MPPttjfGap2C6j6eKcO6J	Baby (Lil Baby feat. DaBaby)	Quality Control	5300476	nan	1	14	new
15	7qEHsqek33rTcFNT9PFqLf	Someone You Loved	Lewis Capaldi	5114944	16	14	15	1
16	70eFcWOvlMObDhURTqT4Fv	Beautiful People (feat. Khalid)	Ed Sheeran	5011604	13	6	6	-3
17	5N1o6d8zGcSZSeMFkOUQOk	Hot Girl Summer (feat. Nicki Minaj & Ty Dolla $ign)	Megan Thee Stallion	4892837	8	2	8	-9
18	51Fjme0JiitpyXKuyQiCDo	Lalala	Y2K	4856892	15	8	12	-3
19	2Fxmhks0bxGSBdJ92vM42m	bad guy	Billie Eilish	4813339	17	21	1	-2
20	5Z8HZM6iQMhhqyPcCGY5g9	Hot (feat. Gunna)	Young Thug	4784931	nan	1	20	new
21	6b2RcmUt1g9N9mQ3CbjX2Y	How Do You Sleep?	Sam Smith	4733501	14	5	10	-7
22	44ADyYoY5liaRa3EOAl4uf	Slide Away	Miley Cyrus	4709350	nan	1	22	new
23	5DSfqrLkUHLZ9bW0SS3rVy	Ransom (with Juice WRLD) - Remix	Lil Tecca	4272484	nan	1	23	new
24	6uFn47ACjqYkc0jADwEdj1	Pop Out (feat. Lil Tjay)	Polo G	4239259	18	11	8	-6
25	67XyC1GdSkKb9sbRRkUDXS	Shotta Flow (Feat. Blueface) [Remix]	NLE Choppa	4047290	20	8	20	-5
26	0rIAC4PXANcKmitJfoqmVm	Motivation	Normani	3972191	nan	1	26	new
27	2YpeDb67231RjR0MgVLzsG	Old Town Road - Remix	Lil Nas X	3919648	19	4	16	-8
28	6TqXcAFInzjp0bODyvrWEq	Talk (feat. Disclosure)	Khalid	3842980	22	20	6	-6
29	7Aem1fAapTdGcHwAYyQYU4	Love Me	Lil Tecca	3695576	24	3	24	-5
30	0hVXuCcriWRGvwMV1r5Yn9	I Don't Care (with Justin Bieber)	Ed Sheeran	3661447	23	6	9	-7
31	6wo37KVqFJhtuxPTpLCcfe	Takeaway (feat. Lennon Stella)	The Chainsmokers	3615579	35	4	18	4
32	3Yh9lZcWyKrK9GjbhuS0hR	Good as Hell	Lizzo	3593706	nan	1	32	new
33	2ksOAxtIxY8yElEWw8RhgK	China	Anuel AA	3554445	27	5	25	-6
34	2sqsNXfN0HtgDEgaHXiUTa	Won't Be Late (feat. Drake)	Swae Lee	3547431	nan	1	34	new
35	6moU77g9RQyMzHNuKEaQKq	It's You	Ali Gatie	3408830	26	10	17	-9
36	29fRTIKsJhLUJoldM89GZS	You Need To Calm Down	Taylor Swift	3394177	42	10	2	6
37	2JvzF1RMd7lE3KmFlsyZD8	MIDDLE CHILD	J. Cole	3367187	29	31	1	-8
38	4a6q8CR2hzLk2plDkSxkfD	I.F.L.Y.	Bazzi	3346359	28	2	28	-10
39	5hVghJ4KaYES3BFUATCYn0	EARFQUAKE	Tyler, The Creator	3253271	30	14	1	-9
40	6MWtB6iiXyIwun0YzU6DFP	Wow.	Post Malone	3197476	33	35	2	-7
41	6igOR5QCn09zAVF2ikZjsV	Surf (feat. Gunna)	Young Thug	3160928	nan	1	41	new
42	3pTScODwk9tggZzmuH6xDY	What's the Move (feat. Lil Uzi Vert)	Young Thug	3140234	nan	1	42	new
43	2zjGJ0dChMR0KxBZS15aqo	Baguettes in the Face (feat. NAV, Playboi Carti & A Boogie Wit da Hoodie)	Mustard	3103385	47	8	34	4
44	2bT1PH7Cw3J9p3t7nlXCdh	If I Can't Have You	Shawn Mendes	3102478	32	4	32	-12
45	01Qb6dN5suQNu87VJ1mIpf	Did It Again	Lil Tecca	3097650	61	3	45	16
46	4hPpVbbakQNv8YTHYaOJP4	One Thing Right	Marshmello	3050464	34	9	15	-12
47	5KBARWIxeMGkvUax9VtVC9	My Type	Saweetie	2985212	44	7	44	-3
48	1kK6DwzyXJSp58u5HYWwuD	Go Loko (feat. Tyga, Jon Z)	YG	2972514	39	13	17	-9
49	2TH65lNHgvLxCKXM3apjxI	Callaita	Bad Bunny	2969511	43	12	41	-6
50	2IRZnDFmlqMuOrYOLnZZyc	Going Bad (feat. Drake)	Meek Mill	2916855	41	38	2	-9
51	1wJRveJZLSb1rjhnUHQiv6	Swervin (feat. 6ix9ine)	A Boogie Wit da Hoodie	2904844	40	35	7	-11
52	00ko9WaS4jOX1kEk3gvHjf	Hot Shower	Chance the Rapper	2806764	38	4	10	-14
53	3XiNC94b4Tq1xwv70sQJGN	Sanguine Paradise	Lil Uzi Vert	2770339	37	20	6	-16
54	3yNZ5r3LKfdmjoS3gkhUCT	bad guy (with Justin Bieber)	Billie Eilish	2735900	36	6	11	-18
55	5rU6kDNXZLXIinFezpbWbO	Tap (feat. Meek Mill)	NAV	2733688	58	16	50	3
56	22vgEDb5hykfaTwLuskFGD	Sucker	Jonas Brothers	2713762	46	11	10	-10
57	6ocbgoVGwYJhOv1GgI9NsF	7 rings	Ariana Grande	2706789	50	28	1	-7
58	322tcqPhma7F6hfCeLisx0	fuck, i'm lonely	Lauv	2696964	53	3	31	-5
59	78QR3Wp35dqAhFEc2qAGjE	Drip Too Hard (Lil Baby & Gunna)	Lil Baby	2685103	55	46	1	-4
60	5dW1VZPcFqB4n0P08rGDgm	The Git Up	Blanco Brown	2557477	56	10	34	-4
61	43zdsphuZLzwA9k4DJhU0I	when the party's over	Billie Eilish	2555149	62	21	5	1
62	3j84U36KvLeXNDPv4t5pI8	Pure Water (with Migos)	Mustard	2536134	60	8	38	-2
63	4ak7xjvBeBOcJGWFDX9w5n	Rodeo	Lil Nas X	2533344	51	9	9	-12
64	7rvyVWja33WG9R97oeJAjx	Envy Me	Calboy	2532145	67	12	29	3
65	7eBqSVxrzQZtK2mmgRG6lC	Murder On My Mind	YNW Melly	2530327	66	48	4	1
66	0u2P5u6lvoDfwTYjAADbn4	lovely (with Khalid)	Billie Eilish	2516155	64	48	24	-2
67	6zeeWid2sgw4lap2jV61PZ	Better	Khalid	2498078	63	43	10	-4
68	6PYnUsNEpYC7A4BS2sjw3L	Right Back (feat. A Boogie Wit Da Hoodie)	Khalid	2491871	70	3	68	2
69	285pBltuF7vW8TeWk8hdRR	Lucid Dreams	Juice WRLD	2488825	68	37	11	-1
70	5TnLXSd4h6G06Fbt2ApOpa	Mannequin Challenge (feat. Juice WRLD)	Young Thug	2482107	nan	1	70	new
71	6kls8cSlUyHW2BUOkDJIZE	Hate Me (with Juice WRLD)	Ellie Goulding	2466917	65	8	51	-6
72	2rMAtCaTj16NptyVfEIeAC	Cash Shit (feat. DaBaby)	Megan Thee Stallion	2429148	69	8	69	-3
73	2xLMifQCjDGFmkHkpNLD9h	SICKO MODE	Travis Scott	2418562	71	55	1	-2
74	0Rx0DJI556Ix5gBny6EWmn	Paradise	Bazzi	2395518	57	2	57	-17
75	4NmE2ytXI8S2svTRSmEdpO	Small Talk	Katy Perry	2392350	31	2	31	-44
76	1rgnBhdG2JDFTbYkYRZAku	Dance Monkey	Tones And I	2372749	82	3	76	6
77	7FGq80cy8juXBCD2nrqdWU	Eastside (with Halsey & Khalid)	benny blanco	2370330	73	37	25	-4
78	2dpaYNEQHiRxtZbfNsse99	Happier	Marshmello	2341298	72	53	8	-6
79	0zNHMc1cGKe4MO5rtGtKRh	Sup Mate (feat. Future)	Young Thug	2309526	nan	1	79	new
80	4sjiIpEv617LDXaidKioOI	223's (feat. 9lokknine)	YNW Melly	2309358	nan	1	80	new
81	0rFQ5cKYJ9WtHSKp9sxVYt	Heartless (feat. Morgan Wallen)	Diplo	2308100	nan	1	81	new
82	4hanO6Du5J7QEguNHYZHmw	Daddy (feat. Rich The Kid)	Blueface	2296815	75	2	75	-7
83	1gZFRYcPz3wKevEaNYRwfW	Time - Edit	NF	2285758	49	4	47	-34
84	5PYQUBXc7NYeI1obMKSJK0	Never Really Over	Katy Perry	2274894	74	12	10	-10
85	7dt6x5M1jzdTEt8oCbisTK	Better Now	Post Malone	2248953	78	69	1	-7
86	5KYhIFNTp4VQUqlsbLWTTu	Just How It Is	Young Thug	2248184	nan	1	86	new
87	6Hj9jySrnFppAI0sEMCZpJ	Robbery	Juice WRLD	2240657	80	24	3	-7
88	3AEgic4yp82NxMWUjHtxnO	Uno	Ambjaay	2195133	87	7	79	-1
89	0rKtyWc8bvkriBthvHKY8d	SLOW DANCING IN THE DARK	Joji	2190561	99	42	41	10
90	2JdIqJBbIiwEah4ejqIWGj	Big Rocks (Offset feat. Young Thug)	Quality Control	2178352	nan	1	90	new
91	3GJ4hzg4lrGwU51Y3VARbF	Speechless	Dan + Shay	2169841	85	55	84	-6
92	0fea68AdmYNygeTGI4RC18	LA CANCIÓN	J Balvin	2169750	89	8	43	-3
93	4MsUsFfWseB9M2plGJyuIw	ME! (feat. Brendon Urie of Panic! At The Disco)	Taylor Swift	2153827	115	14	26	22
94	0k664IuFwVP557Gnx7RhIl	Juice	Lizzo	2143521	88	18	71	-6
95	0e7ipj03S05BNilyu5bRzt	rockstar (feat. 21 Savage)	Post Malone	2141987	86	69	9	-9
96	7f1zjZG77S891Uv4O68yfk	Baby Sitter (feat. Offset)	DaBaby	2137263	81	15	61	-15
97	6osaMSJh9NguagEDQcZaKx	Loco Contigo (feat. J. Balvin & Tyga)	DJ Snake	2133618	79	4	79	-18
98	6CcJMwBtXByIz4zQLzFkKc	i love you	Billie Eilish	2100300	84	21	17	-14
99	2qMnZF5Ja2WvmfbblByQza	Soltera (Remix)	Lunay	2055368	nan	1	99	new
100	0AUurCHJ6A8Ua4yXyKXNuM	Jet Lag	A$AP Ferg	2055165	nan	1	100	new
101	5p7ujcrUXASCNwRaWNHR1C	Without Me	Halsey	2053684	92	46	5	-9
102	3LxG9HkMMFP0MZuiw3O2rF	Good Things Fall Apart (with Jon Bellion)	ILLENIUM	2031624	nan	1	102	new
103	5WnfnSpuNEGXyEt78PBA6d	Costa Rica (with Bas & JID feat. Guapdad 4000, Reese LAFLARE, Jace, Mez, Smokepurpp, Buddy & Ski Mask The Slump God)	Dreamville	2029837	93	7	31	-10
104	3npzogdOEiVsieXmmhBepL	The Bones	Maren Morris	2019178	103	15	60	-1
105	1yBbxDXEfr8boXM1ubvBHi	Ecstasy (feat. Machine Gun Kelly)	Young Thug	2019141	nan	1	105	new
106	4SSnFejRGlZikf02HLewEF	bury a friend	Billie Eilish	2016332	91	21	4	-15
107	6foY66mWZN0pSRjZ408c00	Whiskey Glasses	Morgan Wallen	2003636	98	23	66	-9
108	3e9HZxeyfWwjeyPAMmWSSQ	thank u, next	Ariana Grande	2000958	94	28	7	-14
109	0UPBidRYcgJ2mjZlk08V8x	F.N	Lil Tjay	1995117	159	2	109	50
110	10hMM5nsZQf66ldBlgWBfG	All For Us - from the HBO Original Series Euphoria	Labrinth	1992290	52	2	52	-58
111	7nfmK6oHPDlAd68A11d7AN	Beer Never Broke My Heart	Luke Combs	1989848	113	7	85	2
112	6oJ6le65B3SEqPwMRNXWjY	Higher Love	Kygo	1987824	90	8	28	-22
113	3Ol2xnObFdKV9pmRD2t9x8	Look Back at It	A Boogie Wit da Hoodie	1976864	97	35	9	-16
114	3ee8Jmje8o58CHK66QrVC2	SAD!	XXXTENTACION	1967424	100	75	1	-14
115	2rxQMGVafnNaRaXlRMWPde	Beautiful Crazy	Luke Combs	1953348	101	59	61	-14
116	41mzryVlFLlz6b1BCtJAjx	Light It Up	Young Thug	1942850	nan	1	116	new
117	4bTZeO72FwMa6wKOiqoynL	Otro Trago - Remix	Sech	1940016	104	4	84	-13
118	2KEux6D75xjj6fdabXpeAu	Mac 10	Trippie Redd	1934552	45	2	45	-73
119	4R8BJggjosTswLxtkw8V7P	No Me Conoce - Remix	Jhay Cortez	1933101	131	10	119	12
120	2t8yVaLvJ0RenpXUIAC52d	a lot	21 Savage	1926101	108	35	7	-12
121	6Qs4SXO9dwPj5GKvVOv8Ki	Dancing With A Stranger (with Normani)	Sam Smith	1907673	109	32	12	-12
122	1MGWgLxUXDodD8Tw8TFppN	Lil Baby	Young Thug	1905987	nan	1	122	new
123	1DhRbox3xkceP64k3JeYfW	Antisocial (with Travis Scott)	Ed Sheeran	1902436	76	6	7	-47
124	1dyxS3YzBbL0t8rEVwVQ1K	God's Country	Blake Shelton	1901323	107	16	69	-17
125	3WyRgi8CzQnhzO0xw79tTS	Goin Baby	DaBaby	1886566	112	18	67	-13
126	4cTm3Ev9bUvy4ChJjB1nhl	Juicy	Doja Cat	1879939	nan	1	126	new
127	7BlBVFwvbWvcwNcUarQmjk	Yo x Ti, Tu x Mi	ROSALÍA	1879842	nan	1	127	new
128	75ZvA4QfFiZvzhj2xkaWAh	I Fall Apart	Post Malone	1877353	110	101	2	-18
129	70YPzqSEwJvAIQ6nMs1cjY	In Your Arms (with X Ambassadors)	ILLENIUM	1865186	nan	1	129	new
130	0DiDStADDVh3SvAsoJAFMk	Only Human	Jonas Brothers	1830924	121	11	12	-9
131	3A2yGHWIzmGEIolwonU69h	Act Up	City Girls	1813399	95	20	66	-36
132	4kV4N9D1iKVxx1KLvtTpjS	break up with your girlfriend, i'm bored	Ariana Grande	1811519	111	28	1	-21
133	1rqqCSm0Qe4I9rUvWncaom	High Hopes	Panic! At The Disco	1807405	117	61	13	-16
134	0W1ZfgXpC23RYQPDq7RM5I	Pink Toes (Offset, DaBaby feat. Gunna)	Quality Control	1804116	nan	1	134	new
135	36orMWv2PgvnzXsd5CJ0yL	Post Malone (feat. RANI)	Sam Feldt	1801601	nan	1	135	new
136	0yYwS7CXKIPC4kWPvZQfsT	No Way!	Bazzi	1798345	59	2	59	-77
137	5kfNriitmkNE8mUbZ7gbq8	Saturday Nights	Khalid	1780373	114	43	14	-23
138	4wuCQX7JvAZLlrcmH4AeZF	Cross Me (feat. Chance the Rapper & PnB Rock)	Ed Sheeran	1774048	102	6	23	-36
139	42fw0rxRO2xbesF6mJfd4Y	Tequila	Dan + Shay	1761411	122	59	60	-17
140	4u7EnebtmKWzUH433cf5Qv	Bohemian Rhapsody - 2011 Mix	Queen	1761266	125	22	76	-15
141	40OMBMYRk5IQL6xCzGM0JA	Summer Days (feat. Macklemore & Patrick Stump of Fall Out Boy)	Martin Garrix	1759622	106	7	52	-35
142	2VxeLyX666F8uXCJ0dZF8B	Shallow	Lady Gaga	1759612	120	46	10	-22
143	2iUXsYOEPhVqEBwsqP70rE	Youngblood	5 Seconds of Summer	1756826	129	62	17	-14
144	0FZ4Dmg8jJJAPJnvBIzD9z	ZEZE (feat. Travis Scott & Offset)	Kodak Black	1754671	132	36	4	-12
145	7m9OqQk4RVRkw9JJdeAw96	Jocelyn Flores	XXXTENTACION	1743743	130	104	3	-15
146	4XiGKQqbmnMVxDzUj6j3f2	Worth It	YK Osiris	1738332	128	25	71	-18
147	5YSfZJE0EYrGVsWeYqv9xo	Double Trouble (Quavo feat. Meek Mill)	Quality Control	1732590	nan	1	147	new
148	4e4fqjx0Izh4svvTef1z7e	Meant to Be (feat. Florida Georgia Line)	Bebe Rexha	1732272	127	61	44	-21
149	1SNiXDwSilLujcYdvfqVpT	Call You Mine	The Chainsmokers	1729627	nan	1	149	new
150	1ThmUihH9dF8EV08ku5AXN	Faucet Failure	Ski Mask The Slump God	1727885	138	37	27	-12
151	4VXIryQMWpIdGgYR4TrjT1	All Girls Are The Same	Juice WRLD	1725346	141	37	66	-10
152	2uIX8YMNjGMD7441kqyyNU	ocean eyes	Billie Eilish	1712238	140	51	78	-12
153	3Fj47GNK2kUF0uaEDgXLaD	wish you were gay	Billie Eilish	1706886	135	21	3	-18
154	3uW1lWgdTN494vIxu3R9Or	I'm Scared (feat. 21 Savage & Doe Boy)	Young Thug	1706415	nan	1	154	new
155	0JP9xo3adEtGSdUEISiszL	Moonlight	XXXTENTACION	1706288	133	75	3	-22
156	3QzAOrNlsabgbMwlZt7TAY	Ballin' (with Roddy Ricch)	Mustard	1702572	166	3	156	10
157	58q2HKrzhC3ozto2nDdN4z	I Like It	Cardi B	1696365	145	72	3	-12
158	0BOmhToQ03yOdpzYKMEnAg	Baby Birkin	Gunna	1689911	180	2	158	22
159	6vN77lE9LK6HP2DewaN6HZ	Yes Indeed	Lil Baby	1681609	155	66	2	-4
160	0TlLq3lA83rQOYtrqBqSct	Nonstop	Drake	1666402	139	57	5	-21
161	3swc6WTsr7rl9DqQKQA55C	Psycho (feat. Ty Dolla $ign)	Post Malone	1664055	143	69	2	-18
162	7zLYKWcXnYeHHWidalz7rj	Noticed	Lil Mosey	1661376	158	8	158	-4
163	4ZT9FnbFu1PaBfV3itxiqT	I	Lil Skies	1659233	154	25	16	-9
164	22oEJW6r2rMb9z4IntfyEa	Hey Look Ma, I Made It	Panic! At The Disco	1653485	144	19	67	-20
165	3a1lNhkSLSkpJE4MSHpDu9	Congratulations	Post Malone	1644445	148	138	5	-17
166	4dV3okcjbQwTcg4ObIGr4N	Bitchuary	Shordie Shordie	1642009	151	8	140	-15
167	5Z3GHaZ6ec9bsiI5BenrbY	Young Dumb & Broke	Khalid	1638516	146	123	6	-21
168	7GX5flRQZVHRAGd6B4TmDO	XO Tour Llif3	Lil Uzi Vert	1638270	156	104	2	-12
169	2P91MQbaiQOfbiz9VqhqKQ	I Like Me Better	Lauv	1636943	152	63	79	-17
170	14mHfNsSHN0FbLftyjrV9g	Leave Me Alone	Flipp Dinero	1630330	162	51	10	-8
171	6ERR6e7h6wCqGoz1TjiUJb	Knockin' Boots	Luke Bryan	1629223	185	7	159	14
172	369g3Kv6MXsl0wn7PNtWvO	Boy Back (feat. NAV)	Young Thug	1624475	nan	1	172	new
173	7M2tXmeS15NAzEn7ABFeBg	Homicide (feat. Eminem)	Logic	1621099	149	6	107	-24
174	25ZAibhr3bdlMCLmubZDVt	QUE PRETENDES	J Balvin	1607322	165	8	27	-9
175	4cEONREpY8NQJMuGQP95Kl	La La Land (feat. YG)	Bryce Vine	1606425	137	4	128	-38
176	4dAMdQ6g4kGmnc1MDHsg77	Shotta Flow	NLE Choppa	1599401	157	23	46	-19
177	18uwL0vNUanqZH0ro2QcOP	comethru	Jeremy Zucker	1598151	163	6	163	-14
178	0F7FA14euOIX8KcbEturGH	Old Town Road	Lil Nas X	1595266	142	3	124	-36
179	2toVe5hfuIi97ytDPDbQFt	Taste (feat. Offset)	Tyga	1578143	160	11	87	-19
180	4vUmTMuQqjdnvlZmAH61Qk	South of the Border (feat. Camila Cabello & Cardi B)	Ed Sheeran	1563160	136	6	14	-44
181	7AQim7LbvFVZJE3O8TYgf2	Fuck Love (feat. Trippie Redd)	XXXTENTACION	1562621	171	104	8	-10
182	6gBFPUFcJLzWGx4lenP6h2	goosebumps	Travis Scott	1560735	183	138	16	1
183	3XF5xLJHOQQRbWya6hBp7d	you should see me in a crown	Billie Eilish	1558909	167	21	11	-16
184	5wujBwqG7INdStqGd4tRMX	Armed And Dangerous	Juice WRLD	1549479	181	37	24	-3
185	1xzBco0xcoJEDXktl7Jxrr	Mo Bamba	Sheck Wes	1547862	174	46	1	-11
186	152lZdxL1OR0ZMW6KquMif	Location	Khalid	1546076	170	136	9	-16
187	5qrSlOut2rNAWv3ubArkNy	Be Alright	Dean Lewis	1545889	177	16	87	-10
188	2tOOcDDYkh0PSjr6GwPEAJ	Love Me Less (feat. Quinn XCII)	MAX	1540155	176	15	68	-12
189	5UmRDaMPkV6g2HVMWoKx8u	Circle Of Bosses (feat. Quavo)	Young Thug	1538398	nan	1	189	new
190	6DCZcSspjsKoFjzjrWoCdn	God's Plan	Drake	1532523	173	57	16	-17
191	0o7Zga5TFy35CcivyPDO5m	Jumped Out the Window	Young Thug	1529974	nan	1	191	new
192	6K4t31amVTZDgR3sKmwUJJ	The Less I Know The Better	Tame Impala	1526120	197	3	192	5
193	59ywHNwwchG4nZJMLyxSzd	Clout (feat. Cardi B)	Offset	1512870	150	19	46	-43
194	1rX5L6pyl3rVWb55D8Cprr	Gold Roses (feat. Drake)	Rick Ross	1508708	77	2	77	-117
195	7COXchtUOMd6uIT6HvmRaI	i'm so tired...	Lauv	1508394	182	30	23	-13
196	7sO5G9EABYOXQKNPNiE9NR	Ric Flair Drip (& Metro Boomin)	Offset	1508306	190	95	4	-6
197	4T2dHb8XBYHlVj7Dyo1cW9	100 Racks (Offset feat. Playboi Carti)	Quality Control	1507494	nan	1	197	new
198	09IStsImFySgyp0pIQdqAc	The Middle	Zedd	1507353	188	61	8	-10
199	40T5GIqQ1CegGm2PTEl8Bu	idontwannabeyouanymore	Billie Eilish	1486921	189	37	48	-10
200	08tq1XcHwVt5PHXUo87i0D	All To Myself	Dan + Shay	1479380	175	6	155	-25
