position	song_id	song_name	artist	streams	last_week_position	weeks_on_chart	peak_position	position_status
1	57vxBYXtHMk6H1aD29V7PU	Heartless	The Weeknd	11224390	17	2	1	16
2	696DnlkuDOXcMAnKlTgXXK	ROXANNE	Arizona Zervas	10198981	1	3	1	-1
3	0sf12qNH5qcw8qpgymFOqD	Blinding Lights	The Weeknd	9583216	nan	1	3	new
4	21jGcNKet2qwijlDFuPiPb	Circles	Post Malone	7959651	2	12	1	-2
5	3ZCTVFBt2Brf31RLEnCkWJ	everything i wanted	Billie Eilish	7130246	3	4	1	-2
6	4TnjEaWOeW0eKTKIEvJyCa	Falling	Trevor Daniel	6654951	6	3	6	0
7	3eekarcy7kvN4yt5ZFzltW	HIGHEST IN THE ROOM	Travis Scott	6526382	4	9	1	-3
8	6Ozh9Ok6h4Oi1wUSLtBseN	BOP	DaBaby	6054623	7	10	3	-1
9	0bYg9bo50gSsH3LtXe2SQn	All I Want for Christmas Is You	Mariah Carey	5917003	38	20	2	29
10	6Gg1gjgKi2AK4e0qzsR7sd	Bandit (with YoungBoy Never Broke Again)	Juice WRLD	5684584	5	9	3	-5
11	1rgnBhdG2JDFTbYkYRZAku	Dance Monkey	Tones And I	5336475	10	18	10	-1
12	7aiClxsDWFRQ0Kzk5KI5ku	hot girl bummer	blackbear	5021413	11	15	4	-1
13	7qEHsqek33rTcFNT9PFqLf	Someone You Loved	Lewis Capaldi	5009426	14	29	6	1
14	1HfMVBKM75vxSfsQ5VefZ5	Lose You To Love Me	Selena Gomez	4920142	9	7	2	-5
15	2EjXfH91m7f8HiJN1yQg97	Rockin' Around The Christmas Tree	Brenda Lee	4838204	58	8	10	43
16	2b8fOow8UzyDFAE27YhOZM	Memories	Maroon 5	4683919	15	11	9	-1
17	3hBXvHLlTHvnbwrPbeoyAj	Jingle Bell Rock	Bobby Helms	4468092	74	4	17	57
18	0RiRZpuVRbi7oqRdSMwhQY	Sunflower - Spider-Man: Into the Spider-Verse	Post Malone	4439955	18	12	8	0
19	0lizgQ7Qw35od7CYaoMBZb	Santa Tell Me	Ariana Grande	4394488	73	10	15	54
20	3QzAOrNlsabgbMwlZt7TAY	Ballin' (with Roddy Ricch)	Mustard	4215620	21	18	20	1
21	5hslUAKq9I9CG2bAulFkHN	It's the Most Wonderful Time of the Year	Andy Williams	4200706	85	15	14	64
22	6WrI0LAC5M1Rw2MnX2ZvEg	Don't Start Now	Dua Lipa	4137710	23	5	7	1
23	29ZXwWOOLz9t5fa3eT3i7T	223's (feat. 9lokknine)	YNW Melly	4122242	nan	1	23	new
24	598yNsG1JFrGd4n2kMoz7F	Woah	Lil Baby	4086463	22	4	11	-2
25	5DxXgozhkPLgrbKFY91w0c	Vete	Bad Bunny	3995517	8	2	8	-17
26	2FRnf9qhLbvw8fu4IBXx78	Last Christmas	Wham!	3983627	89	16	16	63
27	4sWuPniHClkInYAnzXAYUF	Camelot	NLE Choppa	3936747	20	12	10	-7
28	1e9oZCCiX42nJl0AcqriVo	Watermelon Sugar	Harry Styles	3862193	12	3	10	-16
29	2Fxmhks0bxGSBdJ92vM42m	bad guy	Billie Eilish	3815401	36	36	1	7
30	1lOe9qE0vR9zwWQAOk6CoO	Ransom	Lil Tecca	3789330	28	9	8	-2
31	0fySG6A6qLE8IvDpayb5bM	VIBEZ	DaBaby	3723506	26	10	7	-5
32	7tgjDlQsMR8RvkdlNCJA58	6 Kiss	Trippie Redd	3690789	13	2	13	-19
33	0lLdorYw7lVrJydTINhWdI	It's Beginning to Look a Lot like Christmas	Michael Bublé	3653488	105	14	19	72
34	7CZyCXKG6d5ALeq41sLzbw	Take What You Want (feat. Ozzy Osbourne & Travis Scott)	Post Malone	3634911	33	12	6	-1
35	6vBdBCoOhKHiYDDOcorfNo	Goodbyes (Feat. Young Thug)	Post Malone	3629375	34	22	1	-1
36	56AMYGJzxBO6p8v0wEe9de	Hot (Remix) [feat. Gunna and Travis Scott]	Young Thug	3575273	25	5	12	-11
37	3Z0oQ8r78OUaHvGPiDBR3W	Into the Unknown	Idina Menzel	3573296	59	2	37	22
38	7xapw9Oy21WpfEcib2ErSA	Mistletoe	Justin Bieber	3569281	107	9	32	69
39	7iHHxY2NLlJRAmlAmC4ahQ	Stuck In A Dream (feat. Gunna)	Lil Mosey	3553409	29	4	9	-10
40	2wrJq5XKLnmhRXHIAf9xBa	10,000 Hours (with Justin Bieber)	Dan + Shay	3530256	31	9	2	-9
41	5qmq61DAAOUaW8AUo8xKhh	Truth Hurts	Lizzo	3523693	32	31	3	-9
42	5ry2OE6R2zPQFDO85XkgRb	Money In The Grave (Drake ft. Rick Ross)	Drake	3398997	39	25	1	-3
43	6XHVuErjQ4XNm6nDPVCxVX	No Guidance (feat. Drake)	Chris Brown	3375824	37	23	6	-6
44	65Q2mv3UlVi9eO70OpsmSe	A Holly Jolly Christmas - Single Version	Burl Ives	3362055	144	13	23	100
45	3Kd6Wp3lG5HXMB2dlvuy7y	Death	Trippie Redd	3352261	30	2	30	-15
46	2W4yABdLc4Jnds67Poi5Nl	Yellow Hearts	Ant Saunders	3346872	35	3	26	-11
47	4PS1e8f2LvuTFgUs1Cn3ON	The Christmas Song (Merry Christmas To You)	Nat King Cole	3334969	157	7	24	110
48	4kKdvXD0ez7jp1296JmAts	Let It Snow! Let It Snow! Let It Snow! (with The B. Swanson Quartet)	Frank Sinatra	3310259	146	2	48	98
49	5j1yOqWONR9T6l43AzJ6Es	Tip Toe (feat. A Boogie Wit da Hoodie)	Roddy Ricch	3278616	nan	1	49	new
50	6tjituizSxwSmBB5vtgHZE	Holly Jolly Christmas	Michael Bublé	3273222	148	9	50	98
51	2gwkD6igEhQbDQegRCcdoB	Suge	DaBaby	3176037	41	36	4	-10
52	0247StOpd3AkeBQzANX4Zf	Do They Know It's Christmas? - 1984 Version	Band Aid	3097132	179	7	22	127
53	5aJEh9Oqdz7PRLKTpH25pB	Lights Up	Harry Styles	3063461	27	2	27	-26
54	3VyjsVV24RmBIbWJAeUJNu	No Idea	Don Toliver	3061436	nan	1	54	new
55	4so0Wek9Ig1p6CRCHuINwW	White Christmas	Bing Crosby	3009587	175	12	31	120
56	6v3KW9xbzN5yKLt9YKDYA2	Señorita	Shawn Mendes	2911479	45	19	2	-11
57	6klLvorLoo1sxvZcjJIY8I	Make No Sense	YoungBoy Never Broke Again	2875222	43	8	28	-14
58	2ktxr00GpTtbMNeBjNeY8D	Who Needs Love	Trippie Redd	2826021	24	2	24	-34
59	5MPPttjfGap2C6j6eKcO6J	Baby (Lil Baby feat. DaBaby)	Quality Control	2804869	46	16	14	-13
60	2JvzF1RMd7lE3KmFlsyZD8	MIDDLE CHILD	J. Cole	2768173	62	46	1	2
61	5bvnqVuq7UFl0txSlHpsfS	LOYAL (feat. Drake)	PARTYNEXTDOOR	2767810	19	2	19	-42
62	2pXpURmn6zC5ZYDMms6fwa	It's Beginning to Look a Lot Like Christmas (with Mitchell Ayres & His Orchestra)	Perry Como	2744296	194	5	37	132
63	7Lbxvt42JsNSKVCaN63qhD	Wonderful Christmastime [Edited Version] - Remastered 2011 / Edited Version	Paul McCartney	2708161	nan	6	27	re-enter
64	6piAUJJQFD8oHDUr0b7l7q	VALENTINO	24kGoldn	2702710	47	2	47	-17
65	0Xek5rqai2jcOWCYWJfVCF	Enemies (feat. DaBaby)	Post Malone	2680969	51	12	6	-14
66	3nAp4IvdMPPWEH9uuXFFV5	Underneath the Tree	Kelly Clarkson	2675237	nan	6	55	re-enter
67	0RLLvYBopDwooCyvnTwgYu	F.N	Lil Tjay	2673747	50	8	25	-17
68	1mpD5Q8IM32I4bF6eCpU74	Up All Night	Khalid	2662223	48	3	40	-20
69	7taXf5odg9xCAZERYfyOkS	Feliz Navidad	José Feliciano	2661438	nan	11	42	re-enter
70	2gMXnyrvIjhVBUZwvLZDMP	Before You Go	Lewis Capaldi	2621680	42	2	42	-28
71	3s4mrPrEFFPF0LmAfutW0n	The London (feat. J. Cole & Travis Scott)	Young Thug	2599133	60	16	8	-11
72	7xQAfvXzm3AkraOtGPWIZg	Wow.	Post Malone	2592364	68	12	26	-4
73	70eFcWOvlMObDhURTqT4Fv	Beautiful People (feat. Khalid)	Ed Sheeran	2572370	56	21	6	-17
74	43zdsphuZLzwA9k4DJhU0I	when the party's over	Billie Eilish	2520064	82	36	5	8
75	4IO8X9W69dIQe0EC5ALXhq	Immortal	21 Savage	2518053	65	5	14	-10
76	1000nHvUdawXuUHgBod4Wv	Panini	Lil Nas X	2504030	52	12	10	-24
77	3QiAAp20rPC3dcAtKtMaqQ	Blue Christmas	Elvis Presley	2503937	nan	11	44	re-enter
78	2QpGZOhTCHHiKmpSO9FW4h	Follow God	Kanye West	2483622	44	6	1	-34
79	50WeOnXhM1H7AZEeIDoWfZ	Show Yourself	Idina Menzel	2429626	162	2	79	83
80	6V9fHiv84WlVTg7CSnIVY2	Graveyard	Halsey	2421171	66	12	18	-14
81	6b2RcmUt1g9N9mQ3CbjX2Y	How Do You Sleep?	Sam Smith	2387958	69	20	10	-12
82	5Z8HZM6iQMhhqyPcCGY5g9	Hot (feat. Gunna)	Young Thug	2383659	70	16	10	-12
83	3zJw3rugfpVrmBeDDnUYzy	Happy Xmas (War Is Over) - Remastered	John Lennon	2357806	nan	11	38	re-enter
84	6uFn47ACjqYkc0jADwEdj1	Pop Out (feat. Lil Tjay)	Polo G	2353371	72	26	8	-12
85	6uYgCE2OEulOw5zhHvZsHf	Love Me More	Trippie Redd	2347806	40	2	40	-45
86	7eBqSVxrzQZtK2mmgRG6lC	Murder On My Mind	YNW Melly	2339483	75	63	4	-11
87	285pBltuF7vW8TeWk8hdRR	Lucid Dreams	Juice WRLD	2337584	77	52	11	-10
88	0rKtyWc8bvkriBthvHKY8d	SLOW DANCING IN THE DARK	Joji	2334993	95	57	41	7
89	2pnPe4pJtq7689i5ydzvJJ	Run Rudolph Run - Single Version	Chuck Berry	2330141	nan	11	51	re-enter
90	1iQDltZqI7BXnHrFy4Qo1k	Trampoline (with ZAYN)	SHAED	2326794	55	9	33	-35
91	0u2P5u6lvoDfwTYjAADbn4	lovely (with Khalid)	Billie Eilish	2320230	88	63	24	-3
92	51Fjme0JiitpyXKuyQiCDo	Lalala	Y2K	2319626	78	23	12	-14
93	1GeNui6m825V8jP4uKiIaH	Bad Bad Bad (feat. Lil Baby)	Young Thug	2316458	79	16	9	-14
94	00ko9WaS4jOX1kEk3gvHjf	Hot Shower	Chance the Rapper	2289420	53	19	10	-41
95	6kls8cSlUyHW2BUOkDJIZE	Hate Me (with Juice WRLD)	Ellie Goulding	2231393	81	23	42	-14
96	78QR3Wp35dqAhFEc2qAGjE	Drip Too Hard (Lil Baby & Gunna)	Lil Baby	2230900	86	61	1	-10
97	735RSTb2xbtWbDtKD9XDYi	Somebody	Internet Money	2211932	84	8	50	-13
98	4yI3HpbSFSgFZtJP2kDe5m	Look At Her Now	Selena Gomez	2207042	64	6	15	-34
99	3PIDciSFdrQxSQSihim3hN	Christmas (Baby Please Come Home)	Mariah Carey	2202347	nan	5	75	re-enter
100	2xLMifQCjDGFmkHkpNLD9h	SICKO MODE	Travis Scott	2200551	90	70	1	-10
101	2IRZnDFmlqMuOrYOLnZZyc	Going Bad (feat. Drake)	Meek Mill	2193715	94	53	2	-7
102	5ravc2aiNoYmu9m37diYXW	Start Wit Me (feat. Gunna)	Roddy Ricch	2185010	67	6	55	-35
103	07Oz5StQ7GRoygNLaXs2pd	Good as Hell (feat. Ariana Grande) - Remix	Lizzo	2167429	57	6	32	-46
104	6Hj9jySrnFppAI0sEMCZpJ	Robbery	Juice WRLD	2136651	104	39	3	0
105	1wJRveJZLSb1rjhnUHQiv6	Swervin (feat. 6ix9ine)	A Boogie Wit da Hoodie	2120845	96	50	7	-9
106	6ocbgoVGwYJhOv1GgI9NsF	7 rings	Ariana Grande	2120182	116	43	1	10
107	3i9UVldZOE0aD0JnyfAZZ0	Lover (Remix) [feat. Shawn Mendes]	Taylor Swift	2096254	61	3	28	-46
108	6TqXcAFInzjp0bODyvrWEq	Talk (feat. Disclosure)	Khalid	2095726	99	35	6	-9
109	7f5trao56t7sB7f14QDTmp	Juicy	Doja Cat	2083586	80	5	66	-29
110	1Qi2wh8fFgDV7tl4Sj3f2K	Have Yourself A Merry Little Christmas	Sam Smith	2077931	nan	6	58	re-enter
111	3GRSqlALWISqLeNncZMbpX	Mean It	Lauv	2073986	76	3	36	-35
112	5hVghJ4KaYES3BFUATCYn0	EARFQUAKE	Tyler, The Creator	2070473	115	29	1	3
113	69dXVFCMiz3SL1L7M24NdX	bad vibes forever	XXXTENTACION	2055462	49	2	49	-64
114	4SDgTLDYrJ2UrHbkRkg7MD	Panini - DaBaby Remix	Lil Nas X	2051405	93	12	34	-21
115	2uFaJJtFpPDc5Pa95XzTvg	Let It Snow! Let It Snow! Let It Snow!	Dean Martin	2043397	nan	6	61	re-enter
116	05mDaV9Vb3wrzjF6OPZnhq	Saint-Tropez	Post Malone	2022889	92	12	3	-24
117	1VJwtWR6z7SpZRwipI12be	Candy	Doja Cat	2015897	97	4	71	-20
118	7LzouaWGFCy4tkXDOOnEyM	Liar	Camila Cabello	2005501	91	13	39	-27
119	6cy3ki60hLwimwIje7tALf	RITMO (Bad Boys For Life)	Black Eyed Peas	1989683	106	6	87	-13
120	7k4t7uLgtOxPwTpFmtJNTY	Tusa	KAROL G	1934162	119	3	119	-1
121	421eObjg0DTm2qajJl5OJm	Into the Unknown - Panic! At The Disco Version	Panic! At The Disco	1931288	187	2	121	66
122	1OjmlSFuzYflWjSMTCyTJv	Like It's Christmas	Jonas Brothers	1928471	nan	1	122	new
123	6fWa5CRgy0z30OeGZyMBvD	Heart On Ice	Rod Wave	1926976	135	2	123	12
124	4hPpVbbakQNv8YTHYaOJP4	One Thing Right	Marshmello	1920884	127	24	15	3
125	75ZvA4QfFiZvzhj2xkaWAh	I Fall Apart	Post Malone	1919044	121	116	2	-4
126	7sWRlDoTDX8geTR8zzr2vt	Hollywood's Bleeding	Post Malone	1916145	103	12	10	-23
127	4vSoyDfL0uZyUoWu5NNNsQ	Self Control	YoungBoy Never Broke Again	1910105	112	8	47	-15
128	2kJwzbxV2ppxnQoYw4GLBZ	If the World Was Ending - feat. Julia Michaels	JP Saxe	1907699	143	4	96	15
129	1ODZGydlown4VesUP8HLJX	Sleigh Ride	The Ronettes	1906601	nan	1	129	new
130	0e7ipj03S05BNilyu5bRzt	rockstar (feat. 21 Savage)	Post Malone	1897513	113	84	9	-17
131	5DqdesEfbRyOlSS3Tf6c29	It's You	Ali Gatie	1891284	141	4	64	10
132	2TH65lNHgvLxCKXM3apjxI	Callaita	Bad Bunny	1889472	102	27	41	-30
133	3XiNC94b4Tq1xwv70sQJGN	Sanguine Paradise	Lil Uzi Vert	1888080	125	35	6	-8
134	0fea68AdmYNygeTGI4RC18	LA CANCIÓN	J Balvin	1887907	108	23	43	-26
135	3ee8Jmje8o58CHK66QrVC2	SAD!	XXXTENTACION	1887414	124	90	1	-11
136	4guBZjUyrGoHsTahO3IHdj	Did It Again	Lil Tecca	1880164	100	9	40	-36
137	4MrfQL4TYQXJBlZYpAHTuE	Baby, It's Cold Outside	Dean Martin	1880104	nan	6	99	re-enter
138	08dFHFTx6r67MTsYn5ilDR	One Man Band	Old Dominion	1859444	98	6	71	-40
139	5p7ujcrUXASCNwRaWNHR1C	Without Me	Halsey	1857774	131	61	5	-8
140	6YJdPrH3i2POzu7hdHIRrb	Santa Baby	Ariana Grande	1848736	nan	6	80	re-enter
141	3GJ4hzg4lrGwU51Y3VARbF	Speechless	Dan + Shay	1848345	111	70	81	-30
142	0hVXuCcriWRGvwMV1r5Yn9	I Don't Care (with Justin Bieber)	Ed Sheeran	1837682	122	21	9	-20
143	7m9OqQk4RVRkw9JJdeAw96	Jocelyn Flores	XXXTENTACION	1828729	139	119	3	-4
144	4vUmTMuQqjdnvlZmAH61Qk	South of the Border (feat. Camila Cabello & Cardi B)	Ed Sheeran	1828321	114	14	14	-30
145	1iSqfoUFnQwV0QW1EfUit8	Suicidal	YNW Melly	1827351	71	2	71	-74
146	3e9HZxeyfWwjeyPAMmWSSQ	thank u, next	Ariana Grande	1811302	156	43	7	10
147	1foCxQtxBweJtZmdxhEHVO	Santa Baby (with Henri René & His Orchestra)	Eartha Kitt	1806269	nan	11	83	re-enter
148	2YpeDb67231RjR0MgVLzsG	Old Town Road - Remix	Lil Nas X	1800025	152	19	16	4
149	7dt6x5M1jzdTEt8oCbisTK	Better Now	Post Malone	1798200	134	84	1	-15
150	1VuAamHM7P3VQQEXYGG3Uu	Joy To The World	Nat King Cole	1785788	nan	4	94	re-enter
151	7FGq80cy8juXBCD2nrqdWU	Eastside (with Halsey & Khalid)	benny blanco	1780661	129	52	25	-22
152	4EZUcj7c8n9pWIwHqN0DoH	Do You Hear What I Hear?	Bing Crosby	1779654	nan	8	91	re-enter
153	7hpJ9tATWb2vztlq99hERP	Maniac	Conan Gray	1774268	nan	1	153	new
154	22vgEDb5hykfaTwLuskFGD	Sucker	Jonas Brothers	1774201	136	26	10	-18
155	364spZLB5bhNlnPrzvUB41	Reply (feat. Lil Uzi Vert)	A Boogie Wit da Hoodie	1764243	83	3	20	-72
156	0rFQ5cKYJ9WtHSKp9sxVYt	Heartless (feat. Morgan Wallen)	Diplo	1762128	123	16	57	-33
157	7faDzZnZYqTyYThx2sbHVQ	Mistletoe And Holly - Remastered 1999	Frank Sinatra	1760355	nan	7	102	re-enter
158	7namdlOhbtsc8FvoSafOQt	Lost in the Woods	Jonathan Groff	1759465	nan	1	158	new
159	6gBFPUFcJLzWGx4lenP6h2	goosebumps	Travis Scott	1757515	138	153	16	-21
160	5Ber68jZ7ytegr2UISEdb7	Santa Claus Is Coming to Town	Michael Bublé	1755119	nan	6	86	re-enter
161	2WsuSYJNXGKXVYkHPnq2yp	Ransom (with Juice WRLD) - Remix	Lil Tecca	1751507	118	9	53	-43
162	66FltlEV09mPJYAyfYm8De	Bang Bang	YNW Melly	1742465	54	2	54	-108
163	6zeeWid2sgw4lap2jV61PZ	Better	Khalid	1741621	158	58	10	-5
164	550rQQCGkrTzvp4SfpOPzx	Hallelujah	Pentatonix	1737904	nan	10	135	re-enter
165	2dpaYNEQHiRxtZbfNsse99	Happier	Marshmello	1735430	154	68	8	-11
166	1dGr1c8CrMLDpV6mPbImSI	Lover	Taylor Swift	1731308	126	15	1	-40
167	6Nle9hKrkL1wQpwNfEkxjh	Chanel	Frank Ocean	1730023	151	13	48	-16
168	4tHqQMWSqmL6YjXwsqthDI	Carol of the Bells	Mykola Dmytrovych Leontovych	1728896	nan	11	69	re-enter
169	5VEuraNSVxMTzDTtrmL3lQ	Winter Wonderland	Bing Crosby	1719584	nan	11	60	re-enter
170	0JP9xo3adEtGSdUEISiszL	Moonlight	XXXTENTACION	1718754	169	90	3	-1
171	2rxQMGVafnNaRaXlRMWPde	Beautiful Crazy	Luke Combs	1716178	128	74	61	-43
172	7rvyVWja33WG9R97oeJAjx	Envy Me	Calboy	1713160	133	27	29	-39
173	5a6pdCHlWS2ekOOQ70QnAr	July	Noah Cyrus	1701068	184	7	128	11
174	3j84U36KvLeXNDPv4t5pI8	Pure Water (with Migos)	Mustard	1700546	160	23	38	-14
175	4e0FYxSROat25pH16zMTZI	Love Me	Lil Tecca	1699313	132	9	80	-43
176	09TZsMHXEtQkdmMJZPLKup	UP THE SMOKE (with Offset)	Stunna 4 Vegas	1688840	nan	1	176	new
177	4SSnFejRGlZikf02HLewEF	bury a friend	Billie Eilish	1682622	188	35	4	11
178	6RRNNciQGZEXnqk8SQ9yv5	You Need To Calm Down	Taylor Swift	1679407	145	15	8	-33
179	2Xo3rLHjXfdb4avN68aQyi	BEST ON EARTH (feat. BIA) - Bonus	Russ	1660394	137	7	90	-42
180	3Yh9lZcWyKrK9GjbhuS0hR	Good as Hell	Lizzo	1658526	140	16	22	-40
181	1Gfdx16f0aOZ70Tm2Z0Lne	Have Yourself A Merry Little Christmas	Judy Garland	1656339	nan	1	181	new
182	6K4t31amVTZDgR3sKmwUJJ	The Less I Know The Better	Tame Impala	1649104	186	14	142	4
183	6CcJMwBtXByIz4zQLzFkKc	i love you	Billie Eilish	1645707	191	36	17	8
184	4a6q8CR2hzLk2plDkSxkfD	I.F.L.Y.	Bazzi	1645684	181	17	28	-3
185	4OBZT9EnhYIV17t4pGw7ig	Best Part (feat. Daniel Caesar)	H.E.R.	1637686	183	74	68	-2
186	12Fkyg9lpmaz2zmKOfw2Y2	On The Road (feat. Meek Mill & Lil Baby)	Post Malone	1633542	147	12	16	-39
187	4B7fTyj1FIPvP9tT5X3DnR	Behind Barz - Bonus	Drake	1627883	149	12	37	-38
188	67XyC1GdSkKb9sbRRkUDXS	Shotta Flow (Feat. Blueface) [Remix]	NLE Choppa	1615678	150	23	20	-38
189	5FkoSXiJPKTNyYgALRJFhD	ORANGE SODA	Baby Keem	1609918	nan	1	189	new
190	5Q2P43CJra0uRAogjHyJDK	Baby, It's Cold Outside	Brett Eldredge	1601771	nan	6	50	re-enter
191	14X1WxiHXdVRJ99cMCBzOE	How I Move (feat. Lil Baby)	Flipp Dinero	1594306	159	2	159	-32
192	3Fj47GNK2kUF0uaEDgXLaD	wish you were gay	Billie Eilish	1591069	nan	31	3	re-enter
193	2tnVG71enUj33Ic2nFN6kZ	Ride It	Regard	1589823	161	11	90	-32
194	4Xbotg4PCLJw9cDx2dtZLK	Some Things Never Change	Kristen Bell	1589399	nan	1	194	new
195	6pVW5LRWgeLaHudxauOTJU	Jingle Bell Rock - Daryl's Version	Daryl Hall & John Oates	1579764	nan	4	100	re-enter
196	7AQim7LbvFVZJE3O8TYgf2	Fuck Love (feat. Trippie Redd)	XXXTENTACION	1579730	178	119	8	-18
197	09mEdoA6zrmBPgTEN5qXmN	Call Out My Name	The Weeknd	1577313	nan	1	197	new
198	2zjGJ0dChMR0KxBZS15aqo	Baguettes in the Face (feat. NAV, Playboi Carti & A Boogie Wit da Hoodie)	Mustard	1577157	170	23	34	-28
199	2rMAtCaTj16NptyVfEIeAC	Cash Shit (feat. DaBaby)	Megan Thee Stallion	1573968	153	23	69	-46
200	6ZYS6QQxTLsQ6IFXdVx1r4	Ophelia	The Lumineers	1568381	nan	1	200	new
