position	song_id	song_name	artist	streams	last_week_position	weeks_on_chart	peak_position	position_status
1	21jGcNKet2qwijlDFuPiPb	Circles	Post Malone	12719540	nan	1	1	new
2	6EOKwHETwSkZ9gW2b6ASE0	Ransom	Lil Tecca	9380593	11	3	2	9
3	05mDaV9Vb3wrzjF6OPZnhq	Saint-Tropez	Post Malone	9348052	nan	1	3	new
4	6vBdBCoOhKHiYDDOcorfNo	Goodbyes (Feat. Young Thug)	Post Malone	9136536	6	11	1	2
5	3NkJNL3WqO1Lqc3uNDxvCN	Don’t Call Me Angel (Charlie’s Angels) (with Miley Cyrus & Lana Del Rey)	Ariana Grande	9078633	nan	1	5	new
6	0Xek5rqai2jcOWCYWJfVCF	Enemies (feat. DaBaby)	Post Malone	8780317	nan	1	6	new
7	7CZyCXKG6d5ALeq41sLzbw	Take What You Want (feat. Ozzy Osbourne & Travis Scott)	Post Malone	8764130	nan	1	7	new
8	5qmq61DAAOUaW8AUo8xKhh	Truth Hurts	Lizzo	7785087	15	20	3	7
9	0RiRZpuVRbi7oqRdSMwhQY	Sunflower - Spider-Man: Into the Spider-Verse	Post Malone	7668774	nan	1	9	new
10	7sWRlDoTDX8geTR8zzr2vt	Hollywood's Bleeding	Post Malone	7348326	nan	1	10	new
11	6v3KW9xbzN5yKLt9YKDYA2	Señorita	Shawn Mendes	6696386	17	8	2	6
12	2C6WXnmZ66tHhHlnvwePiK	Die For Me (feat. Future & Halsey)	Post Malone	6573835	nan	1	12	new
13	1000nHvUdawXuUHgBod4Wv	Panini	Lil Nas X	6551790	nan	1	13	new
14	6XHVuErjQ4XNm6nDPVCxVX	No Guidance (feat. Drake)	Chris Brown	6419417	22	12	6	8
15	5ry2OE6R2zPQFDO85XkgRb	Money In The Grave (Drake ft. Rick Ross)	Drake	6177029	23	14	1	8
16	12Fkyg9lpmaz2zmKOfw2Y2	On The Road (feat. Meek Mill & Lil Baby)	Post Malone	6096312	nan	1	16	new
17	7qEHsqek33rTcFNT9PFqLf	Someone You Loved	Lewis Capaldi	5851288	24	18	13	7
18	6V9fHiv84WlVTg7CSnIVY2	Graveyard	Halsey	5786422	nan	1	18	new
19	5Z8HZM6iQMhhqyPcCGY5g9	Hot (feat. Gunna)	Young Thug	5639364	29	5	19	10
20	2J0NXdHr6MYvKDSxB7k3V2	A Thousand Bad Times	Post Malone	5356419	nan	1	20	new
21	3s4mrPrEFFPF0LmAfutW0n	The London (feat. J. Cole & Travis Scott)	Young Thug	5207522	25	5	8	4
22	7aiClxsDWFRQ0Kzk5KI5ku	hot girl bummer	blackbear	5185911	36	4	22	14
23	5MPPttjfGap2C6j6eKcO6J	Baby (Lil Baby feat. DaBaby)	Quality Control	5005397	27	5	14	4
24	4sjiIpEv617LDXaidKioOI	223's (feat. 9lokknine)	YNW Melly	5000089	44	5	24	20
25	2Fxmhks0bxGSBdJ92vM42m	bad guy	Billie Eilish	4823499	28	25	1	3
26	7xQAfvXzm3AkraOtGPWIZg	Wow.	Post Malone	4813927	nan	1	26	new
27	1ckLp8lCl8LipXI0ypX72m	I'm Gonna Be	Post Malone	4748510	nan	1	27	new
28	4sWuPniHClkInYAnzXAYUF	Camelot	NLE Choppa	4731137	nan	1	28	new
29	70eFcWOvlMObDhURTqT4Fv	Beautiful People (feat. Khalid)	Ed Sheeran	4718390	31	10	6	2
30	0Ryd8975WihbObpp5cPW1t	boyfriend (with Social House)	Ariana Grande	4605696	33	7	2	3
31	51Fjme0JiitpyXKuyQiCDo	Lalala	Y2K	4560295	34	12	12	3
32	2gwkD6igEhQbDQegRCcdoB	Suge	DaBaby	4523824	30	25	4	-2
33	1YscJ7yVTlFxW3eF6pv5ba	Allergic	Post Malone	4509124	nan	1	33	new
34	5KE9b4x7Zj2A8XtbkqhqTe	Staring At The Sun (feat. SZA)	Post Malone	4401633	nan	1	34	new
35	6b2RcmUt1g9N9mQ3CbjX2Y	How Do You Sleep?	Sam Smith	4389340	38	9	10	3
36	4SDgTLDYrJ2UrHbkRkg7MD	Panini - DaBaby Remix	Lil Nas X	4283658	nan	1	36	new
37	3Yh9lZcWyKrK9GjbhuS0hR	Good as Hell	Lizzo	4276578	35	5	22	-2
38	6alCTRgBPoeAFi2N4il9Q4	Did It Again	Lil Tecca	4239148	37	3	21	-1
39	1GeNui6m825V8jP4uKiIaH	Bad Bad Bad (feat. Lil Baby)	Young Thug	4193840	32	5	9	-7
40	1dGr1c8CrMLDpV6mPbImSI	Lover	Taylor Swift	4048316	26	4	1	-14
41	0DZJACISivjWjscIp5Kg1q	Ransom (with Juice WRLD) - Remix	Lil Tecca	3742137	43	3	30	2
42	4B7fTyj1FIPvP9tT5X3DnR	Behind Barz - Bonus	Drake	3734380	nan	1	42	new
43	6uFn47ACjqYkc0jADwEdj1	Pop Out (feat. Lil Tjay)	Polo G	3731075	45	15	8	2
44	2zjGJ0dChMR0KxBZS15aqo	Baguettes in the Face (feat. NAV, Playboi Carti & A Boogie Wit da Hoodie)	Mustard	3652437	42	12	34	-2
45	5N1o6d8zGcSZSeMFkOUQOk	Hot Girl Summer (feat. Nicki Minaj & Ty Dolla $ign)	Megan Thee Stallion	3600284	40	6	8	-5
46	7LzouaWGFCy4tkXDOOnEyM	Liar	Camila Cabello	3589664	39	2	39	-7
47	44ADyYoY5liaRa3EOAl4uf	Slide Away	Miley Cyrus	3554298	46	5	22	-1
48	2cvOfKHOHgwQlLiuLKP2xR	Myself	Post Malone	3530906	nan	1	48	new
49	67XyC1GdSkKb9sbRRkUDXS	Shotta Flow (Feat. Blueface) [Remix]	NLE Choppa	3400319	48	12	20	-1
50	1rgnBhdG2JDFTbYkYRZAku	Dance Monkey	Tones And I	3363229	58	7	44	8
51	6TqXcAFInzjp0bODyvrWEq	Talk (feat. Disclosure)	Khalid	3305310	51	24	6	0
52	0UPBidRYcgJ2mjZlk08V8x	F.N	Lil Tjay	3304072	55	6	52	3
53	3TLwAp3uX1nKsVxrDhNPOL	Love Me	Lil Tecca	3284768	49	3	32	-4
54	6b2mfHMqWCA74XmUuVJm8r	I Know	Post Malone	3256361	nan	1	54	new
55	0rIAC4PXANcKmitJfoqmVm	Motivation	Normani	3245487	50	5	26	-5
56	6RRNNciQGZEXnqk8SQ9yv5	You Need To Calm Down	Taylor Swift	3228317	47	4	8	-9
57	2xE16muNCmhZwSOv3i1d1H	Mood Swings	A Boogie Wit da Hoodie	3186584	nan	1	57	new
58	2JvzF1RMd7lE3KmFlsyZD8	MIDDLE CHILD	J. Cole	3154042	54	35	1	-4
59	0KAzP1Rbp0Vz5pw8i1KDDI	Internet	Post Malone	3001841	nan	1	59	new
60	0hVXuCcriWRGvwMV1r5Yn9	I Don't Care (with Justin Bieber)	Ed Sheeran	2873985	60	10	9	0
61	3RauEVgRgj1IuWdJ9fDs70	The Man	Taylor Swift	2871511	41	4	3	-20
62	6moU77g9RQyMzHNuKEaQKq	It's You	Ali Gatie	2786828	66	14	17	4
63	2IRZnDFmlqMuOrYOLnZZyc	Going Bad (feat. Drake)	Meek Mill	2759196	67	42	2	4
64	2YpeDb67231RjR0MgVLzsG	Old Town Road - Remix	Lil Nas X	2744973	52	8	16	-12
65	322tcqPhma7F6hfCeLisx0	fuck, i'm lonely	Lauv	2729472	57	7	31	-8
66	1wJRveJZLSb1rjhnUHQiv6	Swervin (feat. 6ix9ine)	A Boogie Wit da Hoodie	2689962	70	39	7	4
67	2xLMifQCjDGFmkHkpNLD9h	SICKO MODE	Travis Scott	2684161	65	59	1	-2
68	78QR3Wp35dqAhFEc2qAGjE	Drip Too Hard (Lil Baby & Gunna)	Lil Baby	2667400	71	50	1	3
69	4a6q8CR2hzLk2plDkSxkfD	I.F.L.Y.	Bazzi	2664916	69	6	28	0
70	5hVghJ4KaYES3BFUATCYn0	EARFQUAKE	Tyler, The Creator	2605346	61	18	1	-9
71	3XiNC94b4Tq1xwv70sQJGN	Sanguine Paradise	Lil Uzi Vert	2604097	68	24	6	-3
72	2ksOAxtIxY8yElEWw8RhgK	China	Anuel AA	2562136	56	9	25	-16
73	7eBqSVxrzQZtK2mmgRG6lC	Murder On My Mind	YNW Melly	2548796	79	52	4	6
74	285pBltuF7vW8TeWk8hdRR	Lucid Dreams	Juice WRLD	2529538	75	41	11	1
75	2TH65lNHgvLxCKXM3apjxI	Callaita	Bad Bunny	2521645	72	16	41	-3
76	4hPpVbbakQNv8YTHYaOJP4	One Thing Right	Marshmello	2513775	73	13	15	-3
77	7rvyVWja33WG9R97oeJAjx	Envy Me	Calboy	2510758	77	16	29	0
78	5xjei7JnROsAzLY2a7RdZU	Shots	Lil Tecca	2502614	59	3	35	-19
79	5KBARWIxeMGkvUax9VtVC9	My Type	Saweetie	2484652	74	11	44	-5
80	26wLOs3ZuHJa2Ihhx6QIE6	Teeth	5 Seconds of Summer	2429297	76	4	66	-4
81	00ko9WaS4jOX1kEk3gvHjf	Hot Shower	Chance the Rapper	2420552	85	8	10	4
82	6ocbgoVGwYJhOv1GgI9NsF	7 rings	Ariana Grande	2400087	88	32	1	6
83	1BxfuPKGuaTgP7aM0Bbdwr	Cruel Summer	Taylor Swift	2388749	53	4	4	-30
84	0u2P5u6lvoDfwTYjAADbn4	lovely (with Khalid)	Billie Eilish	2388634	81	52	24	-3
85	6wo37KVqFJhtuxPTpLCcfe	Takeaway (feat. Lennon Stella)	The Chainsmokers	2387047	89	8	18	4
86	2rMAtCaTj16NptyVfEIeAC	Cash Shit (feat. DaBaby)	Megan Thee Stallion	2352552	87	12	69	1
87	3j84U36KvLeXNDPv4t5pI8	Pure Water (with Migos)	Mustard	2347166	94	12	38	7
88	43zdsphuZLzwA9k4DJhU0I	when the party's over	Billie Eilish	2340376	80	25	5	-8
89	43rA71bccXFGD4C8GOpIlN	I Forgot That You Existed	Taylor Swift	2336845	62	4	5	-27
90	22vgEDb5hykfaTwLuskFGD	Sucker	Jonas Brothers	2313021	90	15	10	0
91	0e7ipj03S05BNilyu5bRzt	rockstar (feat. 21 Savage)	Post Malone	2276398	78	73	9	-13
92	6zeeWid2sgw4lap2jV61PZ	Better	Khalid	2265935	95	47	10	3
93	7FGq80cy8juXBCD2nrqdWU	Eastside (with Halsey & Khalid)	benny blanco	2249412	100	41	25	7
94	7dt6x5M1jzdTEt8oCbisTK	Better Now	Post Malone	2230095	82	73	1	-12
95	6Hj9jySrnFppAI0sEMCZpJ	Robbery	Juice WRLD	2228297	98	28	3	3
96	3QzAOrNlsabgbMwlZt7TAY	Ballin' (with Roddy Ricch)	Mustard	2222891	112	7	96	16
97	2bT1PH7Cw3J9p3t7nlXCdh	If I Can't Have You	Shawn Mendes	2220482	99	8	32	2
98	0rKtyWc8bvkriBthvHKY8d	SLOW DANCING IN THE DARK	Joji	2213810	106	46	41	8
99	7f1zjZG77S891Uv4O68yfk	Baby Sitter (feat. Offset)	DaBaby	2208071	109	19	61	10
100	643PW82aBMUa1FiWi5VQY7	Babushka Boi	A$AP Rocky	2206899	64	3	26	-36
101	2dpaYNEQHiRxtZbfNsse99	Happier	Marshmello	2188883	103	57	8	2
102	0k664IuFwVP557Gnx7RhIl	Juice	Lizzo	2178240	97	22	71	-5
103	3GJ4hzg4lrGwU51Y3VARbF	Speechless	Dan + Shay	2151875	110	59	84	7
104	3UYiU57SMiAS5LqolhHJw1	Shameless	Camila Cabello	2150265	63	2	63	-41
105	0fea68AdmYNygeTGI4RC18	LA CANCIÓN	J Balvin	2141066	102	12	43	-3
106	5WnfnSpuNEGXyEt78PBA6d	Costa Rica (with Bas & JID feat. Guapdad 4000, Reese LAFLARE, Jace, Mez, Smokepurpp, Buddy & Ski Mask The Slump God)	Dreamville	2133266	93	11	31	-13
107	1kK6DwzyXJSp58u5HYWwuD	Go Loko (feat. Tyga, Jon Z)	YG	2101319	84	17	17	-23
108	6PYnUsNEpYC7A4BS2sjw3L	Right Back (feat. A Boogie Wit Da Hoodie)	Khalid	2099662	101	7	68	-7
109	2Rk4JlNc2TPmZe2af99d45	ME! (feat. Brendon Urie of Panic! At The Disco)	Taylor Swift	2093875	86	4	23	-23
110	0rFQ5cKYJ9WtHSKp9sxVYt	Heartless (feat. Morgan Wallen)	Diplo	2071673	141	5	81	31
111	6osaMSJh9NguagEDQcZaKx	Loco Contigo (feat. J. Balvin & Tyga)	DJ Snake	2066652	118	8	79	7
112	5p7ujcrUXASCNwRaWNHR1C	Without Me	Halsey	2039007	120	50	5	8
113	0BOmhToQ03yOdpzYKMEnAg	Baby Birkin	Gunna	2038462	113	6	113	0
114	4hanO6Du5J7QEguNHYZHmw	Daddy (feat. Rich The Kid)	Blueface	2023012	111	6	75	-3
115	3ee8Jmje8o58CHK66QrVC2	SAD!	XXXTENTACION	2020470	108	79	1	-7
116	0Rx0DJI556Ix5gBny6EWmn	Paradise	Bazzi	2012107	105	6	57	-11
117	3WyRgi8CzQnhzO0xw79tTS	Goin Baby	DaBaby	2000512	119	22	67	2
118	6oJ6le65B3SEqPwMRNXWjY	Higher Love	Kygo	1974718	123	12	28	5
119	6gBFPUFcJLzWGx4lenP6h2	goosebumps	Travis Scott	1971023	116	142	16	-3
120	3AEgic4yp82NxMWUjHtxnO	Uno	Ambjaay	1967531	126	11	79	6
121	2rxQMGVafnNaRaXlRMWPde	Beautiful Crazy	Luke Combs	1967203	130	63	61	9
122	6cjSh516BbrNUs213jDAGm	Graduation (with Juice WRLD)	benny blanco	1951704	91	3	39	-31
123	75ZvA4QfFiZvzhj2xkaWAh	I Fall Apart	Post Malone	1950638	104	105	2	-19
124	3Ol2xnObFdKV9pmRD2t9x8	Look Back at It	A Boogie Wit da Hoodie	1948833	121	39	9	-3
125	6kyT7ubem08Egg9a8f77OL	Self Control	YoungBoy Never Broke Again	1928306	114	2	114	-11
126	6foY66mWZN0pSRjZ408c00	Whiskey Glasses	Morgan Wallen	1919671	138	27	66	12
127	5rU6kDNXZLXIinFezpbWbO	Tap (feat. Meek Mill)	NAV	1908589	83	20	50	-44
128	3e9HZxeyfWwjeyPAMmWSSQ	thank u, next	Ariana Grande	1899364	135	32	7	7
129	2t8yVaLvJ0RenpXUIAC52d	a lot	21 Savage	1858440	128	39	7	-1
130	4R8BJggjosTswLxtkw8V7P	No Me Conoce - Remix	Jhay Cortez	1842449	132	14	119	2
131	1G2CAJeP7rCwOZjlSJ0Zw3	Que Calor (with J Balvin & El Alfa)	Major Lazer	1835132	nan	1	131	new
132	0JP9xo3adEtGSdUEISiszL	Moonlight	XXXTENTACION	1808360	131	79	3	-1
133	7m9OqQk4RVRkw9JJdeAw96	Jocelyn Flores	XXXTENTACION	1799372	143	108	3	10
134	7zLYKWcXnYeHHWidalz7rj	Noticed	Lil Mosey	1797233	148	12	134	14
135	5dW1VZPcFqB4n0P08rGDgm	The Git Up	Blanco Brown	1792619	127	14	34	-8
136	4y5bvROuBDPr5fuwXbIBZR	Paper Rings	Taylor Swift	1782467	96	4	9	-40
137	36orMWv2PgvnzXsd5CJ0yL	Post Malone (feat. RANI)	Sam Feldt	1763775	147	5	135	10
138	1c0hsvHLELX6y8qymnpLKL	Soltera - Remix	Lunay	1759160	nan	15	60	re-enter
139	3LxG9HkMMFP0MZuiw3O2rF	Good Things Fall Apart (with Jon Bellion)	ILLENIUM	1752090	150	5	102	11
140	4SSnFejRGlZikf02HLewEF	bury a friend	Billie Eilish	1734984	142	25	4	2
141	0FZ4Dmg8jJJAPJnvBIzD9z	ZEZE (feat. Travis Scott & Offset)	Kodak Black	1725587	149	40	4	8
142	2YWtcWi3a83pdEg3Gif4Pd	I Think He Knows	Taylor Swift	1725354	107	4	11	-35
143	6Qs4SXO9dwPj5GKvVOv8Ki	Dancing With A Stranger (with Normani)	Sam Smith	1724032	155	36	12	12
144	7BlBVFwvbWvcwNcUarQmjk	Yo x Ti, Tu x Mi	ROSALÍA	1712359	145	5	117	1
145	4ak7xjvBeBOcJGWFDX9w5n	Rodeo	Lil Nas X	1712193	146	13	9	1
146	1ThmUihH9dF8EV08ku5AXN	Faucet Failure	Ski Mask The Slump God	1708632	159	41	27	13
147	4VXIryQMWpIdGgYR4TrjT1	All Girls Are The Same	Juice WRLD	1706130	153	41	66	6
148	42fw0rxRO2xbesF6mJfd4Y	Tequila	Dan + Shay	1701586	168	63	60	20
149	2iUXsYOEPhVqEBwsqP70rE	Youngblood	5 Seconds of Summer	1695922	158	66	17	9
150	6vN77lE9LK6HP2DewaN6HZ	Yes Indeed	Lil Baby	1693271	161	70	2	11
151	6kls8cSlUyHW2BUOkDJIZE	Hate Me (with Juice WRLD)	Ellie Goulding	1683215	163	12	51	12
152	5kfNriitmkNE8mUbZ7gbq8	Saturday Nights	Khalid	1677978	165	47	14	13
153	6IRdLKIyS4p7XNiP8r6rsx	all the good girls go to hell	Billie Eilish	1676430	nan	14	8	re-enter
154	4ZT9FnbFu1PaBfV3itxiqT	I	Lil Skies	1673880	174	29	16	20
155	7nfmK6oHPDlAd68A11d7AN	Beer Never Broke My Heart	Luke Combs	1662608	157	11	85	2
156	7GX5flRQZVHRAGd6B4TmDO	XO Tour Llif3	Lil Uzi Vert	1662268	167	108	2	11
157	1rqqCSm0Qe4I9rUvWncaom	High Hopes	Panic! At The Disco	1654990	160	65	13	3
158	0c7K73roy6RW4ebDkf4yGh	VALENTINO	24kGoldn	1648645	nan	1	158	new
159	3a1lNhkSLSkpJE4MSHpDu9	Congratulations	Post Malone	1642997	144	142	5	-15
160	2VxeLyX666F8uXCJ0dZF8B	Shallow	Lady Gaga	1641071	176	50	10	16
161	3A2yGHWIzmGEIolwonU69h	Act Up	City Girls	1635936	164	24	66	3
162	7po7c8LzxTZ0ybU41qT5gD	Show & Tell	Melanie Martinez	1633160	122	2	122	-40
163	0DiDStADDVh3SvAsoJAFMk	Only Human	Jonas Brothers	1630996	162	15	12	-1
164	2P91MQbaiQOfbiz9VqhqKQ	I Like Me Better	Lauv	1630776	173	66	79	9
165	4kV4N9D1iKVxx1KLvtTpjS	break up with your girlfriend, i'm bored	Ariana Grande	1623551	182	32	1	17
166	4bTZeO72FwMa6wKOiqoynL	Otro Trago - Remix	Sech	1622371	154	8	84	-12
167	4e4fqjx0Izh4svvTef1z7e	Meant to Be (feat. Florida Georgia Line)	Bebe Rexha	1610857	177	65	44	10
168	3swc6WTsr7rl9DqQKQA55C	Psycho (feat. Ty Dolla $ign)	Post Malone	1604375	134	73	2	-34
169	2B9wgj9XzbJZLty03PRbVo	Bezerk (feat. A$AP Ferg)	Big Sean	1598931	117	3	50	-52
170	4XiGKQqbmnMVxDzUj6j3f2	Worth It	YK Osiris	1593088	178	29	71	8
171	7sO5G9EABYOXQKNPNiE9NR	Ric Flair Drip (& Metro Boomin)	Offset	1590612	186	98	4	15
172	4u7EnebtmKWzUH433cf5Qv	Bohemian Rhapsody - 2011 Mix	Queen	1589222	181	26	76	9
173	14mHfNsSHN0FbLftyjrV9g	Leave Me Alone	Flipp Dinero	1583724	187	55	10	14
174	0TlLq3lA83rQOYtrqBqSct	Nonstop	Drake	1582887	188	61	5	14
175	7AQim7LbvFVZJE3O8TYgf2	Fuck Love (feat. Trippie Redd)	XXXTENTACION	1576340	184	108	8	9
176	5qrSlOut2rNAWv3ubArkNy	Be Alright	Dean Lewis	1573215	191	18	87	15
177	6CcJMwBtXByIz4zQLzFkKc	i love you	Billie Eilish	1571275	169	25	17	-8
178	5wujBwqG7INdStqGd4tRMX	Armed And Dangerous	Juice WRLD	1561983	193	40	24	15
179	5PYQUBXc7NYeI1obMKSJK0	Never Really Over	Katy Perry	1561029	195	16	10	16
180	18uwL0vNUanqZH0ro2QcOP	comethru	Jeremy Zucker	1560266	197	10	163	17
181	214nt20w5wOxJnY462klLw	Miss Americana & The Heartbreak Prince	Taylor Swift	1557647	115	4	13	-66
182	6hLkeOMrhZ2CMLBp2of576	Wanted	OneRepublic	1556833	92	2	92	-90
183	2uIX8YMNjGMD7441kqyyNU	ocean eyes	Billie Eilish	1553894	179	55	78	-4
184	58q2HKrzhC3ozto2nDdN4z	I Like It	Cardi B	1542271	189	76	3	5
185	4OBZT9EnhYIV17t4pGw7ig	Best Part (feat. Daniel Caesar)	H.E.R.	1531745	194	63	68	9
186	6xcJyGpfZbuuiequtnlKt4	BUTTERFLY EFFECT	Travis Scott	1522043	172	29	26	-14
187	6MF4tRr5lU8qok8IKaFOBE	Under The Sun (with J. Cole & Lute feat. DaBaby)	Dreamville	1519764	nan	7	15	re-enter
188	1SNiXDwSilLujcYdvfqVpT	Call You Mine	The Chainsmokers	1518459	nan	4	149	re-enter
189	6DCZcSspjsKoFjzjrWoCdn	God's Plan	Drake	1517976	nan	60	16	re-enter
190	3Fj47GNK2kUF0uaEDgXLaD	wish you were gay	Billie Eilish	1517223	183	25	3	-7
191	1LLXZFeAHK9R4xUramtUKw	London Boy	Taylor Swift	1513497	124	4	16	-67
192	12M5uqx0ZuwkpLp5rJim1a	Cornelia Street	Taylor Swift	1507874	125	4	15	-67
193	1xzBco0xcoJEDXktl7Jxrr	Mo Bamba	Sheck Wes	1507726	nan	49	1	re-enter
194	3OKjDHmSJVKOn6V4hCR8bq	Brothers	Lil Tjay	1493953	nan	2	194	re-enter
195	1Yu378yDTmy6EIDYNIEALh	Richer Than Errybody (feat. YoungBoy Never Broke Again & DaBaby)	Gucci Mane	1490394	nan	1	195	new
196	152lZdxL1OR0ZMW6KquMif	Location	Khalid	1487135	nan	138	9	re-enter
197	7KXjTSCq5nL1LoYtL7XAwS	HUMBLE.	Kendrick Lamar	1481773	nan	122	1	re-enter
198	5uCax9HTNlzGybIStD3vDh	Say You Won't Let Go	James Arthur	1478887	nan	96	15	re-enter
199	2toVe5hfuIi97ytDPDbQFt	Taste (feat. Offset)	Tyga	1476036	nan	14	87	re-enter
200	4Of7rzpRpV1mWRbhp5rAqG	Bruises	Lewis Capaldi	1473037	nan	1	200	new
