position	song_id	song_name	artist	streams	last_week_position	weeks_on_chart	peak_position	position_status
1	3eekarcy7kvN4yt5ZFzltW	HIGHEST IN THE ROOM	Travis Scott	20518547	nan	1	1	new
2	2wrJq5XKLnmhRXHIAf9xBa	10,000 Hours (with Justin Bieber)	Dan + Shay	11129577	nan	1	2	new
3	21jGcNKet2qwijlDFuPiPb	Circles	Post Malone	10046611	1	4	1	-2
4	6Gg1gjgKi2AK4e0qzsR7sd	Bandit (with YoungBoy Never Broke Again)	Juice WRLD	9652455	nan	1	4	new
5	4sjiIpEv617LDXaidKioOI	223's (feat. 9lokknine)	YNW Melly	7409895	5	8	5	0
6	5qmq61DAAOUaW8AUo8xKhh	Truth Hurts	Lizzo	7065663	4	23	3	-2
7	7aiClxsDWFRQ0Kzk5KI5ku	hot girl bummer	blackbear	6561090	17	7	7	10
8	1lOe9qE0vR9zwWQAOk6CoO	Ransom	Lil Tecca	6331945	nan	1	8	new
9	7qEHsqek33rTcFNT9PFqLf	Someone You Loved	Lewis Capaldi	6105495	16	21	9	7
10	4sWuPniHClkInYAnzXAYUF	Camelot	NLE Choppa	6084351	14	4	10	4
11	5Z8HZM6iQMhhqyPcCGY5g9	Hot (feat. Gunna)	Young Thug	5994683	11	8	11	0
12	6vBdBCoOhKHiYDDOcorfNo	Goodbyes (Feat. Young Thug)	Post Malone	5971146	6	14	1	-6
13	6XHVuErjQ4XNm6nDPVCxVX	No Guidance (feat. Drake)	Chris Brown	5914874	13	15	6	0
14	0RiRZpuVRbi7oqRdSMwhQY	Sunflower - Spider-Man: Into the Spider-Verse	Post Malone	5807807	8	4	8	-6
15	1000nHvUdawXuUHgBod4Wv	Panini	Lil Nas X	5689437	10	4	10	-5
16	05mDaV9Vb3wrzjF6OPZnhq	Saint-Tropez	Post Malone	5655643	9	4	3	-7
17	7CZyCXKG6d5ALeq41sLzbw	Take What You Want (feat. Ozzy Osbourne & Travis Scott)	Post Malone	5563158	12	4	6	-5
18	5ry2OE6R2zPQFDO85XkgRb	Money In The Grave (Drake ft. Rick Ross)	Drake	5498657	19	17	1	1
19	6Ozh9Ok6h4Oi1wUSLtBseN	BOP	DaBaby	5463340	3	2	3	-16
20	0fySG6A6qLE8IvDpayb5bM	VIBEZ	DaBaby	5399322	7	2	7	-13
21	0Xek5rqai2jcOWCYWJfVCF	Enemies (feat. DaBaby)	Post Malone	5139771	18	4	6	-3
22	6v3KW9xbzN5yKLt9YKDYA2	Señorita	Shawn Mendes	5089857	20	11	2	-2
23	2b8fOow8UzyDFAE27YhOZM	Memories	Maroon 5	4737913	31	3	23	8
24	3Yh9lZcWyKrK9GjbhuS0hR	Good as Hell	Lizzo	4472027	24	8	22	0
25	2Fxmhks0bxGSBdJ92vM42m	bad guy	Billie Eilish	4444457	22	28	1	-3
26	5MPPttjfGap2C6j6eKcO6J	Baby (Lil Baby feat. DaBaby)	Quality Control	4370718	21	8	14	-5
27	2gwkD6igEhQbDQegRCcdoB	Suge	DaBaby	4333155	23	28	4	-4
28	70eFcWOvlMObDhURTqT4Fv	Beautiful People (feat. Khalid)	Ed Sheeran	4297812	28	13	6	0
29	6b2RcmUt1g9N9mQ3CbjX2Y	How Do You Sleep?	Sam Smith	4222131	32	12	10	3
30	6V9fHiv84WlVTg7CSnIVY2	Graveyard	Halsey	4158891	33	4	18	3
31	3s4mrPrEFFPF0LmAfutW0n	The London (feat. J. Cole & Travis Scott)	Young Thug	4078284	30	8	8	-1
32	51Fjme0JiitpyXKuyQiCDo	Lalala	Y2K	3923721	29	15	12	-3
33	1rgnBhdG2JDFTbYkYRZAku	Dance Monkey	Tones And I	3750861	51	10	33	18
34	7sWRlDoTDX8geTR8zzr2vt	Hollywood's Bleeding	Post Malone	3749973	27	4	10	-7
35	77KMttn3Lic7ZQKDlPqp8v	INTRO	DaBaby	3711127	15	2	15	-20
36	1GeNui6m825V8jP4uKiIaH	Bad Bad Bad (feat. Lil Baby)	Young Thug	3644476	37	8	9	1
37	0UPBidRYcgJ2mjZlk08V8x	F.N	Lil Tjay	3641075	41	9	37	4
38	4SDgTLDYrJ2UrHbkRkg7MD	Panini - DaBaby Remix	Lil Nas X	3487688	38	4	34	0
39	5hDAT527wXWNBnJlujhuUs	Stuck In A Dream (feat. Gunna)	Lil Mosey	3479649	68	3	39	29
40	7xQAfvXzm3AkraOtGPWIZg	Wow.	Post Malone	3416264	39	4	26	-1
41	6uFn47ACjqYkc0jADwEdj1	Pop Out (feat. Lil Tjay)	Polo G	3337660	43	18	8	2
42	2C6WXnmZ66tHhHlnvwePiK	Die For Me (feat. Future & Halsey)	Post Malone	3294953	34	4	12	-8
43	2xyx0o4xNOLLjBSbOOdcbA	Playing Games (with Bryson Tiller) - Extended Version	Summer Walker	3273885	nan	1	43	new
44	3NkJNL3WqO1Lqc3uNDxvCN	Don’t Call Me Angel (Charlie’s Angels) (with Miley Cyrus & Lana Del Rey)	Ariana Grande	3273198	36	4	5	-8
45	12Fkyg9lpmaz2zmKOfw2Y2	On The Road (feat. Meek Mill & Lil Baby)	Post Malone	3247240	40	4	16	-5
46	0Ryd8975WihbObpp5cPW1t	boyfriend (with Social House)	Ariana Grande	3223361	42	10	2	-4
47	1dGr1c8CrMLDpV6mPbImSI	Lover	Taylor Swift	3144856	50	7	1	3
48	4guBZjUyrGoHsTahO3IHdj	Did It Again	Lil Tecca	3123209	nan	1	48	new
49	2JvzF1RMd7lE3KmFlsyZD8	MIDDLE CHILD	J. Cole	3117072	54	38	1	5
50	3TTMUI5dFcbeNSDTTDY9M8	Come Thru (with Usher)	Summer Walker	3049722	nan	1	50	new
51	3QzAOrNlsabgbMwlZt7TAY	Ballin' (with Roddy Ricch)	Mustard	3039416	91	10	51	40
52	2xLMifQCjDGFmkHkpNLD9h	SICKO MODE	Travis Scott	2874292	77	62	1	25
53	6TqXcAFInzjp0bODyvrWEq	Talk (feat. Disclosure)	Khalid	2852981	57	27	6	4
54	2WsuSYJNXGKXVYkHPnq2yp	Ransom (with Juice WRLD) - Remix	Lil Tecca	2848799	nan	1	54	new
55	5aUSEPNd3m5xliFK4pn5mU	Good Thing (with Kehlani)	Zedd	2848770	95	2	55	40
56	7LzouaWGFCy4tkXDOOnEyM	Liar	Camila Cabello	2825634	61	5	39	5
57	7x9nXsowok1JszkVztI5NI	Writing on the Wall (feat. Post Malone & Cardi B)	French Montana	2780250	44	2	44	-13
58	4B7fTyj1FIPvP9tT5X3DnR	Behind Barz - Bonus	Drake	2774222	58	4	37	0
59	0c7K73roy6RW4ebDkf4yGh	VALENTINO	24kGoldn	2725168	92	4	59	33
60	78QR3Wp35dqAhFEc2qAGjE	Drip Too Hard (Lil Baby & Gunna)	Lil Baby	2706154	69	53	1	9
61	6moU77g9RQyMzHNuKEaQKq	It's You	Ali Gatie	2680283	65	17	17	4
62	0hVXuCcriWRGvwMV1r5Yn9	I Don't Care (with Justin Bieber)	Ed Sheeran	2621145	63	13	9	1
63	1CCDIow4pPYyJYzhtTUYz2	RAW SHIT (feat. Migos)	DaBaby	2617208	25	2	25	-38
64	0rFQ5cKYJ9WtHSKp9sxVYt	Heartless (feat. Morgan Wallen)	Diplo	2603428	67	8	62	3
65	6RRNNciQGZEXnqk8SQ9yv5	You Need To Calm Down	Taylor Swift	2582875	62	7	8	-3
66	5N1o6d8zGcSZSeMFkOUQOk	Hot Girl Summer (feat. Nicki Minaj & Ty Dolla $ign)	Megan Thee Stallion	2580039	52	9	8	-14
67	2FvD20Z8aoWIePi7PoN8sG	TOES (feat. Lil Baby & Moneybagg Yo)	DaBaby	2566592	26	2	26	-41
68	2IRZnDFmlqMuOrYOLnZZyc	Going Bad (feat. Drake)	Meek Mill	2553202	72	45	2	4
69	1wJRveJZLSb1rjhnUHQiv6	Swervin (feat. 6ix9ine)	A Boogie Wit da Hoodie	2544585	70	42	7	1
70	67XyC1GdSkKb9sbRRkUDXS	Shotta Flow (Feat. Blueface) [Remix]	NLE Choppa	2541089	49	15	20	-21
71	40nPimvmG05WYS7983bawZ	Cry for Me	Camila Cabello	2538852	nan	1	71	new
72	00ko9WaS4jOX1kEk3gvHjf	Hot Shower	Chance the Rapper	2511964	84	11	10	12
73	0rIAC4PXANcKmitJfoqmVm	Motivation	Normani	2507152	71	8	26	-2
74	4a6q8CR2hzLk2plDkSxkfD	I.F.L.Y.	Bazzi	2493559	76	9	28	2
75	285pBltuF7vW8TeWk8hdRR	Lucid Dreams	Juice WRLD	2478651	87	44	11	12
76	0rKtyWc8bvkriBthvHKY8d	SLOW DANCING IN THE DARK	Joji	2474140	78	49	41	2
77	7eBqSVxrzQZtK2mmgRG6lC	Murder On My Mind	YNW Melly	2469245	79	55	4	2
78	43zdsphuZLzwA9k4DJhU0I	when the party's over	Billie Eilish	2457158	86	28	5	8
79	2J0NXdHr6MYvKDSxB7k3V2	A Thousand Bad Times	Post Malone	2450568	60	4	20	-19
80	3XiNC94b4Tq1xwv70sQJGN	Sanguine Paradise	Lil Uzi Vert	2432203	85	27	6	5
81	3GJ4hzg4lrGwU51Y3VARbF	Speechless	Dan + Shay	2420489	106	62	81	25
82	5KBARWIxeMGkvUax9VtVC9	My Type	Saweetie	2418534	80	14	44	-2
83	6wo37KVqFJhtuxPTpLCcfe	Takeaway (feat. Lennon Stella)	The Chainsmokers	2417914	93	11	18	10
84	5hVghJ4KaYES3BFUATCYn0	EARFQUAKE	Tyler, The Creator	2415757	83	21	1	-1
85	2YpeDb67231RjR0MgVLzsG	Old Town Road - Remix	Lil Nas X	2409651	73	11	16	-12
86	0u2P5u6lvoDfwTYjAADbn4	lovely (with Khalid)	Billie Eilish	2390714	88	55	24	2
87	2zjGJ0dChMR0KxBZS15aqo	Baguettes in the Face (feat. NAV, Playboi Carti & A Boogie Wit da Hoodie)	Mustard	2389410	53	15	34	-34
88	4fwo6czG5nvOQMzhOto1ya	Lonely (with Jonas Brothers)	Diplo	2364215	74	2	74	-14
89	322tcqPhma7F6hfCeLisx0	fuck, i'm lonely	Lauv	2270070	99	10	31	10
90	2TH65lNHgvLxCKXM3apjxI	Callaita	Bad Bunny	2259915	90	19	41	0
91	7rvyVWja33WG9R97oeJAjx	Envy Me	Calboy	2258322	94	19	29	3
92	4e0FYxSROat25pH16zMTZI	Love Me	Lil Tecca	2257263	nan	1	92	new
93	0e7ipj03S05BNilyu5bRzt	rockstar (feat. 21 Savage)	Post Malone	2241230	100	76	9	7
94	6zeeWid2sgw4lap2jV61PZ	Better	Khalid	2188753	102	50	10	8
95	6ocbgoVGwYJhOv1GgI9NsF	7 rings	Ariana Grande	2172126	101	35	1	6
96	6gBFPUFcJLzWGx4lenP6h2	goosebumps	Travis Scott	2165826	122	145	16	26
97	3j84U36KvLeXNDPv4t5pI8	Pure Water (with Migos)	Mustard	2146547	103	15	38	6
98	7dt6x5M1jzdTEt8oCbisTK	Better Now	Post Malone	2146403	104	76	1	6
99	6Hj9jySrnFppAI0sEMCZpJ	Robbery	Juice WRLD	2142075	111	31	3	12
100	2rMAtCaTj16NptyVfEIeAC	Cash Shit (feat. DaBaby)	Megan Thee Stallion	2134395	98	15	69	-2
101	14SaZBTjxlorHJQxXh01Hu	Girls Need Love (with Drake) - Remix	Summer Walker	2130532	nan	5	80	re-enter
102	2dpaYNEQHiRxtZbfNsse99	Happier	Marshmello	2102284	110	60	8	8
103	7FGq80cy8juXBCD2nrqdWU	Eastside (with Halsey & Khalid)	benny blanco	2099136	105	44	25	2
104	4Qxn47gWPSucovKrMyRf1z	Stretch You Out (feat. A Boogie wit da Hoodie)	Summer Walker	2097060	nan	1	104	new
105	22vgEDb5hykfaTwLuskFGD	Sucker	Jonas Brothers	2086048	107	18	10	2
106	1ckLp8lCl8LipXI0ypX72m	I'm Gonna Be	Post Malone	2080822	82	4	27	-24
107	4hPpVbbakQNv8YTHYaOJP4	One Thing Right	Marshmello	2079886	75	16	15	-32
108	2rxQMGVafnNaRaXlRMWPde	Beautiful Crazy	Luke Combs	2053898	121	66	61	13
109	75ZvA4QfFiZvzhj2xkaWAh	I Fall Apart	Post Malone	2044968	119	108	2	10
110	1YscJ7yVTlFxW3eF6pv5ba	Allergic	Post Malone	2041944	89	4	33	-21
111	3ee8Jmje8o58CHK66QrVC2	SAD!	XXXTENTACION	1987589	117	82	1	6
112	6foY66mWZN0pSRjZ408c00	Whiskey Glasses	Morgan Wallen	1977877	125	30	66	13
113	42fw0rxRO2xbesF6mJfd4Y	Tequila	Dan + Shay	1966792	153	66	60	40
114	2ksOAxtIxY8yElEWw8RhgK	China	Anuel AA	1964741	112	12	25	-2
115	4cTm3Ev9bUvy4ChJjB1nhl	Juicy	Doja Cat	1949168	130	5	115	15
116	2bT1PH7Cw3J9p3t7nlXCdh	If I Can't Have You	Shawn Mendes	1947634	114	11	32	-2
117	5KE9b4x7Zj2A8XtbkqhqTe	Staring At The Sun (feat. SZA)	Post Malone	1944741	96	4	34	-21
118	7EkiMl81fUHVwpItgtzI4r	I'll Kill You (feat. Jhené Aiko)	Summer Walker	1944614	nan	1	118	new
119	3WyRgi8CzQnhzO0xw79tTS	Goin Baby	DaBaby	1935631	109	25	67	-10
120	26wLOs3ZuHJa2Ihhx6QIE6	Teeth	5 Seconds of Summer	1935154	116	7	66	-4
121	0k664IuFwVP557Gnx7RhIl	Juice	Lizzo	1930761	113	25	71	-8
122	0fea68AdmYNygeTGI4RC18	LA CANCIÓN	J Balvin	1928859	115	15	43	-7
123	0BOmhToQ03yOdpzYKMEnAg	Baby Birkin	Gunna	1923788	129	9	113	6
124	6oJ6le65B3SEqPwMRNXWjY	Higher Love	Kygo	1921786	128	15	28	4
125	5p7ujcrUXASCNwRaWNHR1C	Without Me	Halsey	1904592	127	53	5	2
126	0y675KDleCZEudjoeL1sQQ	Feelings	Lauv	1904483	133	3	102	7
127	2tnVG71enUj33Ic2nFN6kZ	Ride It	Regard	1878075	140	3	127	13
128	2t8yVaLvJ0RenpXUIAC52d	a lot	21 Savage	1859645	146	42	7	18
129	7m9OqQk4RVRkw9JJdeAw96	Jocelyn Flores	XXXTENTACION	1847315	132	111	3	3
130	4hWgC5BV5M7EtTleKVXNxw	Playing Games	Summer Walker	1845523	nan	1	130	new
131	1iQDltZqI7BXnHrFy4Qo1k	Trampoline (with ZAYN)	SHAED	1840404	nan	1	131	new
132	7f1zjZG77S891Uv4O68yfk	Baby Sitter (feat. Offset)	DaBaby	1828857	120	22	61	-12
133	5WnfnSpuNEGXyEt78PBA6d	Costa Rica (with Bas & JID feat. Guapdad 4000, Reese LAFLARE, Jace, Mez, Smokepurpp, Buddy & Ski Mask The Slump God)	Dreamville	1820489	118	14	31	-15
134	0Rx0DJI556Ix5gBny6EWmn	Paradise	Bazzi	1820295	126	9	57	-8
135	3cphb8kdsjElYR7r5icK3H	Nice To Meet Ya	Niall Horan	1805450	nan	1	135	new
136	7nfmK6oHPDlAd68A11d7AN	Beer Never Broke My Heart	Luke Combs	1805444	184	14	85	48
137	7zLYKWcXnYeHHWidalz7rj	Noticed	Lil Mosey	1802427	138	15	134	1
138	2TsD9kSbgYx5fSNRsoNURE	POP STAR (feat. Kevin Gates)	DaBaby	1783237	47	2	47	-91
139	3Ol2xnObFdKV9pmRD2t9x8	Look Back at It	A Boogie Wit da Hoodie	1780616	134	42	9	-5
140	0JP9xo3adEtGSdUEISiszL	Moonlight	XXXTENTACION	1769408	139	82	3	-1
141	3e9HZxeyfWwjeyPAMmWSSQ	thank u, next	Ariana Grande	1762781	142	35	7	1
142	1kK6DwzyXJSp58u5HYWwuD	Go Loko (feat. Tyga, Jon Z)	YG	1761282	131	20	17	-11
143	6K4t31amVTZDgR3sKmwUJJ	The Less I Know The Better	Tame Impala	1757688	155	6	143	12
144	3g8sG483Es7NcJyXgkF1nT	Big Booty (feat. Megan Thee Stallion)	Gucci Mane	1748303	nan	1	144	new
145	4SSnFejRGlZikf02HLewEF	bury a friend	Billie Eilish	1746237	148	28	4	3
146	4R8BJggjosTswLxtkw8V7P	No Me Conoce - Remix	Jhay Cortez	1731935	135	17	119	-11
147	6CcJMwBtXByIz4zQLzFkKc	i love you	Billie Eilish	1715464	143	28	17	-4
148	6kyT7ubem08Egg9a8f77OL	Self Control	YoungBoy Never Broke Again	1715123	147	5	114	-1
149	2Rk4JlNc2TPmZe2af99d45	ME! (feat. Brendon Urie of Panic! At The Disco)	Taylor Swift	1705002	137	7	23	-12
150	0FZ4Dmg8jJJAPJnvBIzD9z	ZEZE (feat. Travis Scott & Offset)	Kodak Black	1704288	163	43	4	13
151	4VXIryQMWpIdGgYR4TrjT1	All Girls Are The Same	Juice WRLD	1702531	160	44	66	9
152	6eSU1exzDvBEXmBRxspeh5	Shots	Lil Tecca	1697831	nan	1	152	new
153	7GX5flRQZVHRAGd6B4TmDO	XO Tour Llif3	Lil Uzi Vert	1697744	156	111	2	3
154	6vN77lE9LK6HP2DewaN6HZ	Yes Indeed	Lil Baby	1686207	161	73	2	7
155	5rU6kDNXZLXIinFezpbWbO	Tap (feat. Meek Mill)	NAV	1683023	151	23	50	-4
156	2cvOfKHOHgwQlLiuLKP2xR	Myself	Post Malone	1681060	123	4	48	-33
157	4Of7rzpRpV1mWRbhp5rAqG	Bruises	Lewis Capaldi	1669657	177	4	157	20
158	2xE16muNCmhZwSOv3i1d1H	Mood Swings	A Boogie Wit da Hoodie	1669490	144	4	57	-14
159	4ZT9FnbFu1PaBfV3itxiqT	I	Lil Skies	1658179	159	32	16	0
160	7AQim7LbvFVZJE3O8TYgf2	Fuck Love (feat. Trippie Redd)	XXXTENTACION	1632195	169	111	8	9
161	4hanO6Du5J7QEguNHYZHmw	Daddy (feat. Rich The Kid)	Blueface	1628587	124	9	75	-37
162	5kfNriitmkNE8mUbZ7gbq8	Saturday Nights	Khalid	1623592	166	50	14	4
163	1ThmUihH9dF8EV08ku5AXN	Faucet Failure	Ski Mask The Slump God	1620649	167	44	27	4
164	6IRdLKIyS4p7XNiP8r6rsx	all the good girls go to hell	Billie Eilish	1619720	188	17	8	24
165	6Qs4SXO9dwPj5GKvVOv8Ki	Dancing With A Stranger (with Normani)	Sam Smith	1613561	162	39	12	-3
166	7vxLj7MREliG5i5vSnqSVr	Body	Summer Walker	1606208	nan	1	166	new
167	3a1lNhkSLSkpJE4MSHpDu9	Congratulations	Post Malone	1603674	178	145	5	11
168	6PYnUsNEpYC7A4BS2sjw3L	Right Back (feat. A Boogie Wit Da Hoodie)	Khalid	1597698	150	10	68	-18
169	43rA71bccXFGD4C8GOpIlN	I Forgot That You Existed	Taylor Swift	1590726	149	7	5	-20
170	6MF4tRr5lU8qok8IKaFOBE	Under The Sun (with J. Cole & Lute feat. DaBaby)	Dreamville	1589630	154	10	15	-16
171	5qrSlOut2rNAWv3ubArkNy	Be Alright	Dean Lewis	1588310	185	21	87	14
172	6xcJyGpfZbuuiequtnlKt4	BUTTERFLY EFFECT	Travis Scott	1587373	nan	30	26	re-enter
173	2iUXsYOEPhVqEBwsqP70rE	Youngblood	5 Seconds of Summer	1585174	172	69	17	-1
174	0TlLq3lA83rQOYtrqBqSct	Nonstop	Drake	1584797	198	64	5	24
175	2VxeLyX666F8uXCJ0dZF8B	Shallow	Lady Gaga	1584011	175	53	10	0
176	3A2yGHWIzmGEIolwonU69h	Act Up	City Girls	1583794	176	27	66	0
177	2P91MQbaiQOfbiz9VqhqKQ	I Like Me Better	Lauv	1583339	181	69	79	4
178	1rqqCSm0Qe4I9rUvWncaom	High Hopes	Panic! At The Disco	1579513	173	68	13	-5
179	0WoAkdHmgPmEXfiBox1flk	GOSPEL (feat. Chance The Rapper, Gucci Mane & YK Osiris)	DaBaby	1574537	45	2	45	-134
180	6qNB2ChCVPepl5ZjVJJTUW	STUPID (feat. Yung Baby Tate)	Ashnikko	1573197	nan	1	180	new
181	3npzogdOEiVsieXmmhBepL	The Bones	Maren Morris	1572916	141	20	60	-40
182	0DiDStADDVh3SvAsoJAFMk	Only Human	Jonas Brothers	1566998	179	18	12	-3
183	36orMWv2PgvnzXsd5CJ0yL	Post Malone (feat. RANI)	Sam Feldt	1563286	174	8	135	-9
184	0pzWCDSuVRX7m95EFOxVa0	Drunk Dialing...LODT	Summer Walker	1561953	nan	1	184	new
185	5wujBwqG7INdStqGd4tRMX	Armed And Dangerous	Juice WRLD	1560018	196	43	24	11
186	7sO5G9EABYOXQKNPNiE9NR	Ric Flair Drip (& Metro Boomin)	Offset	1559752	194	101	4	8
187	3Fj47GNK2kUF0uaEDgXLaD	wish you were gay	Billie Eilish	1556222	183	28	3	-4
188	4OBZT9EnhYIV17t4pGw7ig	Best Part (feat. Daniel Caesar)	H.E.R.	1554449	191	66	68	3
189	4u7EnebtmKWzUH433cf5Qv	Bohemian Rhapsody - 2011 Mix	Queen	1550818	186	29	76	-3
190	2uIX8YMNjGMD7441kqyyNU	ocean eyes	Billie Eilish	1548432	190	58	78	0
191	3swc6WTsr7rl9DqQKQA55C	Psycho (feat. Ty Dolla $ign)	Post Malone	1534031	192	76	2	1
192	08tq1XcHwVt5PHXUo87i0D	All To Myself	Dan + Shay	1531937	nan	7	155	re-enter
193	1c0hsvHLELX6y8qymnpLKL	Soltera - Remix	Lunay	1527459	164	18	60	-29
194	1BxfuPKGuaTgP7aM0Bbdwr	Cruel Summer	Taylor Swift	1527048	152	7	4	-42
195	3e39X4Q74yJzsYUEeyf4ws	OFF THE RIP	DaBaby	1519717	46	2	46	-149
196	7cyeGclH71MayOuQ7qtLFl	BIG	Young M.A	1516364	nan	1	196	new
197	1SNiXDwSilLujcYdvfqVpT	Call You Mine	The Chainsmokers	1510081	182	7	149	-15
198	4e4fqjx0Izh4svvTef1z7e	Meant to Be (feat. Florida Georgia Line)	Bebe Rexha	1509005	195	68	44	-3
199	6kls8cSlUyHW2BUOkDJIZE	Hate Me (with Juice WRLD)	Ellie Goulding	1508352	170	15	51	-29
200	7lAK3oHbfEnvUQWosrMMpR	YOSEMITE	Travis Scott	1502722	nan	45	7	re-enter
