position	song_id	song_name	artist	streams	last_week_position	weeks_on_chart	peak_position	position_status
1	6u7jPi22kF8CTQ3rb9DHE7	Old Town Road (feat. Billy Ray Cyrus) - Remix	Lil Nas X	20673623	nan	1	1	new
2	53CJANUxooaqGOtdsBTh7O	Old Town Road	Lil Nas X	15186440	2	4	2	0
3	2Fxmhks0bxGSBdJ92vM42m	bad guy	Billie Eilish	13890824	1	2	1	-2
4	3KkXRkHbMCARz0aVfEt68P	Sunflower - Spider-Man: Into the Spider-Verse	Post Malone	8696363	6	15	1	2
5	3Fj47GNK2kUF0uaEDgXLaD	wish you were gay	Billie Eilish	8165235	3	2	3	-2
6	2JvzF1RMd7lE3KmFlsyZD8	MIDDLE CHILD	J. Cole	7808654	9	12	1	3
7	1wJRveJZLSb1rjhnUHQiv6	Swervin (feat. 6ix9ine)	A Boogie Wit da Hoodie	7378430	12	16	7	5
8	6TqXcAFInzjp0bODyvrWEq	Talk (feat. Disclosure)	Khalid	7292412	nan	1	8	new
9	09oZ9eXQ2fo6YDrPzJqAoP	Outta My Head (with John Mayer)	Khalid	7094716	nan	1	9	new
10	6zeeWid2sgw4lap2jV61PZ	Better	Khalid	6978918	40	24	10	30
11	6MWtB6iiXyIwun0YzU6DFP	Wow.	Post Malone	6948506	14	16	2	3
12	4SSnFejRGlZikf02HLewEF	bury a friend	Billie Eilish	6887623	4	2	4	-8
13	2XKFnwB6djxrJCjR3PdeRb	My Bad	Khalid	6679962	nan	1	13	new
14	7eBqSVxrzQZtK2mmgRG6lC	Murder On My Mind	YNW Melly	6618213	13	29	4	-1
15	2IRZnDFmlqMuOrYOLnZZyc	Going Bad (feat. Drake)	Meek Mill	6523365	16	19	2	1
16	6ocbgoVGwYJhOv1GgI9NsF	7 rings	Ariana Grande	6439592	15	9	1	-1
17	4y3OI86AEP6PQoDE6olYhO	Sucker	Jonas Brothers	6385996	19	6	1	2
18	43zdsphuZLzwA9k4DJhU0I	when the party's over	Billie Eilish	6176551	5	2	5	-13
19	6tsOcBnaKgzK22yEiqRh8P	MONOPOLY (with Victoria Monét)	Ariana Grande	5512870	52	2	19	33
20	63cd4JkwGgYJrbOizbfmsp	Pure Water (with Migos)	Mustard	5453259	25	12	13	5
21	6vWEAOUSxohKxhp0K1BsxL	Mixed Personalities (feat. Kanye West)	YNW Melly	5324871	24	12	12	3
22	6Hj9jySrnFppAI0sEMCZpJ	Robbery	Juice WRLD	5229177	22	5	3	0
23	5kfNriitmkNE8mUbZ7gbq8	Saturday Nights	Khalid	5131881	55	24	14	32
24	4kV4N9D1iKVxx1KLvtTpjS	break up with your girlfriend, i'm bored	Ariana Grande	5080706	21	9	1	-3
25	3Tc57t9l2O8FwQZtQOvPXK	my strange addiction	Billie Eilish	5076956	10	2	10	-15
26	4QIo4oxwzzafcBWkKjDpXY	xanny	Billie Eilish	4998364	7	2	7	-19
27	3XF5xLJHOQQRbWya6hBp7d	you should see me in a crown	Billie Eilish	4973748	11	2	11	-16
28	1E6DEDWDKHoOW0fcFuDghV	Don't Pretend (feat. SAFE)	Khalid	4973336	nan	1	28	new
29	6IRdLKIyS4p7XNiP8r6rsx	all the good girls go to hell	Billie Eilish	4909126	8	2	8	-21
30	4pUCKHjJ4Ijewc37rRrvHn	Kill This Love	BLACKPINK	4767088	nan	1	30	new
31	2t8yVaLvJ0RenpXUIAC52d	a lot	21 Savage	4644463	26	16	7	-5
32	78QR3Wp35dqAhFEc2qAGjE	Drip Too Hard (Lil Baby & Gunna)	Lil Baby	4620959	27	27	1	-5
33	6ya8ejoKgw906Y8LWclqrp	Racks in the Middle (feat. Roddy Ricch and Hit-Boy)	Nipsey Hussle	4493543	58	2	33	25
34	3QmolSZqjjLksTUvZJ6pPS	Cool	Jonas Brothers	4324557	nan	1	34	new
35	1ThmUihH9dF8EV08ku5AXN	Faucet Failure	Ski Mask The Slump God	4207689	30	18	29	-5
36	2vsuel3g4zaLYSOY0mOMbi	Bad Luck	Khalid	4146097	nan	1	36	new
37	3Ol2xnObFdKV9pmRD2t9x8	Look Back at It	A Boogie Wit da Hoodie	4039101	35	16	9	-2
38	05t7JMip6JrLuSrMV5yYjX	Envy Me	Calboy	4015447	37	15	37	-1
39	5p7ujcrUXASCNwRaWNHR1C	Without Me	Halsey	3987874	34	27	5	-5
40	1NJcg626wLln4pGHpiV7mf	lovely	Billie Eilish	3971050	41	18	36	1
41	2qxmye6gAegTMjLKEBoR3d	Let Me Down Slowly	Alec Benjamin	3949567	51	13	41	10
42	2xLMifQCjDGFmkHkpNLD9h	SICKO MODE	Travis Scott	3945982	32	36	1	-10
43	5A1w94uzc1kO1Zhe8WWxC3	Right Back	Khalid	3945373	nan	1	43	new
44	2dpaYNEQHiRxtZbfNsse99	Happier	Marshmello	3937560	36	34	8	-8
45	6CcJMwBtXByIz4zQLzFkKc	i love you	Billie Eilish	3880613	17	2	17	-28
46	3oh6SCCeLuXhFpEyepla6G	Thotiana	Blueface	3863457	31	14	9	-15
47	3e9HZxeyfWwjeyPAMmWSSQ	thank u, next	Ariana Grande	3836034	33	9	7	-14
48	5icOoE6VgqFKohjWWNp0Ac	Here With Me	Marshmello	3818561	39	5	16	-9
49	2kAIpGWnlFLQh48iut6Zzq	Free Spirit	Khalid	3784529	nan	1	49	new
50	7qEKqBCD2vE5vIBsrUitpD	ilomilo	Billie Eilish	3757979	18	2	18	-32
51	7FGq80cy8juXBCD2nrqdWU	Eastside (with Halsey & Khalid)	benny blanco	3639599	46	18	25	-5
52	285pBltuF7vW8TeWk8hdRR	Lucid Dreams	Juice WRLD	3576569	42	18	11	-10
53	0tMSssfxAL2oV8Vri0mFHE	listen before i go	Billie Eilish	3545319	20	2	20	-33
54	7njKgVl3AnLflRad38o7AG	Paradise	Bazzi	3510962	nan	1	54	new
55	6Qs4SXO9dwPj5GKvVOv8Ki	Dancing With A Stranger (with Normani)	Sam Smith	3406610	43	13	12	-12
56	5BfMJ6iytQnu1r7iiCYSXe	Intro	Khalid	3381544	nan	1	56	new
57	0HEckRWFSknIupbGzavk5d	Hundred	Khalid	3359118	nan	1	57	new
58	1xzBco0xcoJEDXktl7Jxrr	Mo Bamba	Sheck Wes	3353220	49	27	1	-9
59	2VxeLyX666F8uXCJ0dZF8B	Shallow	Lady Gaga	3336838	48	27	10	-11
60	7dt6x5M1jzdTEt8oCbisTK	Better Now	Post Malone	3333363	50	50	1	-10
61	0PG9fbaaHFHfre2gUVo7AN	Please Me	Cardi B	3331291	44	8	15	-17
62	4ZT9FnbFu1PaBfV3itxiqT	I	Lil Skies	3210807	45	6	16	-17
63	0FZ4Dmg8jJJAPJnvBIzD9z	ZEZE (feat. Travis Scott & Offset)	Kodak Black	3170310	47	17	4	-16
64	6X29iaaazwho3ab7GNue5r	8	Billie Eilish	3159641	23	2	23	-41
65	6fOOKqQWcSy33ApU1wqkkW	Paradise	Khalid	3159605	nan	1	65	new
66	1WqLtczgKdbHFHhefOU0y7	Self	Khalid	3151953	nan	1	66	new
67	1NgCWYuBLfqBDA3b8MgSVU	Twenty One	Khalid	3082816	nan	1	67	new
68	3ee8Jmje8o58CHK66QrVC2	SAD!	XXXTENTACION	3048819	54	56	1	-14
69	7COXchtUOMd6uIT6HvmRaI	i'm so tired...	Lauv	2969044	56	11	23	-13
70	2rxQMGVafnNaRaXlRMWPde	Beautiful Crazy	Luke Combs	2916199	66	40	66	-4
71	3KLo7ByvjCNyBrfz5DZ2mO	Splashin	Rich The Kid	2889829	53	3	27	-18
72	14mHfNsSHN0FbLftyjrV9g	Leave Me Alone	Flipp Dinero	2869715	61	32	10	-11
73	5WHTFyqSii0lmT9R21abT8	Don't Call Me Up	Mabel	2849382	71	9	69	-2
74	2G1tXoGBaEMJ7FKGnkf6ud	Wake Up in the Sky	Gucci Mane	2828477	57	18	13	-17
75	0JP9xo3adEtGSdUEISiszL	Moonlight	XXXTENTACION	2769426	60	56	3	-15
76	1rqqCSm0Qe4I9rUvWncaom	High Hopes	Panic! At The Disco	2756073	67	42	13	-9
77	3npzogdOEiVsieXmmhBepL	The Bones	Maren Morris	2739293	68	5	60	-9
78	5wujBwqG7INdStqGd4tRMX	Armed And Dangerous	Juice WRLD	2701791	63	18	24	-15
79	0e7ipj03S05BNilyu5bRzt	rockstar (feat. 21 Savage)	Post Malone	2682201	73	50	9	-6
80	42w7pX3r1TpLR0i55Ek5ND	Bluffin'	Khalid	2664734	nan	1	80	new
81	2GGMabyHXnJmjY6CXhhB2e	Money	Cardi B	2649085	64	25	17	-17
82	25sgk305KZfyuqVBQIahim	Sweet but Psycho	Ava Max	2609033	76	27	36	-6
83	1fewSx2d5KIZ04wsooEBOz	Space Cadet (feat. Gunna)	Metro Boomin	2564532	72	21	37	-11
84	40T5GIqQ1CegGm2PTEl8Bu	idontwannabeyouanymore	Billie Eilish	2525249	62	18	48	-22
85	5w9c2J52mkdntKOmRLeM2m	Con Calma	Daddy Yankee	2489717	69	9	45	-16
86	12VqHHz4wvVcnEdSivjLeQ	Alive	Khalid	2486612	nan	1	86	new
87	2H4gf1wLxvYreMj1jcaN0k	Be Alright	Dean Lewis	2485739	80	3	67	-7
88	3XiNC94b4Tq1xwv70sQJGN	Sanguine Paradise	Lil Uzi Vert	2434075	nan	1	88	new
89	13ZyrkCDmRz5xY3seuAWYk	Hear Me Calling	Juice WRLD	2431218	65	5	16	-24
90	5AjINjwKyRvQJhSe2zpPHi	Pop Out (feat. Lil Tjay)	Polo G	2424030	86	3	86	-4
91	7m9OqQk4RVRkw9JJdeAw96	Jocelyn Flores	XXXTENTACION	2420263	81	85	3	-10
92	577YBGuskWkVDCxZrLRB4v	Pure Cocaine	Lil Baby	2397199	70	19	52	-22
93	3A2yGHWIzmGEIolwonU69h	Act Up	City Girls	2390220	nan	1	93	new
94	116H0KvKr2Zl4RPuVBruDO	MIA (feat. Drake)	Bad Bunny	2386266	84	26	2	-10
95	75ZvA4QfFiZvzhj2xkaWAh	I Fall Apart	Post Malone	2374967	93	82	2	-2
96	0NJp8GyCOWnQh71xKSPfuV	Freaky	Tory Lanez	2372291	79	4	79	-17
97	0fcq51a3gOI6gPvzc0YLsk	Wow. - Remix	Post Malone	2353762	82	3	75	-15
98	5IaHrVsrferBYDm0bDyABy	Taste (feat. Offset)	Tyga	2347962	94	47	4	-4
99	0TlLq3lA83rQOYtrqBqSct	Nonstop	Drake	2342389	88	38	5	-11
100	3LgWsmilsrWXiPYQFRD0T7	goodbye	Billie Eilish	2342287	29	2	29	-71
101	3swc6WTsr7rl9DqQKQA55C	Psycho (feat. Ty Dolla $ign)	Post Malone	2338976	95	50	2	-6
102	0Hgqglypzt6Qs5Duqskcqs	Heaven	Khalid	2334364	nan	1	102	new
103	4hqOmrCCJKyiuwDexd8c2t	Price On My Head (feat. The Weeknd)	NAV	2307566	77	2	77	-26
104	6vN77lE9LK6HP2DewaN6HZ	Yes Indeed	Lil Baby	2300132	98	47	2	-6
105	4u7EnebtmKWzUH433cf5Qv	Bohemian Rhapsody - 2011 Mix	Queen	2298894	90	3	76	-15
106	6eiztdXRkooWsBt2xToMWI	Make Believe	Juice WRLD	2279409	74	5	24	-32
107	0rKtyWc8bvkriBthvHKY8d	SLOW DANCING IN THE DARK	Joji	2274107	92	23	41	-15
108	2uIX8YMNjGMD7441kqyyNU	ocean eyes	Billie Eilish	2236393	83	32	78	-25
109	7pMRoGLEJuFM2wl5pt0R99	Legacy (feat. Travis Scott & 21 Savage)	Offset	2235753	106	7	19	-3
110	58q2HKrzhC3ozto2nDdN4z	I Like It	Cardi B	2231363	102	53	3	-8
111	0jAfdqv18goRTUxm3ilRjb	Startender (feat. Offset and Tyga)	A Boogie Wit da Hoodie	2221886	85	16	17	-26
112	7ql71hBakyMi0Lxiq3Mugs	Who Do You Love	The Chainsmokers	2203135	nan	1	112	new
113	2iUXsYOEPhVqEBwsqP70rE	Youngblood	5 Seconds of Summer	2194510	105	43	17	-8
114	6JQvHMSaR8flFsN53ypOfP	Noticed	Lil Mosey	2183965	100	25	23	-14
115	7sO5G9EABYOXQKNPNiE9NR	Ric Flair Drip (& Metro Boomin)	Offset	2182531	104	76	4	-11
116	4TWflhgevIGo448fWc6mQq	Red Room	Offset	2172965	78	7	22	-38
117	5SHhPFh68OhUmuRPymKX9d	Undrunk	FLETCHER	2164476	89	5	82	-28
118	5JEx7HbmvHQQswJCsoo9rA	Close To Me (with Diplo) (feat. Swae Lee)	Ellie Goulding	2140975	110	24	33	-8
119	4VXIryQMWpIdGgYR4TrjT1	All Girls Are The Same	Juice WRLD	2140188	101	18	66	-18
120	2MShy1GSSgbmGUxADNIao5	Calling My Spirit	Kodak Black	2132722	91	17	31	-29
121	51NFxnQvaosfDDutk0tams	bellyache	Billie Eilish	2132012	99	23	49	-22
122	42fw0rxRO2xbesF6mJfd4Y	Tequila	Dan + Shay	2122344	120	40	60	-2
123	6MjNilJCVKJq0LfFvo5jWJ	Fast	Juice WRLD	2122058	59	5	8	-64
124	5Z3GHaZ6ec9bsiI5BenrbY	Young Dumb & Broke	Khalid	2105138	129	104	6	5
125	39xWBHPM4E9MwzEy5gbM7p	Last Time That I Checc'd (feat. YG)	Nipsey Hussle	2091752	122	2	122	-3
126	7AQim7LbvFVZJE3O8TYgf2	Fuck Love (feat. Trippie Redd)	XXXTENTACION	2054713	112	85	8	-14
127	6ZRuF2n1CQxyxxAAWsKJOy	Nights Like This (feat. Ty Dolla $ign)	Kehlani	2042659	111	7	30	-16
128	2P91MQbaiQOfbiz9VqhqKQ	I Like Me Better	Lauv	2035888	123	44	79	-5
129	4dAMdQ6g4kGmnc1MDHsg77	Shotta Flow	NLE Choppa	2034108	115	4	115	-14
130	7GX5flRQZVHRAGd6B4TmDO	XO Tour Llif3	Lil Uzi Vert	2020215	114	85	2	-16
131	4e4fqjx0Izh4svvTef1z7e	Meant to Be (feat. Florida Georgia Line)	Bebe Rexha	2018965	124	42	44	-7
132	6GSkLS2y4ZnnZsuRAj975K	Project Dreams	Marshmello	2008803	119	11	119	-13
133	152lZdxL1OR0ZMW6KquMif	Location	Khalid	1994291	134	117	9	1
134	3a1lNhkSLSkpJE4MSHpDu9	Congratulations	Post Malone	1991139	121	119	5	-13
135	7uH27oIt4a6cIFCA8ZPcyG	Baila Baila Baila	Ozuna	1969907	116	10	100	-19
136	6DCZcSspjsKoFjzjrWoCdn	God's Plan	Drake	1962728	126	38	16	-10
137	6fIjnWrv46njJHLDAY2JdC	Dedication (feat. Kendrick Lamar)	Nipsey Hussle	1951615	117	2	117	-20
138	4SPu0Ql902hTVXkBoNIYtq	NASA	Ariana Grande	1943175	103	9	3	-35
139	2gwkD6igEhQbDQegRCcdoB	Suge	DaBaby	1939370	166	2	139	27
140	41MCdlvXOl62B7Kv86Bb1v	Empty	Juice WRLD	1939050	97	5	13	-43
141	3GJ4hzg4lrGwU51Y3VARbF	Speechless	Dan + Shay	1934606	132	36	85	-9
142	4XiGKQqbmnMVxDzUj6j3f2	Worth It	YK Osiris	1933907	125	6	119	-17
143	1TEL6MlSSVLSdhOSddidlJ	needy	Ariana Grande	1914847	109	9	4	-34
144	1WSGTYKLEpKfNQYYW5Oymt	I Can’t Get Enough (benny blanco, Selena Gomez, J Balvin, Tainy)	benny blanco	1900869	107	6	27	-37
145	4qKcDkK6siZ7Jp1Jb4m0aL	Look Alive (feat. Drake)	BlocBoy JB	1899907	133	61	3	-12
146	4w8niZpiMy6qz1mntFA5uM	Taki Taki (with Selena Gomez, Ozuna & Cardi B)	DJ Snake	1872163	127	28	7	-19
147	4VUwkH455At9kENOfzTqmF	Beautiful (feat. Camila Cabello)	Bazzi	1861193	142	36	30	-5
148	7AFASza1mXqntmGtbxXprO	changes	XXXTENTACION	1834017	131	56	7	-17
149	3R9j8urSPiBbapNbyuSYkE	Grinding All My Life	Nipsey Hussle	1822973	138	3	138	-11
150	5T8EDUDqKcs6OSOwEsfqG7	Don't Stop Me Now - 2011 Mix	Queen	1810085	135	19	102	-15
151	7KXjTSCq5nL1LoYtL7XAwS	HUMBLE.	Kendrick Lamar	1804236	150	105	1	-1
152	74lnM5V6ecvoTPV0fvptx9	Nuketown (feat. Juice WRLD)	Ski Mask The Slump God	1799376	130	19	18	-22
153	7hzlzoOwCZ4D3Ow5YZK4kj	Insomnia	Daya	1795591	182	2	153	29
154	7uzmGiiJyRfuViKKK3lVmR	Mine	Bazzi	1773743	157	52	16	3
155	01DOm09B2AbiTARAbXVI6g	CHopstix (with Travis Scott)	ScHoolboy Q	1768936	nan	1	155	new
156	6gBFPUFcJLzWGx4lenP6h2	goosebumps	Travis Scott	1767869	149	119	16	-7
157	4OBZT9EnhYIV17t4pGw7ig	Best Part (feat. Daniel Caesar)	H.E.R.	1764414	137	45	68	-20
158	25F6MWrnFBCXVnpN4n76EK	Keanu Reeves	Logic	1762324	128	12	13	-30
159	62vpWI1CHwFy7tMIcSStl8	No Role Modelz	J. Cole	1761784	145	94	71	-14
160	5W83ErFkO3aKAIS1WMi6u0	Secreto	Anuel AA	1715777	140	12	92	-20
161	4NBTZtAt1F13VvlSKe6KTl	This Feeling	The Chainsmokers	1707496	147	16	104	-14
162	45Egmo7icyopuzJN0oMEdk	Love Lies (with Normani)	Khalid	1700011	173	60	9	11
163	7lAK3oHbfEnvUQWosrMMpR	YOSEMITE	Travis Scott	1695940	143	36	7	-20
164	3oDkdAySo1VQQG0ptV7uwa	Lean Wit Me	Juice WRLD	1694622	144	18	79	-20
165	3CA9pLiwRIGtUBiMjbZmRw	Nice For What	Drake	1690228	161	38	12	-4
166	7fa9MBXhVfQ8P8Df9OEbD8	Girls Like You (feat. Cardi B)	Maroon 5	1674551	158	43	9	-8
167	5274I4mUMnYczyeXkGDWZN	Fine China	Future	1669455	152	25	6	-15
168	2qG5sZ7Si6sdK74qLxedYM	Con Altura	ROSALÍA	1667149	136	2	136	-32
169	4n7jnSxVLd8QioibtTDBDq	On My Way	Alan Walker	1665408	nan	1	169	new
170	7DHApOHsIFo7EyfieArYGE	Walk Me Home	P!nk	1664078	163	7	130	-7
171	2qT1uLXPVPzGgFOx4jtEuo	no tears left to cry	Ariana Grande	1658481	160	34	18	-11
172	1KVczjazCcCCgM3gXXUl47	Roses (with Juice WRLD feat. Brendon Urie)	benny blanco	1658387	153	18	46	-19
173	4dTiQezDWmEOWcdCbWVWMp	Numb Numb Juice	ScHoolboy Q	1649533	118	4	23	-55
174	2G7V7zsVDxg1yRsu7Ew9RJ	In My Feelings	Drake	1648767	164	38	1	-10
175	3wLtYwtqvKK2ewelSVPeDK	Die Young	Roddy Ricch	1645494	146	2	146	-29
176	4iVD0fTHGxV9JWloujsL3s	Double Up (feat. Belly and Dom Kennedy)	Nipsey Hussle	1625257	148	2	148	-28
177	32lItqlMi4LBhb4k0BaSaC	Candy Paint	Post Malone	1605652	171	49	17	-6
178	09IStsImFySgyp0pIQdqAc	The Middle	Zedd	1602929	168	43	8	-10
179	51w9Jbat1pLeWINGCpnQUR	TAlk tO Me (with Rich The Kid feat. Lil Wayne) - Remix	Tory Lanez	1598830	151	13	123	-28
180	39LmTF9RgyakzSYX8txrow	imagine	Ariana Grande	1582479	139	9	13	-41
181	6foY66mWZN0pSRjZ408c00	Whiskey Glasses	Morgan Wallen	1566393	191	4	178	10
182	2qGfZAgDe1pV2y5xJAhi6R	Slime Belief	YoungBoy Never Broke Again	1527477	167	8	150	-15
183	3GVkPk8mqxz0itaAriG1L7	Everybody Dies In Their Nightmares	XXXTENTACION	1526829	169	85	15	-14
184	698eQRku24PIYPQPHItKlA	She Got the Best of Me	Luke Combs	1526360	200	6	163	16
185	0ZNrc4kNeQYD9koZ3KvCsy	BIG BANK (feat. 2 Chainz, Big Sean, Nicki Minaj)	YG	1522632	172	36	24	-13
186	2swZ0X1njeU32SNJeBKIfW	Inmortal	Aventura	1519370	nan	1	186	new
187	4QIyEq7TcTdAcxjI2AFlAK	FEFE	6ix9ine	1512242	179	18	37	-8
188	2Jh3UqxnHJMyzMzku4uOtE	Feeling	Juice WRLD	1507498	165	5	55	-23
189	79esEXlqqmq0GPz0xQSZTV	Lost In Japan	Shawn Mendes	1507155	180	10	140	-9
190	5iwz1NiezX7WWjnCgY5TH4	Calma - Remix	Pedro Capó	1499759	185	15	114	-5
191	1zB4vmk8tFRmM9UULNzbLB	Thunder	Imagine Dragons	1494891	194	32	109	3
192	4jvjzW7Hm0yK4LvvE0Paz9	Falling Down - Bonus Track	Lil Peep	1491997	176	22	16	-16
193	6PfI6EeLNiNGVAVg11nv7D	Speed It Up	Gunna	1487811	192	7	55	-1
194	1HXy5I3HTWq8OvxCn0z7G7	Heaven	Kane Brown	1484293	nan	47	60	re-enter
195	0pqnGHJpmpxLKifKRmU6WP	Believer	Imagine Dragons	1477026	197	29	124	2
196	7vGuf3Y35N4wmASOKLUVVU	Silence	Marshmello	1471386	nan	69	10	re-enter
197	5uCax9HTNlzGybIStD3vDh	Say You Won't Let Go	James Arthur	1471212	187	93	15	-10
198	5nzhL67GpF9szXWg5y509A	Close Friends (Lil Baby & Gunna)	Lil Baby	1469645	183	25	39	-15
199	0FQhAHyHGsrbSHvDURmFPn	my boy	Billie Eilish	1465147	154	12	147	-45
200	4EnEGf9JzAJhF1XNY9DJcD	West Coast (feat. Blueface, ALLBLACK & YG)	G-Eazy	1463743	nan	1	200	new
