position	song_id	song_name	artist	streams	last_week_position	weeks_on_chart	peak_position	position_status
1	51MMC5DogGZAnHil5HQAXg	Circles	Post Malone	18574069	nan	1	1	new
2	7C39RtGhnEw7cyf0Pyw7PV	Saint-Tropez	Post Malone	14926901	nan	1	2	new
3	4Yq3XUNfWrAPWuB94qkC09	Take What You Want (feat. Ozzy Osbourne & Travis Scott)	Post Malone	14921150	nan	1	3	new
4	6UFEJuDXQMWhL5UH5f9fUR	Enemies (feat. DaBaby)	Post Malone	14419790	nan	1	4	new
5	77Y7tccX9Hx5iClDr39uy9	Hollywood's Bleeding	Post Malone	13769233	nan	1	5	new
6	6vBdBCoOhKHiYDDOcorfNo	Goodbyes (Feat. Young Thug)	Post Malone	13091332	5	10	1	-1
7	59PYPDxTbqJpiGfyogPb5h	Die For Me (feat. Future & Halsey)	Post Malone	11784859	nan	1	7	new
8	0hGH0S74Eoyv6mXZcOKtdQ	On The Road (feat. Meek Mill & Lil Baby)	Post Malone	10982542	nan	1	8	new
9	4VqTRBvYg0z8C4nsl4Hupy	Sunflower - Spider-Man: Into the Spider-Verse	Post Malone	10694200	nan	1	9	new
10	3hFG4jR5stnIQJDI64KlJY	A Thousand Bad Times	Post Malone	10355405	nan	1	10	new
11	6EOKwHETwSkZ9gW2b6ASE0	Ransom	Lil Tecca	9850962	2	2	2	-9
12	4LIbjDbLweGCrHVw8QbMSb	Allergic	Post Malone	9447755	nan	1	12	new
13	4hDoWaIklSVAKLocU3IDBr	I'm Gonna Be	Post Malone	9341772	nan	1	13	new
14	2leIuE4fdcJoNMSKu5Yr7a	Staring At The Sun (feat. SZA)	Post Malone	8960342	nan	1	14	new
15	5qmq61DAAOUaW8AUo8xKhh	Truth Hurts	Lizzo	8053220	3	19	3	-12
16	2ve5NyzWHUbIYxL33goCX7	Wow.	Post Malone	7746001	nan	1	16	new
17	6v3KW9xbzN5yKLt9YKDYA2	Señorita	Shawn Mendes	6980238	4	7	2	-13
18	4YgtN1HasxdDlrrZIggYxn	Myself	Post Malone	6942740	nan	1	18	new
19	6fTt0CH2t0mdeB2N9XFG5r	Panini	Lil Nas X	6716794	11	12	2	-8
20	2sfZgYusD8bBvB7qWekvSx	I Know	Post Malone	6683184	nan	1	20	new
21	4RzpCjByV1NWUGKVQGuej6	Internet	Post Malone	6627081	nan	1	21	new
22	6XHVuErjQ4XNm6nDPVCxVX	No Guidance (feat. Drake)	Chris Brown	6496849	7	11	6	-15
23	5ry2OE6R2zPQFDO85XkgRb	Money In The Grave (Drake ft. Rick Ross)	Drake	6297598	8	13	1	-15
24	7qEHsqek33rTcFNT9PFqLf	Someone You Loved	Lewis Capaldi	5610374	13	17	13	-11
25	3s4mrPrEFFPF0LmAfutW0n	The London (feat. J. Cole & Travis Scott)	Young Thug	5432065	9	4	8	-16
26	1dGr1c8CrMLDpV6mPbImSI	Lover	Taylor Swift	5081004	6	3	1	-20
27	5MPPttjfGap2C6j6eKcO6J	Baby (Lil Baby feat. DaBaby)	Quality Control	5053615	20	4	14	-7
28	2Fxmhks0bxGSBdJ92vM42m	bad guy	Billie Eilish	5012662	14	24	1	-14
29	5Z8HZM6iQMhhqyPcCGY5g9	Hot (feat. Gunna)	Young Thug	4919025	27	4	20	-2
30	2gwkD6igEhQbDQegRCcdoB	Suge	DaBaby	4876035	16	24	4	-14
31	70eFcWOvlMObDhURTqT4Fv	Beautiful People (feat. Khalid)	Ed Sheeran	4857010	18	9	6	-13
32	1GeNui6m825V8jP4uKiIaH	Bad Bad Bad (feat. Lil Baby)	Young Thug	4806315	24	4	9	-8
33	0Ryd8975WihbObpp5cPW1t	boyfriend (with Social House)	Ariana Grande	4724348	15	6	2	-18
34	51Fjme0JiitpyXKuyQiCDo	Lalala	Y2K	4512470	19	11	12	-15
35	3Yh9lZcWyKrK9GjbhuS0hR	Good as Hell	Lizzo	4495504	22	4	22	-13
36	7aiClxsDWFRQ0Kzk5KI5ku	hot girl bummer	blackbear	4459069	31	3	31	-5
37	6alCTRgBPoeAFi2N4il9Q4	Did It Again	Lil Tecca	4407811	21	2	21	-16
38	6b2RcmUt1g9N9mQ3CbjX2Y	How Do You Sleep?	Sam Smith	4277902	25	8	10	-13
39	7LzouaWGFCy4tkXDOOnEyM	Liar	Camila Cabello	4200702	nan	1	39	new
40	5N1o6d8zGcSZSeMFkOUQOk	Hot Girl Summer (feat. Nicki Minaj & Ty Dolla $ign)	Megan Thee Stallion	3944249	29	5	8	-11
41	3RauEVgRgj1IuWdJ9fDs70	The Man	Taylor Swift	3864333	12	3	3	-29
42	2zjGJ0dChMR0KxBZS15aqo	Baguettes in the Face (feat. NAV, Playboi Carti & A Boogie Wit da Hoodie)	Mustard	3837358	38	11	34	-4
43	0DZJACISivjWjscIp5Kg1q	Ransom (with Juice WRLD) - Remix	Lil Tecca	3811261	30	2	30	-13
44	4sjiIpEv617LDXaidKioOI	223's (feat. 9lokknine)	YNW Melly	3773368	57	4	44	13
45	6uFn47ACjqYkc0jADwEdj1	Pop Out (feat. Lil Tjay)	Polo G	3743717	34	14	8	-11
46	44ADyYoY5liaRa3EOAl4uf	Slide Away	Miley Cyrus	3725425	33	4	22	-13
47	6RRNNciQGZEXnqk8SQ9yv5	You Need To Calm Down	Taylor Swift	3724763	17	3	8	-30
48	67XyC1GdSkKb9sbRRkUDXS	Shotta Flow (Feat. Blueface) [Remix]	NLE Choppa	3537619	36	11	20	-12
49	3TLwAp3uX1nKsVxrDhNPOL	Love Me	Lil Tecca	3482193	32	2	32	-17
50	0rIAC4PXANcKmitJfoqmVm	Motivation	Normani	3256485	40	4	26	-10
51	6TqXcAFInzjp0bODyvrWEq	Talk (feat. Disclosure)	Khalid	3236992	43	23	6	-8
52	2YpeDb67231RjR0MgVLzsG	Old Town Road - Remix	Lil Nas X	3234298	37	7	16	-15
53	1BxfuPKGuaTgP7aM0Bbdwr	Cruel Summer	Taylor Swift	3180122	23	3	4	-30
54	2JvzF1RMd7lE3KmFlsyZD8	MIDDLE CHILD	J. Cole	3172826	48	34	1	-6
55	0UPBidRYcgJ2mjZlk08V8x	F.N	Lil Tjay	3165198	62	5	55	7
56	2ksOAxtIxY8yElEWw8RhgK	China	Anuel AA	3033674	49	8	25	-7
57	322tcqPhma7F6hfCeLisx0	fuck, i'm lonely	Lauv	3021233	46	6	31	-11
58	1rgnBhdG2JDFTbYkYRZAku	Dance Monkey	Tones And I	3011501	44	6	44	-14
59	5xjei7JnROsAzLY2a7RdZU	Shots	Lil Tecca	2987729	35	2	35	-24
60	0hVXuCcriWRGvwMV1r5Yn9	I Don't Care (with Justin Bieber)	Ed Sheeran	2975139	45	9	9	-15
61	5hVghJ4KaYES3BFUATCYn0	EARFQUAKE	Tyler, The Creator	2963685	52	17	1	-9
62	43rA71bccXFGD4C8GOpIlN	I Forgot That You Existed	Taylor Swift	2927142	28	3	5	-34
63	3UYiU57SMiAS5LqolhHJw1	Shameless	Camila Cabello	2882584	nan	1	63	new
64	643PW82aBMUa1FiWi5VQY7	Babushka Boi	A$AP Rocky	2833246	26	2	26	-38
65	2xLMifQCjDGFmkHkpNLD9h	SICKO MODE	Travis Scott	2827228	55	58	1	-10
66	6moU77g9RQyMzHNuKEaQKq	It's You	Ali Gatie	2810450	56	13	17	-10
67	2IRZnDFmlqMuOrYOLnZZyc	Going Bad (feat. Drake)	Meek Mill	2735811	64	41	2	-3
68	3XiNC94b4Tq1xwv70sQJGN	Sanguine Paradise	Lil Uzi Vert	2717898	73	23	6	5
69	4a6q8CR2hzLk2plDkSxkfD	I.F.L.Y.	Bazzi	2717100	58	5	28	-11
70	1wJRveJZLSb1rjhnUHQiv6	Swervin (feat. 6ix9ine)	A Boogie Wit da Hoodie	2682801	69	38	7	-1
71	78QR3Wp35dqAhFEc2qAGjE	Drip Too Hard (Lil Baby & Gunna)	Lil Baby	2659454	71	49	1	0
72	2TH65lNHgvLxCKXM3apjxI	Callaita	Bad Bunny	2658792	68	15	41	-4
73	4hPpVbbakQNv8YTHYaOJP4	One Thing Right	Marshmello	2614384	70	12	15	-3
74	5KBARWIxeMGkvUax9VtVC9	My Type	Saweetie	2603702	81	10	44	7
75	285pBltuF7vW8TeWk8hdRR	Lucid Dreams	Juice WRLD	2601815	75	40	11	0
76	26wLOs3ZuHJa2Ihhx6QIE6	Teeth	5 Seconds of Summer	2559836	66	3	66	-10
77	7rvyVWja33WG9R97oeJAjx	Envy Me	Calboy	2540029	74	15	29	-3
78	0e7ipj03S05BNilyu5bRzt	rockstar (feat. 21 Savage)	Post Malone	2529658	93	72	9	15
79	7eBqSVxrzQZtK2mmgRG6lC	Murder On My Mind	YNW Melly	2516627	80	51	4	1
80	43zdsphuZLzwA9k4DJhU0I	when the party's over	Billie Eilish	2495309	84	24	5	4
81	0u2P5u6lvoDfwTYjAADbn4	lovely (with Khalid)	Billie Eilish	2465479	83	51	24	2
82	7dt6x5M1jzdTEt8oCbisTK	Better Now	Post Malone	2464418	86	72	1	4
83	5rU6kDNXZLXIinFezpbWbO	Tap (feat. Meek Mill)	NAV	2459781	78	19	50	-5
84	1kK6DwzyXJSp58u5HYWwuD	Go Loko (feat. Tyga, Jon Z)	YG	2421297	77	16	17	-7
85	00ko9WaS4jOX1kEk3gvHjf	Hot Shower	Chance the Rapper	2412106	87	7	10	2
86	2Rk4JlNc2TPmZe2af99d45	ME! (feat. Brendon Urie of Panic! At The Disco)	Taylor Swift	2389910	54	3	23	-32
87	2rMAtCaTj16NptyVfEIeAC	Cash Shit (feat. DaBaby)	Megan Thee Stallion	2377595	89	11	69	2
88	6ocbgoVGwYJhOv1GgI9NsF	7 rings	Ariana Grande	2377249	82	31	1	-6
89	6wo37KVqFJhtuxPTpLCcfe	Takeaway (feat. Lennon Stella)	The Chainsmokers	2375698	65	7	18	-24
90	22vgEDb5hykfaTwLuskFGD	Sucker	Jonas Brothers	2375304	79	14	10	-11
91	6cjSh516BbrNUs213jDAGm	Graduation (with Juice WRLD)	benny blanco	2368458	39	2	39	-52
92	6hLkeOMrhZ2CMLBp2of576	Wanted	OneRepublic	2362910	nan	1	92	new
93	5WnfnSpuNEGXyEt78PBA6d	Costa Rica (with Bas & JID feat. Guapdad 4000, Reese LAFLARE, Jace, Mez, Smokepurpp, Buddy & Ski Mask The Slump God)	Dreamville	2355238	103	10	31	10
94	3j84U36KvLeXNDPv4t5pI8	Pure Water (with Migos)	Mustard	2353563	85	11	38	-9
95	6zeeWid2sgw4lap2jV61PZ	Better	Khalid	2320880	94	46	10	-1
96	4y5bvROuBDPr5fuwXbIBZR	Paper Rings	Taylor Swift	2316715	42	3	9	-54
97	0k664IuFwVP557Gnx7RhIl	Juice	Lizzo	2313759	76	21	71	-21
98	6Hj9jySrnFppAI0sEMCZpJ	Robbery	Juice WRLD	2292928	98	27	3	0
99	2bT1PH7Cw3J9p3t7nlXCdh	If I Can't Have You	Shawn Mendes	2245633	92	7	32	-7
100	7FGq80cy8juXBCD2nrqdWU	Eastside (with Halsey & Khalid)	benny blanco	2245083	95	40	25	-5
101	6PYnUsNEpYC7A4BS2sjw3L	Right Back (feat. A Boogie Wit Da Hoodie)	Khalid	2239499	88	6	68	-13
102	0fea68AdmYNygeTGI4RC18	LA CANCIÓN	J Balvin	2227822	101	11	43	-1
103	2dpaYNEQHiRxtZbfNsse99	Happier	Marshmello	2194862	97	56	8	-6
104	75ZvA4QfFiZvzhj2xkaWAh	I Fall Apart	Post Malone	2152298	115	104	2	11
105	0Rx0DJI556Ix5gBny6EWmn	Paradise	Bazzi	2141135	102	5	57	-3
106	0rKtyWc8bvkriBthvHKY8d	SLOW DANCING IN THE DARK	Joji	2138519	107	45	41	1
107	2YWtcWi3a83pdEg3Gif4Pd	I Think He Knows	Taylor Swift	2128635	51	3	11	-56
108	3ee8Jmje8o58CHK66QrVC2	SAD!	XXXTENTACION	2112238	118	78	1	10
109	7f1zjZG77S891Uv4O68yfk	Baby Sitter (feat. Offset)	DaBaby	2111170	109	18	61	0
110	3GJ4hzg4lrGwU51Y3VARbF	Speechless	Dan + Shay	2108902	106	58	84	-4
111	4hanO6Du5J7QEguNHYZHmw	Daddy (feat. Rich The Kid)	Blueface	2108802	99	5	75	-12
112	3QzAOrNlsabgbMwlZt7TAY	Ballin' (with Roddy Ricch)	Mustard	2083010	126	6	112	14
113	0BOmhToQ03yOdpzYKMEnAg	Baby Birkin	Gunna	2056678	121	5	113	8
114	6kyT7ubem08Egg9a8f77OL	Self Control	YoungBoy Never Broke Again	2049876	nan	1	114	new
115	214nt20w5wOxJnY462klLw	Miss Americana & The Heartbreak Prince	Taylor Swift	2042603	53	3	13	-62
116	6gBFPUFcJLzWGx4lenP6h2	goosebumps	Travis Scott	2037180	111	141	16	-5
117	2B9wgj9XzbJZLty03PRbVo	Bezerk (feat. A$AP Ferg)	Big Sean	2035675	50	2	50	-67
118	6osaMSJh9NguagEDQcZaKx	Loco Contigo (feat. J. Balvin & Tyga)	DJ Snake	2015057	105	7	79	-13
119	3WyRgi8CzQnhzO0xw79tTS	Goin Baby	DaBaby	2008244	117	21	67	-2
120	5p7ujcrUXASCNwRaWNHR1C	Without Me	Halsey	1998812	123	49	5	3
121	3Ol2xnObFdKV9pmRD2t9x8	Look Back at It	A Boogie Wit da Hoodie	1979252	120	38	9	-1
122	7po7c8LzxTZ0ybU41qT5gD	Show & Tell	Melanie Martinez	1978075	nan	1	122	new
123	6oJ6le65B3SEqPwMRNXWjY	Higher Love	Kygo	1970155	116	11	28	-7
124	1LLXZFeAHK9R4xUramtUKw	London Boy	Taylor Swift	1966602	60	3	16	-64
125	12M5uqx0ZuwkpLp5rJim1a	Cornelia Street	Taylor Swift	1959327	59	3	15	-66
126	3AEgic4yp82NxMWUjHtxnO	Uno	Ambjaay	1948754	112	10	79	-14
127	5dW1VZPcFqB4n0P08rGDgm	The Git Up	Blanco Brown	1915159	96	13	34	-31
128	2t8yVaLvJ0RenpXUIAC52d	a lot	21 Savage	1913971	129	38	7	1
129	57OBlxZRcRyHFdlXlsHP7G	Strawberry Shortcake	Melanie Martinez	1902248	nan	1	129	new
130	2rxQMGVafnNaRaXlRMWPde	Beautiful Crazy	Luke Combs	1897791	134	62	61	4
131	0JP9xo3adEtGSdUEISiszL	Moonlight	XXXTENTACION	1892925	162	78	3	31
132	4R8BJggjosTswLxtkw8V7P	No Me Conoce - Remix	Jhay Cortez	1878648	133	13	119	1
133	2dgFqt3w9xIQRjhPtwNk3D	Death By A Thousand Cuts	Taylor Swift	1868919	63	3	18	-70
134	3swc6WTsr7rl9DqQKQA55C	Psycho (feat. Ty Dolla $ign)	Post Malone	1868824	146	72	2	12
135	3e9HZxeyfWwjeyPAMmWSSQ	thank u, next	Ariana Grande	1868004	135	31	7	0
136	3pHkh7d0lzM2AldUtz2x37	The Archer	Taylor Swift	1863184	67	3	17	-69
137	6TL3MOcVW8i1UiJkvhpDbR	Carry Me Away	John Mayer	1853666	nan	1	137	new
138	6foY66mWZN0pSRjZ408c00	Whiskey Glasses	Morgan Wallen	1852735	127	26	66	-11
139	2plUcsOZm6pi1kFUncqLni	Wheels on the Bus	Melanie Martinez	1845577	nan	1	139	new
140	2qMnZF5Ja2WvmfbblByQza	Soltera (Remix)	Lunay	1844648	132	4	99	-8
141	0rFQ5cKYJ9WtHSKp9sxVYt	Heartless (feat. Morgan Wallen)	Diplo	1839163	124	4	81	-17
142	4SSnFejRGlZikf02HLewEF	bury a friend	Billie Eilish	1834515	139	24	4	-3
143	7m9OqQk4RVRkw9JJdeAw96	Jocelyn Flores	XXXTENTACION	1830870	148	107	3	5
144	3a1lNhkSLSkpJE4MSHpDu9	Congratulations	Post Malone	1827598	152	141	5	8
145	7BlBVFwvbWvcwNcUarQmjk	Yo x Ti, Tu x Mi	ROSALÍA	1819446	128	4	117	-17
146	4ak7xjvBeBOcJGWFDX9w5n	Rodeo	Lil Nas X	1807836	130	12	9	-16
147	36orMWv2PgvnzXsd5CJ0yL	Post Malone (feat. RANI)	Sam Feldt	1797496	145	4	135	-2
148	7zLYKWcXnYeHHWidalz7rj	Noticed	Lil Mosey	1776000	167	11	148	19
149	0FZ4Dmg8jJJAPJnvBIzD9z	ZEZE (feat. Travis Scott & Offset)	Kodak Black	1772161	156	39	4	7
150	3LxG9HkMMFP0MZuiw3O2rF	Good Things Fall Apart (with Jon Bellion)	ILLENIUM	1771835	125	4	102	-25
151	2sqsNXfN0HtgDEgaHXiUTa	Won't Be Late (feat. Drake)	Swae Lee	1754804	104	4	34	-47
152	0Oqc0kKFsQ6MhFOLBNZIGX	Doin' Time	Lana Del Rey	1753624	61	2	61	-91
153	4VXIryQMWpIdGgYR4TrjT1	All Girls Are The Same	Juice WRLD	1751289	159	40	66	6
154	4bTZeO72FwMa6wKOiqoynL	Otro Trago - Remix	Sech	1739253	144	7	84	-10
155	6Qs4SXO9dwPj5GKvVOv8Ki	Dancing With A Stranger (with Normani)	Sam Smith	1739084	154	35	12	-1
156	4fRzunTZ51UC0oNwoVqiKB	Nurse's Office	Melanie Martinez	1738660	nan	1	156	new
157	7nfmK6oHPDlAd68A11d7AN	Beer Never Broke My Heart	Luke Combs	1722500	158	10	85	1
158	2iUXsYOEPhVqEBwsqP70rE	Youngblood	5 Seconds of Summer	1717774	166	65	17	8
159	1ThmUihH9dF8EV08ku5AXN	Faucet Failure	Ski Mask The Slump God	1714586	165	40	27	6
160	1rqqCSm0Qe4I9rUvWncaom	High Hopes	Panic! At The Disco	1706330	169	64	13	9
161	6vN77lE9LK6HP2DewaN6HZ	Yes Indeed	Lil Baby	1689731	174	69	2	13
162	0DiDStADDVh3SvAsoJAFMk	Only Human	Jonas Brothers	1680141	141	14	12	-21
163	6kls8cSlUyHW2BUOkDJIZE	Hate Me (with Juice WRLD)	Ellie Goulding	1678908	138	11	51	-25
164	3A2yGHWIzmGEIolwonU69h	Act Up	City Girls	1674769	153	23	66	-11
165	5kfNriitmkNE8mUbZ7gbq8	Saturday Nights	Khalid	1674118	170	46	14	5
166	1SymEzIT3H8UZfibCs3TYi	Afterglow	Taylor Swift	1670976	91	3	25	-75
167	7GX5flRQZVHRAGd6B4TmDO	XO Tour Llif3	Lil Uzi Vert	1666121	177	107	2	10
168	42fw0rxRO2xbesF6mJfd4Y	Tequila	Dan + Shay	1666032	176	62	60	8
169	6CcJMwBtXByIz4zQLzFkKc	i love you	Billie Eilish	1663537	179	24	17	10
170	6viCrMdt8zgjOygIuJMC5X	Lunchbox Friends	Melanie Martinez	1663440	nan	1	170	new
171	2ZGvw7BpnUHG89yt8fNxH7	Out Of Luck	Lil Tecca	1661147	108	2	108	-63
172	6xcJyGpfZbuuiequtnlKt4	BUTTERFLY EFFECT	Travis Scott	1647709	151	28	26	-21
173	2P91MQbaiQOfbiz9VqhqKQ	I Like Me Better	Lauv	1644663	190	65	79	17
174	4ZT9FnbFu1PaBfV3itxiqT	I	Lil Skies	1639965	186	28	16	12
175	7fYNunIzTO7yAHBQtvq8Fc	The Principal	Melanie Martinez	1639943	nan	1	175	new
176	2VxeLyX666F8uXCJ0dZF8B	Shallow	Lady Gaga	1631835	178	49	10	2
177	4e4fqjx0Izh4svvTef1z7e	Meant to Be (feat. Florida Georgia Line)	Bebe Rexha	1629345	182	64	44	5
178	4XiGKQqbmnMVxDzUj6j3f2	Worth It	YK Osiris	1626250	172	28	71	-6
179	2uIX8YMNjGMD7441kqyyNU	ocean eyes	Billie Eilish	1620648	191	54	78	12
180	3707IBa4HnS3zDDoWfeUBl	I Warned Myself	Charlie Puth	1610523	131	3	131	-49
181	4u7EnebtmKWzUH433cf5Qv	Bohemian Rhapsody - 2011 Mix	Queen	1605837	173	25	76	-8
182	4kV4N9D1iKVxx1KLvtTpjS	break up with your girlfriend, i'm bored	Ariana Grande	1597437	164	31	1	-18
183	3Fj47GNK2kUF0uaEDgXLaD	wish you were gay	Billie Eilish	1594638	192	24	3	9
184	7AQim7LbvFVZJE3O8TYgf2	Fuck Love (feat. Trippie Redd)	XXXTENTACION	1593684	194	107	8	10
185	37pf8jSeCGlzgQPIfVHO6X	Class Fight	Melanie Martinez	1590516	nan	1	185	new
186	7sO5G9EABYOXQKNPNiE9NR	Ric Flair Drip (& Metro Boomin)	Offset	1585607	nan	97	4	re-enter
187	14mHfNsSHN0FbLftyjrV9g	Leave Me Alone	Flipp Dinero	1579597	184	54	10	-3
188	0TlLq3lA83rQOYtrqBqSct	Nonstop	Drake	1575438	188	60	5	0
189	58q2HKrzhC3ozto2nDdN4z	I Like It	Cardi B	1565748	187	75	3	-2
190	2JdIqJBbIiwEah4ejqIWGj	Big Rocks (Offset feat. Young Thug)	Quality Control	1562454	163	4	90	-27
191	5qrSlOut2rNAWv3ubArkNy	Be Alright	Dean Lewis	1553140	nan	17	87	re-enter
192	32lItqlMi4LBhb4k0BaSaC	Candy Paint	Post Malone	1545731	nan	54	17	re-enter
193	5wujBwqG7INdStqGd4tRMX	Armed And Dangerous	Juice WRLD	1543334	nan	39	24	re-enter
194	4OBZT9EnhYIV17t4pGw7ig	Best Part (feat. Daniel Caesar)	H.E.R.	1542785	nan	62	68	re-enter
195	5PYQUBXc7NYeI1obMKSJK0	Never Really Over	Katy Perry	1539866	175	15	10	-20
196	3RIgHHpnFKj5Rni1shokDj	Norman fucking Rockwell	Lana Del Rey	1536746	41	2	41	-155
197	18uwL0vNUanqZH0ro2QcOP	comethru	Jeremy Zucker	1536052	200	9	163	3
198	6U0FIYXCQ3TGrk4tFpLrEA	SUGAR	BROCKHAMPTON	1531214	168	3	77	-30
199	1s71G3V7XQaVo5IOR6gLbp	homecoming queen?	Kelsea Ballerini	1526815	nan	1	199	new
200	7lAK3oHbfEnvUQWosrMMpR	YOSEMITE	Travis Scott	1526679	171	44	7	-29
